{"friesland-Huizum-Oost":[1495.178644739802,0.13774061809140722],"friesland-Huizum-West":[1015.0338652848603,0.09572256968648866],"utrecht-Kattenbroek":[1220.7422670984463,0.07798606608405412],"gelderland-Malvert":[1201.9381408555412,0.12410370566354498],"zuid_holland-Nieuw-Helvoet":[1690.1863744329464,0.12523828223804576],"groningen-Vinkhuizen":[2387.7326829570193,0.19205518246530037],"utrecht-Binnenstad City- En Winkelgebied":[4173.212415892582,0.41955503835439223],"zuid_holland-Zevenkamp":[177.3185740232931,0.010802030543319427],"zuid_holland-Stolersluis":[2210.1415056864334,0.24583142700163338],"noord_holland-Kersenboogerd":[490.05366626282756,0.023383671784059774],"zuid_holland-Schollevaar":[736.6686183859002,0.029553293639241866],"overijssel-Voorstad":[5389.492417305445,0.3560257416896699],"gelderland-Rijkerswoerd":[729.2553200881454,0.04472958876383369],"gelderland-Weezenhof":[3590.8145977988147,0.26197768387793935],"groningen-Winschoterdiep":[4016.087659169423,0.2658215118614449],"zuid_holland-Vrijenban":[1257.8796210327866,0.09673187406023187],"utrecht-Liendert":[309.3977854714599,0.024158253173894976],"groningen-Schildersbuurt":[146.98095176433802,0.014529227000508325],"zuid_holland-Oud-Charlois":[368.7117459583398,0.023297739571267535],"utrecht-Terwijde":[2226.4097066213453,0.12618579754114675],"zeeland-Terneuzen-West":[1302.1769647239983,0.0834166585377417],"gelderland-Rietkampen":[1120.5722847013074,0.07877452373462639],"zuid_holland-Groente- en Fruitmarkt":[885.8528118858036,0.09171989498581515],"noord_holland-Stadionbuurt":[4760.290690073323,0.4073256226548134],"overijssel-De Meijbree":[284.6309915243156,0.0418993318650143],"groningen-Maarsveld":[281.9239665728148,0.03484996402562955],"noord_holland-Noord":[610.8604457603317,0.052652577441247975],"friesland-Bilgaard":[459.79368043028035,0.0371871805449442],"overijssel-Windmolenbroek":[1420.0790426881288,0.05747564080390873],"noord_holland-Staatsliedenbuurt":[4749.435906029409,0.46654768977303496],"zuid_holland-Morgenstond":[925.2766325254386,0.04647125244621412],"limburg-Donderberg":[1171.667004376434,0.10179561306191083],"utrecht-Dichterswijk, Rivierenwijk":[531.825074580854,0.036095816857860424],"utrecht-Zielhorst":[1121.338134814516,0.09220184881139852],"zuid_holland-Hof van Delft":[2578.6918028310397,0.20303288847611742],"noord_holland-De Pijp":[6110.79864298449,0.3016301991499304],"gelderland-Heideslag":[603.5934806080804,0.08427952399854145],"noord_holland-Vrijschot-Noord":[3051.6428554199133,0.3435039412050125],"noord_brabant-Stiphout":[1892.4209726994243,0.09539893837862769],"noord_holland-Museumkwartier":[3670.214457465094,0.24806981919518317],"zuid_holland-Fascinatio":[1889.6516559334625,0.18825479451748345],"friesland-Techum":[540.6880390404584,0.062347186746566065],"noord_holland-Slotervaart":[1644.6982987550448,0.11277188851480485],"gelderland-Nude":[1064.5362345487745,0.10647914111268014],"gelderland-Dichteren":[1081.2277786497325,0.07537898038823561],"overijssel-De Riet":[455.2543674230827,0.037552849566543325],"zuid_holland-Hillesluis":[1086.5857773946145,0.07351068958125008],"friesland-Westeinde":[783.0722316647048,0.07447753147850812],"overijssel-Rivierenwijk":[40.18619625894186,0.004271049008646627],"zuid_holland-Katendrecht":[1345.6486213066087,0.11150271258511839],"noord_holland-Buitenveldert-West":[6280.512245306195,0.3542192863966489],"noord_holland-De Hoek":[4899.391340381953,0.3485200344542478],"zuid_holland-Het Lage Land":[1081.687530173755,0.07364010430440374],"zuid_holland-Hoog Dalem":[832.3552085227533,0.07125385073836615],"zuid_holland-Heijplaat":[174.69399924180493,0.02172494565042056],"gelderland-Bijsterhuizen":[702.6748649452023,0.06563390972986075],"zuid_holland-Schiebroek":[6919.931130145873,0.38173220510922856],"noord_holland-Jordaan":[3102.6803270806668,0.1733944655414063],"gelderland-Altrade":[1064.0510291415878,0.08935603737426419],"limburg-Maastricht-Oost":[3068.008407613637,0.11489567943453594],"zuid_holland-Cool":[607.5630489933384,0.03994475200909142],"zuid_holland-Kleiwegkwartier":[567.1737463666489,0.04137368631344726],"groningen-Eemspoort":[506.1761061276006,0.0459736561055268],"zuid_holland-Bospolder":[1583.8607583941453,0.13915041200768163],"zuid_holland-Tussendijken":[100.14661189194719,0.009521027366610023],"noord_brabant-Brouwhuis":[1232.0721337198343,0.07083819329911872],"groningen-Helpman":[685.2797004590765,0.05559180971467521],"limburg-Klingerberg":[1686.2990649981798,0.1895153151411128],"groningen-Oosterpoort":[887.6313114777685,0.09089441749137461],"friesland-De Hemrik":[1180.0934464103514,0.07907192689497844],"noord_holland-Vondelparkbuurt":[2975.362541977765,0.3048530340442835],"noord_brabant-Zuidoost":[9692.861647701184,0.44464657706495686],"utrecht-Randenbroek":[525.4013076890809,0.0371272759386188],"noord_holland-Stad van de Zon":[1548.738979118396,0.10385804087659144],"limburg-Roermond-Oost":[1388.8354616321722,0.11680202132485906],"utrecht-Nieuwland":[549.1117122804419,0.03223679682870844],"drenthe-Ter Borch":[2855.4903091875267,0.19242430179639058],"gelderland-Aldenhof":[168.6628472811022,0.01938055391902179],"overijssel-Nieuwstraatkwartier":[733.9868006928973,0.08540779922421689],"average":[1770.8684205500385,0.12961122998270233]}