{"water":1.4438682791371306e-5,"pitch":3.5573566297581476e-6,"scrub":2.929587812742004e-6,"track":1.6740501787097165e-6,"playground":1.2555376340322874e-6,"outdoor_seating":8.370250893548583e-7,"tree_row":8.370250893548583e-7,"grassland":6.277688170161437e-7,"park":4.1851254467742913e-7,"sports_hall":2.0925627233871456e-7,"swimming_pool":2.0925627233871456e-7,"garden":2.0925627233871456e-7,"bleachers":2.0925627233871456e-7,"miniature_golf":2.0925627233871456e-7,"sports_centre":2.0925627233871456e-7,"building_density":0.000431067921017752,"road_density":0.07076213851986121,"fraction_oneway":0.3248868778280543}