{"grass":0.00018302062266476623,"forest":2.0487383134115622e-5,"water":1.0243691567057811e-5,"scrub":9.560778795920624e-6,"pitch":4.0974766268231245e-6,"playground":4.0974766268231245e-6,"wood":1.365825542274375e-6,"residential":1.365825542274375e-6,"industrial":6.829127711371875e-7,"brownfield":6.829127711371875e-7,"building_density":0.002532240555376691,"road_density":0.332625910991514,"fraction_oneway":0.2624633431085044}