{"grass":0.00010295691721172811,"water":3.5310134061784005e-5,"forest":2.527462227580329e-5,"scrub":1.5239110489822572e-5,"tree_row":1.2637311137901645e-5,"playground":1.0035511785980717e-5,"residential":8.54876929916876e-6,"farmland":5.575284325544843e-6,"pitch":4.460227460435875e-6,"shrubbery":1.8584281085149477e-6,"industrial":1.8584281085149477e-6,"sports_centre":1.4867424868119582e-6,"wetland":1.1150568651089687e-6,"education":7.433712434059791e-7,"orchard":7.433712434059791e-7,"recreation_ground":3.7168562170298955e-7,"retail":3.7168562170298955e-7,"military":3.7168562170298955e-7,"marina":3.7168562170298955e-7,"grassland":3.7168562170298955e-7,"track":3.7168562170298955e-7,"garden":3.7168562170298955e-7,"plant_nursery":3.7168562170298955e-7,"construction":3.7168562170298955e-7,"park":3.7168562170298955e-7,"building_density":0.001706408689238425,"road_density":0.26826821489236674,"edge_length":21.913382448835026,"fraction_oneway":0.2607476635514019}