{"grass":4.417370524472632e-5,"water":1.5149826708480146e-5,"forest":1.084408648607e-5,"scrub":6.538346263659853e-6,"tree_row":5.422043243035e-6,"playground":4.305740222410147e-6,"residential":3.667852782053088e-6,"farmland":2.3920779013389704e-6,"pitch":1.913662321071176e-6,"shrubbery":7.973593004463234e-7,"industrial":7.973593004463234e-7,"sports_centre":6.378874403570587e-7,"wetland":4.78415580267794e-7,"education":3.1894372017852936e-7,"orchard":3.1894372017852936e-7,"recreation_ground":1.5947186008926468e-7,"retail":1.5947186008926468e-7,"military":1.5947186008926468e-7,"marina":1.5947186008926468e-7,"grassland":1.5947186008926468e-7,"track":1.5947186008926468e-7,"garden":1.5947186008926468e-7,"plant_nursery":1.5947186008926468e-7,"construction":1.5947186008926468e-7,"park":1.5947186008926468e-7,"building_density":0.0007321353096698142,"road_density":0.11510058160360687,"fraction_oneway":0.2607476635514019}