{"grass":0.0002844801417779806,"forest":0.00011818981735703544,"residential":4.672620686208378e-5,"water":3.252510477654851e-5,"pitch":7.329601076405299e-6,"scrub":6.413400941854636e-6,"playground":6.413400941854636e-6,"tree_row":5.497200807303974e-6,"farmland":3.206700470927318e-6,"garden":1.8324002691013247e-6,"industrial":1.8324002691013247e-6,"wood":1.3743002018259934e-6,"park":1.3743002018259934e-6,"track":1.3743002018259934e-6,"allotments":9.162001345506623e-7,"shrubbery":9.162001345506623e-7,"plant_nursery":4.5810006727533117e-7,"garages":4.5810006727533117e-7,"farmyard":4.5810006727533117e-7,"education":4.5810006727533117e-7,"dog_park":4.5810006727533117e-7,"heath":4.5810006727533117e-7,"construction":4.5810006727533117e-7,"orchard":4.5810006727533117e-7,"grassland":4.5810006727533117e-7,"building_density":0.002500768267256033,"road_density":0.3482607158369541,"edge_length":20.07893073909452,"fraction_oneway":0.1864406779661017}