{"grass":0.0003522871532395438,"forest":3.9435129093978784e-5,"water":1.9717564546989392e-5,"scrub":1.8403060243856764e-5,"pitch":7.887025818795756e-6,"playground":7.887025818795756e-6,"wood":2.629008606265252e-6,"residential":2.629008606265252e-6,"industrial":1.314504303132626e-6,"brownfield":1.314504303132626e-6,"building_density":0.004874181956015778,"road_density":0.640254817029802,"edge_length":20.766122193492983,"fraction_oneway":0.2624633431085044}