{"grass":0.0003068984467772357,"forest":0.00011478001909468615,"water":4.2351985655258524e-5,"pitch":1.0434547190426014e-5,"scrub":8.5931565097626e-6,"cemetery":5.524172041990243e-6,"track":4.910375148435771e-6,"playground":3.6827813613268283e-6,"allotments":3.068984467772357e-6,"tree_row":2.4551875742178855e-6,"industrial":2.4551875742178855e-6,"outdoor_seating":2.4551875742178855e-6,"grassland":1.8413906806634141e-6,"residential":1.8413906806634141e-6,"meadow":1.2275937871089428e-6,"park":1.2275937871089428e-6,"sports_hall":6.137968935544714e-7,"swimming_pool":6.137968935544714e-7,"commercial":6.137968935544714e-7,"bleachers":6.137968935544714e-7,"military":6.137968935544714e-7,"miniature_golf":6.137968935544714e-7,"garden":6.137968935544714e-7,"education":6.137968935544714e-7,"construction":6.137968935544714e-7,"sports_centre":6.137968935544714e-7,"building_density":0.001264421600722211,"road_density":0.20756166742021406,"edge_length":19.177688370819997,"fraction_oneway":0.3248868778280543}