{"water":1.6337912988126784e-5,"playground":1.1497049880533662e-5,"scrub":5.4459709960422604e-6,"pitch":4.235755219143981e-6,"greenery":2.4204315537965605e-6,"shrubbery":2.4204315537965605e-6,"wood":1.2102157768982803e-6,"park":6.051078884491401e-7,"ice_rink":6.051078884491401e-7,"sports_centre":6.051078884491401e-7,"grassland":6.051078884491401e-7,"garden":6.051078884491401e-7,"building_density":0.0018867263961844189,"road_density":0.18762552899734294,"fraction_oneway":0.2577565632458234}