{"grass":0.00021136594312994549,"forest":0.00019101218564335814,"water":4.618737275802512e-5,"garden":2.583361527143778e-5,"scrub":1.5656736528144108e-5,"outdoor_seating":9.394041916886466e-6,"pitch":9.394041916886466e-6,"park":4.697020958443233e-6,"residential":3.914184132036027e-6,"playground":2.3485104792216165e-6,"cemetery":2.3485104792216165e-6,"brownfield":1.565673652814411e-6,"sports_centre":7.828368264072055e-7,"village_green":7.828368264072055e-7,"greenery":7.828368264072055e-7,"industrial":7.828368264072055e-7,"military":7.828368264072055e-7,"shrubbery":7.828368264072055e-7,"building_density":0.00415451503774304,"road_density":0.5170388611156751,"edge_length":20.693954136447186,"fraction_oneway":0.3574620196604111}