{"grass":0.00011478649358916652,"scrub":4.3181585683543593e-5,"forest":1.530486581188887e-5,"water":8.199035256369038e-6,"playground":4.37281880339682e-6,"pitch":4.37281880339682e-6,"static_caravan":3.279614102547615e-6,"garden":2.7330117521230123e-6,"park":1.6398070512738074e-6,"recreation_ground":1.093204700849205e-6,"brownfield":1.093204700849205e-6,"residential":1.093204700849205e-6,"construction":1.093204700849205e-6,"grassland":5.466023504246025e-7,"commercial":5.466023504246025e-7,"education":5.466023504246025e-7,"fitness_station":5.466023504246025e-7,"allotments":5.466023504246025e-7,"sports_centre":5.466023504246025e-7,"building_density":0.0028046166600286353,"road_density":0.34760425982804893,"fraction_oneway":0.23003194888178913}