{"grass":0.0002383215244838864,"forest":2.4764461590623894e-5,"water":2.12683023072417e-5,"scrub":1.0779824457095106e-5,"tree_row":9.03174481540401e-6,"residential":8.740398208455492e-6,"wood":6.118278745918844e-6,"industrial":5.244238925073296e-6,"playground":4.952892318124779e-6,"pitch":3.496159283382197e-6,"grassland":3.496159283382197e-6,"wetland":2.622119462536648e-6,"retail":2.3307728555881315e-6,"shrubbery":1.1653864277940657e-6,"farmland":8.740398208455492e-7,"park":5.826932138970329e-7,"commercial":5.826932138970329e-7,"garden":5.826932138970329e-7,"outdoor_seating":5.826932138970329e-7,"sports_centre":5.826932138970329e-7,"brownfield":2.9134660694851644e-7,"orchard":2.9134660694851644e-7,"construction":2.9134660694851644e-7,"stadium":2.9134660694851644e-7,"meadow":2.9134660694851644e-7,"greenery":2.9134660694851644e-7,"education":2.9134660694851644e-7,"sand":2.9134660694851644e-7,"building_density":0.0017291421122394449,"road_density":0.30397375829903944,"edge_length":22.104206480863628,"fraction_oneway":0.24733096085409254}