{"grass":0.0002047588474551197,"scrub":7.702832832835456e-5,"forest":2.7301179660682627e-5,"water":1.462563196107998e-5,"playground":7.800337045909323e-6,"pitch":7.800337045909323e-6,"static_caravan":5.850252784431991e-6,"garden":4.875210653693327e-6,"park":2.9251263922159957e-6,"recreation_ground":1.9500842614773308e-6,"brownfield":1.9500842614773308e-6,"residential":1.9500842614773308e-6,"construction":1.9500842614773308e-6,"grassland":9.750421307386654e-7,"commercial":9.750421307386654e-7,"education":9.750421307386654e-7,"fitness_station":9.750421307386654e-7,"allotments":9.750421307386654e-7,"sports_centre":9.750421307386654e-7,"building_density":0.005002941172820092,"road_density":0.6200646555824293,"edge_length":19.177234397763698,"fraction_oneway":0.23003194888178913}