{"water":2.7985443303096418e-5,"playground":9.68726883568722e-6,"scrub":6.458179223791481e-6,"grassland":1.0763632039652468e-6,"building_density":0.0009493523458973478,"road_density":0.2519316838510666,"fraction_oneway":0.035}