{"water":1.1936549481389016e-5,"scrub":6.0500319289232e-6,"tree_row":5.068945670178897e-6,"wood":3.4338019056050594e-6,"playground":2.7797443997755244e-6,"grassland":1.9621725174886056e-6,"pitch":1.9621725174886056e-6,"wetland":1.471629388116454e-6,"shrubbery":6.540575058295352e-7,"garden":3.270287529147676e-7,"outdoor_seating":3.270287529147676e-7,"sports_centre":3.270287529147676e-7,"park":3.270287529147676e-7,"stadium":1.635143764573838e-7,"sand":1.635143764573838e-7,"greenery":1.635143764573838e-7,"building_density":0.0009704578242745727,"road_density":0.17060119583427338,"fraction_oneway":0.24733096085409254}