{"water":4.067914358382359e-5,"grass":3.285623135616521e-5,"playground":1.408124200978509e-5,"residential":1.408124200978509e-5,"scrub":9.38749467319006e-6,"grassland":1.5645824455316766e-6,"construction":1.5645824455316766e-6,"building_density":0.001379961716958939,"road_density":0.36620342331893924,"edge_length":37.690538849069576,"fraction_oneway":0.035}