{"grass":0.00033009689550292414,"residential":0.00023426231293755906,"forest":0.00010248976191018208,"water":3.59379684620119e-5,"playground":2.528968151030467e-5,"scrub":1.1979322820670633e-5,"pitch":9.317251082743825e-6,"shrubbery":5.324143475853615e-6,"greenery":5.324143475853615e-6,"wood":2.6620717379268075e-6,"farmland":2.6620717379268075e-6,"park":1.3310358689634038e-6,"recreation_ground":1.3310358689634038e-6,"industrial":1.3310358689634038e-6,"retail":1.3310358689634038e-6,"ice_rink":1.3310358689634038e-6,"grassland":1.3310358689634038e-6,"sports_centre":1.3310358689634038e-6,"village_green":1.3310358689634038e-6,"garden":1.3310358689634038e-6,"brownfield":1.3310358689634038e-6,"building_density":0.004150169839427893,"road_density":0.4127136892377288,"edge_length":13.788222484481468,"fraction_oneway":0.2577565632458234}