{"grass":0.0001525552684243881,"forest":6.33804496835622e-5,"residential":2.505738708419901e-5,"water":1.7441906695864017e-5,"pitch":3.9305705230116094e-6,"scrub":3.4392492076351586e-6,"playground":3.4392492076351586e-6,"tree_row":2.9479278922587073e-6,"farmland":1.7196246038175793e-6,"garden":9.826426307529024e-7,"industrial":9.826426307529024e-7,"wood":7.369819730646768e-7,"park":7.369819730646768e-7,"track":7.369819730646768e-7,"allotments":4.913213153764512e-7,"shrubbery":4.913213153764512e-7,"plant_nursery":2.456606576882256e-7,"garages":2.456606576882256e-7,"farmyard":2.456606576882256e-7,"education":2.456606576882256e-7,"dog_park":2.456606576882256e-7,"heath":2.456606576882256e-7,"construction":2.456606576882256e-7,"orchard":2.456606576882256e-7,"grassland":2.456606576882256e-7,"building_density":0.0013410615303200235,"road_density":0.18675822731992317,"fraction_oneway":0.1864406779661017}