{"scrub":4.3181585683543593e-5,"water":8.199035256369038e-6,"pitch":4.37281880339682e-6,"playground":4.37281880339682e-6,"garden":2.7330117521230123e-6,"park":1.6398070512738074e-6,"fitness_station":5.466023504246025e-7,"grassland":5.466023504246025e-7,"sports_centre":5.466023504246025e-7,"building_density":0.0028046166600286353,"road_density":0.34760425982804893,"fraction_oneway":0.23003194888178913}