{"grass":0.00023409083059800664,"forest":0.00015996206757530452,"static_caravan":1.9507569216500552e-5,"water":1.9507569216500552e-5,"pitch":1.5606055373200443e-5,"playground":1.3655298451550387e-5,"tree_row":7.803027686600221e-6,"park":3.901513843300111e-6,"residential":1.9507569216500554e-6,"sand":1.9507569216500554e-6,"dog_park":1.9507569216500554e-6,"building_density":0.003314336009883444,"road_density":0.4108618424756119,"edge_length":18.773208553756206,"fraction_oneway":0.22349570200573066}