{"grass":0.00013951207947920306,"forest":9.533325431078875e-5,"static_caravan":1.162600662326692e-5,"water":1.162600662326692e-5,"pitch":9.300805298613537e-6,"playground":8.138204636286846e-6,"tree_row":4.650402649306768e-6,"park":2.325201324653384e-6,"residential":1.162600662326692e-6,"sand":1.162600662326692e-6,"dog_park":1.162600662326692e-6,"building_density":0.00197525852529305,"road_density":0.24486302977352703,"fraction_oneway":0.22349570200573066}