{"water":2.113961975314695e-5,"garden":1.1823855116166937e-5,"scrub":7.165972797676932e-6,"pitch":4.299583678606159e-6,"outdoor_seating":4.299583678606159e-6,"park":2.1497918393030797e-6,"playground":1.0748959196515399e-6,"shrubbery":3.582986398838466e-7,"sports_centre":3.582986398838466e-7,"greenery":3.582986398838466e-7,"building_density":0.0019014908818635737,"road_density":0.23664487215689106,"fraction_oneway":0.3574620196604111}