{"grass":6.658526254492649e-5,"water":1.5219488581697482e-5,"playground":1.0146325721131655e-5,"meadow":5.707308218136556e-6,"forest":4.439017502995099e-6,"construction":3.170726787853642e-6,"pitch":2.536581430282914e-6,"grassland":1.268290715141457e-6,"farmland":1.268290715141457e-6,"park":6.341453575707285e-7,"residential":6.341453575707285e-7,"building_density":0.0015403390735392994,"road_density":0.23428188876012918,"fraction_oneway":0.17901234567901234}