{"grass":0.00016822984862720688,"water":3.845253682907586e-5,"playground":2.5635024552717238e-5,"meadow":1.4419701310903446e-5,"forest":1.1215323241813792e-5,"construction":8.010945172724138e-6,"pitch":6.4087561381793095e-6,"grassland":3.2043780690896548e-6,"farmland":3.2043780690896548e-6,"park":1.6021890345448274e-6,"residential":1.6021890345448274e-6,"building_density":0.003891717164909386,"road_density":0.5919208722143241,"edge_length":23.8029179881166,"fraction_oneway":0.17901234567901234}