{"water":1.5219488581697482e-5,"playground":1.0146325721131655e-5,"pitch":2.536581430282914e-6,"grassland":1.268290715141457e-6,"park":6.341453575707285e-7,"building_density":0.0015403390735392994,"road_density":0.23428188876012918,"fraction_oneway":0.17901234567901234}