{"residential":0.0001443071090440318,"grass":9.211092066640327e-5,"shrubbery":6.140728044426884e-5,"scrub":5.833691642205541e-5,"garages":2.763327619992098e-5,"retail":2.456291217770754e-5,"playground":2.1492548155494096e-5,"pitch":1.228145608885377e-5,"commercial":6.140728044426885e-6,"water":3.0703640222134426e-6,"grassland":3.0703640222134426e-6,"religious":3.0703640222134426e-6,"sports_centre":3.0703640222134426e-6,"building_density":0.00553893669607305,"road_density":0.7399393701162611,"fraction_oneway":0.4}