{"grass":0.0011224573295311173,"residential":0.0004179862022103324,"scrub":0.00014559069964629554,"shrubbery":0.0001221083287356027,"water":9.392948364277131e-5,"forest":3.287531927496996e-5,"playground":2.8178845092831394e-5,"retail":1.4089422546415697e-5,"garages":1.4089422546415697e-5,"pitch":1.4089422546415697e-5,"wetland":9.392948364277131e-6,"park":9.392948364277131e-6,"commercial":9.392948364277131e-6,"orchard":4.696474182138566e-6,"industrial":4.696474182138566e-6,"dog_park":4.696474182138566e-6,"construction":4.696474182138566e-6,"religious":4.696474182138566e-6,"building_density":0.008866943255877613,"road_density":1.161899335062869,"edge_length":19.600555870236924,"fraction_oneway":0.36444444444444446}