{"grass":0.0008922851648088664,"scrub":0.0004836335557157301,"residential":0.00045364077706669257,"garages":0.00014246569858292825,"water":0.00010497472527163134,"forest":6.373465462920474e-5,"playground":2.9992778649037524e-5,"pitch":2.9992778649037524e-5,"garden":7.498194662259381e-6,"sand":7.498194662259381e-6,"dog_park":7.498194662259381e-6,"retail":7.498194662259381e-6,"cemetery":7.498194662259381e-6,"wetland":3.7490973311296905e-6,"commercial":3.7490973311296905e-6,"farmyard":3.7490973311296905e-6,"fishing":3.7490973311296905e-6,"fitness_station":3.7490973311296905e-6,"industrial":3.7490973311296905e-6,"meadow":3.7490973311296905e-6,"building_density":0.006800862558669259,"road_density":0.7019343942518688,"edge_length":16.145875560622752,"fraction_oneway":0.1746031746031746}