{"scrub":0.00010464445693935911,"shrubbery":3.329596357161426e-5,"pitch":2.0215406454194373e-5,"water":1.1891415561290808e-5,"garden":1.0702274005161727e-5,"track":4.756566224516323e-6,"playground":4.756566224516323e-6,"wood":3.5674246683872423e-6,"grassland":2.3782831122581616e-6,"tree_row":2.3782831122581616e-6,"sports_centre":1.1891415561290808e-6,"fishing":1.1891415561290808e-6,"dog_park":1.1891415561290808e-6,"building_density":0.003136955425068515,"road_density":0.352923291820012,"fraction_oneway":0.26865671641791045}