{"grass":0.00030237690832738746,"residential":0.0001083517254839805,"forest":7.811403465124176e-5,"water":7.559422708184687e-5,"shrubbery":3.527730597152854e-5,"construction":1.763865298576427e-5,"wetland":1.5118845416369372e-5,"tree_row":1.5118845416369372e-5,"greenfield":1.0079230277579582e-5,"scrub":7.559422708184686e-6,"playground":5.039615138789791e-6,"dog_park":2.5198075693948955e-6,"swimming_pool":2.5198075693948955e-6,"marina":2.5198075693948955e-6,"pitch":2.5198075693948955e-6,"building_density":0.0011288737910889132,"road_density":0.2773110887261561,"edge_length":28.474123307741717,"fraction_oneway":0.23863636363636365}