{"residential":0.00014834748137501437,"shrubbery":0.00012403844030936076,"grass":0.00010783241293225835,"scrub":7.916021064969255e-5,"retail":2.1192497339287767e-5,"playground":1.4959409886556071e-5,"garages":1.1219557414917054e-5,"garden":9.349631179097545e-6,"forest":7.4797049432780356e-6,"pitch":6.233087452731696e-6,"water":5.609778707458527e-6,"religious":3.7398524716390178e-6,"commercial":3.116543726365848e-6,"park":3.116543726365848e-6,"construction":2.4932349810926784e-6,"dog_park":2.4932349810926784e-6,"industrial":1.8699262358195089e-6,"outdoor_seating":1.2466174905463392e-6,"brownfield":1.2466174905463392e-6,"marina":6.233087452731696e-7,"tree_row":6.233087452731696e-7,"fitness_centre":6.233087452731696e-7,"building_density":0.004700994556850246,"road_density":0.46328066798386847,"fraction_oneway":0.25125628140703515}