{"scrub":0.00013625852233413994,"garden":3.879582927569262e-5,"shrubbery":2.460223319921971e-5,"water":2.3655993460788183e-5,"tree_row":1.797855503019902e-5,"wetland":2.838719215294582e-6,"playground":1.8924794768630548e-6,"pitch":1.8924794768630548e-6,"dog_park":1.8924794768630548e-6,"wood":9.462397384315274e-7,"park":9.462397384315274e-7,"beach":9.462397384315274e-7,"building_density":0.0016038763566414388,"road_density":0.20575496566233903,"fraction_oneway":0.44586614173228345}