{"grass":0.0008711816328512066,"scrub":0.0004526728092266074,"water":0.00011530345140677736,"forest":0.00011103295320652634,"residential":0.00011103295320652634,"pitch":5.1245978403012154e-5,"tree_row":4.6975480202761144e-5,"industrial":2.1352491001255064e-5,"garden":2.1352491001255064e-5,"shrubbery":2.1352491001255064e-5,"retail":1.7081992801004054e-5,"wood":8.540996400502027e-6,"railway":8.540996400502027e-6,"religious":8.540996400502027e-6,"playground":4.270498200251013e-6,"orchard":4.270498200251013e-6,"grassland":4.270498200251013e-6,"sports_centre":4.270498200251013e-6,"track":4.270498200251013e-6,"garages":4.270498200251013e-6,"fitness_station":4.270498200251013e-6,"wetland":4.270498200251013e-6,"allotments":4.270498200251013e-6,"building_density":0.005116056843900714,"road_density":0.9112838016551282,"edge_length":22.566678615215626,"fraction_oneway":0.38513513513513514}