{"scrub":0.0004249222663292945,"grass":0.0003146448210200252,"residential":0.0002822697912044599,"water":3.439846917903812e-5,"forest":2.1246113316464725e-5,"garages":1.5175795226046232e-5,"flowerbed":1.2140636180836984e-5,"playground":1.112891649910057e-5,"pitch":8.093757453891324e-6,"commercial":6.070318090418492e-6,"retail":3.035159045209246e-6,"garden":3.035159045209246e-6,"park":2.023439363472831e-6,"dog_park":2.023439363472831e-6,"shrubbery":2.023439363472831e-6,"tree_row":2.023439363472831e-6,"industrial":1.0117196817364154e-6,"construction":1.0117196817364154e-6,"wood":1.0117196817364154e-6,"religious":1.0117196817364154e-6,"outdoor_seating":1.0117196817364154e-6,"building_density":0.003665460406931033,"road_density":0.3595293718126399,"edge_length":17.869191515239006,"fraction_oneway":0.27509778357235987}