{"grass":0.0002575824283076333,"static_caravan":5.206453338133013e-5,"shrubbery":4.932429478231276e-5,"water":4.932429478231276e-5,"residential":4.110357898526063e-5,"scrub":3.288286318820851e-5,"forest":3.0142624589191128e-5,"industrial":2.1921908792139005e-5,"pitch":1.918167019312163e-5,"tree_row":8.220715797052127e-6,"playground":5.480477198034751e-6,"retail":5.480477198034751e-6,"marina":5.480477198034751e-6,"religious":2.7402385990173756e-6,"garden":2.7402385990173756e-6,"animal_keeping":2.7402385990173756e-6,"sports_centre":2.7402385990173756e-6,"building_density":0.0009810054184482204,"road_density":0.17931072060941886,"fraction_oneway":0.35106382978723405}