{"grass":0.00018073179004042173,"scrub":0.00013625852233413994,"residential":5.772062404432317e-5,"garden":3.879582927569262e-5,"forest":2.933343189137735e-5,"shrubbery":2.460223319921971e-5,"water":2.3655993460788183e-5,"tree_row":1.797855503019902e-5,"static_caravan":1.2301116599609855e-5,"commercial":8.516157645883746e-6,"retail":5.677438430589164e-6,"meadow":2.838719215294582e-6,"garages":2.838719215294582e-6,"wetland":2.838719215294582e-6,"pitch":1.8924794768630548e-6,"playground":1.8924794768630548e-6,"railway":1.8924794768630548e-6,"religious":1.8924794768630548e-6,"dog_park":1.8924794768630548e-6,"industrial":1.8924794768630548e-6,"wood":9.462397384315274e-7,"cemetery":9.462397384315274e-7,"construction":9.462397384315274e-7,"education":9.462397384315274e-7,"orchard":9.462397384315274e-7,"park":9.462397384315274e-7,"beach":9.462397384315274e-7,"building_density":0.0016038763566414388,"road_density":0.20575496566233903,"fraction_oneway":0.44586614173228345}