{"scrub":5.416691413700102e-5,"shrubbery":4.965300462558427e-5,"garden":3.159736657991726e-5,"outdoor_seating":2.5954979690646322e-5,"water":2.3698024934937947e-5,"park":4.513909511416752e-6,"tree_row":4.513909511416752e-6,"playground":1.128477377854188e-6,"bandstand":1.128477377854188e-6,"building_density":0.006505672083329393,"road_density":0.5441427559731148,"fraction_oneway":0.3585554600171969}