{"grass":0.000139689662940772,"water":5.694355686757584e-5,"residential":2.965810253519575e-5,"forest":1.304956511548613e-5,"scrub":1.18632410140783e-5,"wetland":6.228201532391107e-6,"grassland":5.041877430983277e-6,"pitch":3.8555533295754475e-6,"shrubbery":2.965810253519575e-6,"playground":2.0760671774637024e-6,"tree_row":1.779486152111745e-6,"commercial":1.18632410140783e-6,"sports_centre":5.93162050703915e-7,"marina":5.93162050703915e-7,"retail":2.965810253519575e-7,"golf_course":2.965810253519575e-7,"garden":2.965810253519575e-7,"fitness_station":2.965810253519575e-7,"farmyard":2.965810253519575e-7,"dog_park":2.965810253519575e-7,"industrial":2.965810253519575e-7,"building_density":0.0005943483748053228,"road_density":0.20029536435641845,"fraction_oneway":0.256120527306968}