{"residential":0.00024309763147572038,"shrubbery":0.00020326230530953092,"grass":0.00017670542119873793,"scrub":0.00012972016469502725,"retail":3.4728233067960056e-5,"playground":2.4514046871501217e-5,"garages":1.8385535153625913e-5,"garden":1.532127929468826e-5,"forest":1.2257023435750609e-5,"pitch":1.021418619645884e-5,"water":9.192767576812956e-6,"religious":6.128511717875304e-6,"commercial":5.10709309822942e-6,"park":5.10709309822942e-6,"construction":4.085674478583536e-6,"dog_park":4.085674478583536e-6,"industrial":3.064255858937652e-6,"outdoor_seating":2.042837239291768e-6,"brownfield":2.042837239291768e-6,"marina":1.021418619645884e-6,"tree_row":1.021418619645884e-6,"fitness_centre":1.021418619645884e-6,"building_density":0.007703539229369257,"road_density":0.7591799473202019,"edge_length":15.8612961345919,"fraction_oneway":0.25125628140703515}