{"scrub":0.0001954633666924003,"water":4.242615711152874e-5,"pitch":1.2121759174722498e-5,"playground":1.2121759174722498e-5,"dog_park":3.0304397936806245e-6,"garden":3.0304397936806245e-6,"sand":3.0304397936806245e-6,"fitness_station":1.5152198968403122e-6,"fishing":1.5152198968403122e-6,"wetland":1.5152198968403122e-6,"building_density":0.0027486088928683266,"road_density":0.2836909438482091,"fraction_oneway":0.1746031746031746}