{"grass":0.0006878330662554538,"water":0.00030721397820895766,"residential":0.0001930282517950088,"shrubbery":6.932704817989753e-5,"scrub":4.7577386005812026e-5,"wetland":1.631224663056412e-5,"flowerbed":1.495289274468378e-5,"grassland":1.3593538858803436e-5,"forest":1.3593538858803436e-5,"farmyard":1.2234184972923092e-5,"construction":9.515477201162405e-6,"pitch":6.796769429401718e-6,"playground":6.796769429401718e-6,"garden":6.796769429401718e-6,"railway":5.437415543521374e-6,"greenfield":5.437415543521374e-6,"meadow":5.437415543521374e-6,"sand":4.07806165764103e-6,"wood":2.718707771760687e-6,"commercial":2.718707771760687e-6,"dog_park":2.718707771760687e-6,"garages":2.718707771760687e-6,"retail":1.3593538858803435e-6,"sports_centre":1.3593538858803435e-6,"outdoor_seating":1.3593538858803435e-6,"industrial":1.3593538858803435e-6,"allotments":1.3593538858803435e-6,"building_density":0.0013634319475379845,"road_density":0.21205049793218433,"edge_length":17.42166560424257,"fraction_oneway":0.28877679697351827}