{"grass":0.00021940151581262857,"pitch":4.629573269440786e-5,"water":4.4282874751172736e-5,"scrub":3.8244300921467366e-5,"residential":3.220572709176199e-5,"forest":2.616715326205662e-5,"playground":8.051431772940497e-6,"dog_park":8.051431772940497e-6,"sports_centre":8.051431772940497e-6,"garages":6.038573829705373e-6,"wood":4.025715886470249e-6,"garden":4.025715886470249e-6,"shrubbery":4.025715886470249e-6,"retail":2.0128579432351243e-6,"education":2.0128579432351243e-6,"brownfield":2.0128579432351243e-6,"construction":2.0128579432351243e-6,"commercial":2.0128579432351243e-6,"religious":2.0128579432351243e-6,"building_density":0.002169860862807464,"road_density":0.29511407450901395,"fraction_oneway":0.3989501312335958}