{"grass":0.0002371809409520758,"scrub":0.0002122145261150152,"residential":0.00017476490385942426,"water":3.744962225559091e-5,"wetland":3.432882040095834e-5,"forest":2.8087216691693188e-5,"wood":2.8087216691693188e-5,"garden":2.1845612982428032e-5,"pitch":2.1845612982428032e-5,"playground":1.2483207418530306e-5,"garages":9.362405563897728e-6,"railway":6.241603709265153e-6,"retail":6.241603709265153e-6,"education":3.1208018546325765e-6,"religious":3.1208018546325765e-6,"tree_row":3.1208018546325765e-6,"flowerbed":3.1208018546325765e-6,"farmland":3.1208018546325765e-6,"dog_park":3.1208018546325765e-6,"building_density":0.003957176751674106,"road_density":0.47284035056539575,"fraction_oneway":0.33585858585858586}