{"scrub":0.00016625628401570412,"grass":0.0001308045763947084,"residential":0.00012346974033519204,"shrubbery":4.156407100392603e-5,"pitch":2.9339344238065433e-5,"retail":2.2004508178549074e-5,"garages":1.3447199442446657e-5,"forest":1.3447199442446657e-5,"water":9.779781412688478e-6,"commercial":4.889890706344239e-6,"flowerbed":4.889890706344239e-6,"playground":4.889890706344239e-6,"wood":3.667418029758179e-6,"garden":3.667418029758179e-6,"sports_centre":2.4449453531721194e-6,"dog_park":2.4449453531721194e-6,"religious":2.4449453531721194e-6,"meadow":1.2224726765860597e-6,"farmyard":1.2224726765860597e-6,"grassland":1.2224726765860597e-6,"railway":1.2224726765860597e-6,"building_density":0.004562268029019175,"road_density":0.575186253245621,"fraction_oneway":0.38114209827357237}