{"grass":0.0002960704455909651,"water":0.00010632083011771771,"scrub":6.053674059334166e-5,"forest":3.4592423196195234e-5,"shrubbery":2.2892044762188023e-5,"farmland":1.831363580975042e-5,"wood":6.104545269916806e-6,"meadow":5.087121058264005e-6,"tree_row":5.087121058264005e-6,"residential":3.5609847407848036e-6,"farmyard":2.5435605291320024e-6,"garden":1.5261363174792015e-6,"industrial":1.5261363174792015e-6,"pitch":1.5261363174792015e-6,"animal_keeping":1.5261363174792015e-6,"commercial":1.0174242116528011e-6,"cemetery":1.0174242116528011e-6,"allotments":5.087121058264006e-7,"military":5.087121058264006e-7,"grassland":5.087121058264006e-7,"outdoor_seating":5.087121058264006e-7,"retail":5.087121058264006e-7,"building_density":0.00011293408749346092,"road_density":0.0634666164158864,"edge_length":24.81786327109189,"fraction_oneway":0.0654911838790932}