{"scrub":0.0002473198080557324,"grass":0.00019458249604384828,"residential":0.0001836713280413895,"shrubbery":6.18299520139331e-5,"pitch":4.3644672009835126e-5,"retail":3.273350400737635e-5,"garages":2.0003808004507765e-5,"forest":2.0003808004507765e-5,"water":1.4548224003278375e-5,"commercial":7.274112001639187e-6,"flowerbed":7.274112001639187e-6,"playground":7.274112001639187e-6,"wood":5.455584001229391e-6,"garden":5.455584001229391e-6,"sports_centre":3.6370560008195937e-6,"dog_park":3.6370560008195937e-6,"religious":3.6370560008195937e-6,"meadow":1.8185280004097968e-6,"farmyard":1.8185280004097968e-6,"grassland":1.8185280004097968e-6,"railway":1.8185280004097968e-6,"building_density":0.006786746497529362,"road_density":0.855636552874993,"edge_length":20.04390043334857,"fraction_oneway":0.38114209827357237}