{"grass":0.0004492644516616327,"pitch":9.479892099282157e-5,"water":9.067722877574237e-5,"scrub":7.831215212450478e-5,"residential":6.594707547326719e-5,"forest":5.358199882202958e-5,"playground":1.6486768868316797e-5,"dog_park":1.6486768868316797e-5,"sports_centre":1.6486768868316797e-5,"garages":1.2365076651237596e-5,"wood":8.243384434158398e-6,"garden":8.243384434158398e-6,"shrubbery":8.243384434158398e-6,"retail":4.121692217079199e-6,"education":4.121692217079199e-6,"brownfield":4.121692217079199e-6,"construction":4.121692217079199e-6,"commercial":4.121692217079199e-6,"religious":4.121692217079199e-6,"building_density":0.0044431842100113765,"road_density":0.6042996666219519,"edge_length":18.091616124293125,"fraction_oneway":0.3989501312335958}