{"grass":0.0005424529217638846,"scrub":0.00024231399550874035,"residential":0.00022854615485483465,"shrubbery":7.709990766187193e-5,"garages":6.608563513874737e-5,"forest":5.2317794484841665e-5,"pitch":4.681065822327938e-5,"water":2.7535681307811403e-5,"garden":2.4782113177030262e-5,"track":1.101427252312456e-5,"playground":1.101427252312456e-5,"retail":1.101427252312456e-5,"wood":8.260704392343421e-6,"tree_row":5.50713626156228e-6,"grassland":5.50713626156228e-6,"railway":5.50713626156228e-6,"dog_park":2.75356813078114e-6,"construction":2.75356813078114e-6,"brownfield":2.75356813078114e-6,"fishing":2.75356813078114e-6,"sports_centre":2.75356813078114e-6,"building_density":0.007263912729000648,"road_density":0.8172267834364281,"edge_length":18.5969228875122,"fraction_oneway":0.26865671641791045}