{"grass":0.0005773733704205497,"scrub":0.00043529720073591174,"residential":0.00018439673086729594,"garden":0.00012393878632064155,"forest":9.370981404731433e-5,"shrubbery":7.859532791065073e-5,"water":7.557243068331802e-5,"tree_row":5.743504731932169e-5,"static_caravan":3.9297663955325364e-5,"commercial":2.7206075045994484e-5,"retail":1.8137383363996323e-5,"meadow":9.068691681998161e-6,"garages":9.068691681998161e-6,"wetland":9.068691681998161e-6,"pitch":6.045794454665441e-6,"playground":6.045794454665441e-6,"railway":6.045794454665441e-6,"religious":6.045794454665441e-6,"dog_park":6.045794454665441e-6,"industrial":6.045794454665441e-6,"wood":3.0228972273327206e-6,"cemetery":3.0228972273327206e-6,"construction":3.0228972273327206e-6,"education":3.0228972273327206e-6,"orchard":3.0228972273327206e-6,"park":3.0228972273327206e-6,"beach":3.0228972273327206e-6,"building_density":0.005123810800328961,"road_density":0.6573134586818368,"edge_length":16.540762065351576,"fraction_oneway":0.44586614173228345}