{"water":7.740764761686091e-5,"scrub":1.779486152111745e-5,"wetland":7.11794460844698e-6,"grassland":5.338458456335235e-6,"shrubbery":4.74529640563132e-6,"pitch":4.152134354927405e-6,"wood":3.2623912788715323e-6,"playground":2.6692292281676176e-6,"tree_row":2.37264820281566e-6,"sand":1.18632410140783e-6,"garden":1.18632410140783e-6,"sports_centre":5.93162050703915e-7,"marina":5.93162050703915e-7,"swimming_pool":2.965810253519575e-7,"dog_park":2.965810253519575e-7,"golf_course":2.965810253519575e-7,"fitness_station":2.965810253519575e-7,"building_density":0.0006293449357968538,"road_density":0.20675490134688113,"fraction_oneway":0.2328767123287671}