{"grass":0.00040637424212880267,"water":0.0001662793266071965,"scrub":3.80733037558534e-5,"retail":3.1080247963961966e-5,"industrial":2.719521696846672e-5,"grassland":2.0202161176575278e-5,"shrubbery":1.709413638017908e-5,"commercial":1.631713018108003e-5,"railway":8.54706819008954e-6,"farmland":5.439043393693344e-6,"forest":5.439043393693344e-6,"wetland":4.662037194594295e-6,"residential":3.1080247963961966e-6,"construction":2.3310185972971474e-6,"meadow":1.5540123981980983e-6,"pitch":1.5540123981980983e-6,"tree_row":1.5540123981980983e-6,"farmyard":1.5540123981980983e-6,"orchard":7.770061990990491e-7,"garages":7.770061990990491e-7,"garden":7.770061990990491e-7,"brownfield":7.770061990990491e-7,"sports_centre":7.770061990990491e-7,"sports_hall":7.770061990990491e-7,"stadium":7.770061990990491e-7,"building_density":0.0005687685377405039,"road_density":0.20492550789087327,"edge_length":23.011716973504413,"fraction_oneway":0.33914559721011334}