{"grass":0.00017942790307881587,"residential":7.899341644979316e-5,"scrub":5.416691413700102e-5,"shrubbery":4.965300462558427e-5,"garden":3.159736657991726e-5,"retail":2.9340411824208887e-5,"outdoor_seating":2.5954979690646322e-5,"water":2.3698024934937947e-5,"commercial":1.579868328995863e-5,"religious":5.642386889270939e-6,"park":4.513909511416752e-6,"tree_row":4.513909511416752e-6,"forest":2.256954755708376e-6,"playground":1.128477377854188e-6,"construction":1.128477377854188e-6,"flowerbed":1.128477377854188e-6,"bandstand":1.128477377854188e-6,"railway":1.128477377854188e-6,"building_density":0.006505672083329393,"road_density":0.5441427559731148,"fraction_oneway":0.3585554600171969}