{"grass":0.0004024482740276976,"water":0.00032305371656645115,"construction":0.00013688716803663184,"tree_row":6.570584065758328e-5,"greenfield":5.20171238539201e-5,"residential":3.285292032879164e-5,"scrub":2.1901946885861094e-5,"grassland":1.0950973442930547e-5,"forest":1.0950973442930547e-5,"railway":1.0950973442930547e-5,"farmyard":8.21323008219791e-6,"sand":8.21323008219791e-6,"wetland":5.4754867214652734e-6,"farmland":5.4754867214652734e-6,"pitch":2.7377433607326367e-6,"industrial":2.7377433607326367e-6,"building_density":0.0005338599553428642,"road_density":0.16149079552552498,"edge_length":24.115628602165323,"fraction_oneway":0.2721311475409836}