{"water":1.7231130809904163e-5,"scrub":6.788021228144064e-6,"shrubbery":4.177243832704039e-6,"tree_row":3.1329328745280295e-6,"wood":2.0886219163520194e-6,"park":5.221554790880048e-7,"marina":5.221554790880048e-7,"dog_park":5.221554790880048e-7,"wetland":5.221554790880048e-7,"beach":5.221554790880048e-7,"building_density":0.0010307349157197216,"road_density":0.1843657809547904,"fraction_oneway":0.18152350081037277}