{"water":0.00013848981785426459,"scrub":3.408980131797282e-5,"shrubbery":2.1306125823733013e-5,"wetland":1.9175513241359713e-5,"pitch":6.391837747119904e-6,"dog_park":4.261225164746602e-6,"grassland":4.261225164746602e-6,"playground":4.261225164746602e-6,"garden":2.130612582373301e-6,"wood":2.130612582373301e-6,"building_density":0.0014040736917840056,"road_density":0.20732089041879223,"fraction_oneway":0.18181818181818182}