{"grass":0.0004610674794448726,"residential":0.00017169458439578937,"scrub":5.98037316434772e-5,"shrubbery":5.015796847517443e-5,"water":3.8583052673211096e-5,"forest":1.3504068435623884e-5,"playground":1.157491580196333e-5,"retail":5.787457900981665e-6,"garages":5.787457900981665e-6,"pitch":5.787457900981665e-6,"wetland":3.85830526732111e-6,"park":3.85830526732111e-6,"commercial":3.85830526732111e-6,"orchard":1.929152633660555e-6,"industrial":1.929152633660555e-6,"dog_park":1.929152633660555e-6,"construction":1.929152633660555e-6,"religious":1.929152633660555e-6,"building_density":0.0036422401723511274,"road_density":0.47726892033383006,"fraction_oneway":0.36444444444444446}