{"grass":0.0005439181209967758,"scrub":0.0003813960397980394,"residential":0.0002368412238574549,"forest":3.83846121424151e-5,"water":3.1034367264080294e-5,"playground":1.5517183632040147e-5,"garages":1.388379588129908e-5,"pitch":6.533551002964273e-6,"commercial":4.083469376852671e-6,"shrubbery":4.083469376852671e-6,"dog_park":2.450081626111602e-6,"wood":2.450081626111602e-6,"railway":1.6333877507410682e-6,"garden":1.6333877507410682e-6,"fishing":1.6333877507410682e-6,"retail":1.6333877507410682e-6,"park":8.166938753705341e-7,"religious":8.166938753705341e-7,"tree_row":8.166938753705341e-7,"construction":8.166938753705341e-7,"industrial":8.166938753705341e-7,"building_density":0.0041169538257428626,"road_density":0.486889402801388,"edge_length":18.15823717607202,"fraction_oneway":0.18994413407821228}