{"scrub":0.00022933656463459937,"shrubbery":4.61099971223004e-5,"playground":2.0628156607344917e-5,"pitch":1.4561051722831706e-5,"water":9.707367815221137e-6,"tree_row":1.213420976902642e-6,"wood":1.213420976902642e-6,"building_density":0.0047930128587654365,"road_density":0.5799776889748001,"fraction_oneway":0.26334519572953735}