{"grass":0.0005088211121835586,"scrub":0.00033507731777941664,"residential":0.00027657175435761373,"garages":8.509900134080422e-5,"shrubbery":6.737004272813668e-5,"forest":4.432239653166887e-5,"playground":3.013922964153483e-5,"pitch":2.1274750335201056e-5,"water":1.4183166890134038e-5,"commercial":5.318687583800264e-6,"retail":3.5457917225335095e-6,"construction":3.5457917225335095e-6,"wood":1.7728958612667547e-6,"religious":1.7728958612667547e-6,"tree_row":1.7728958612667547e-6,"allotments":1.7728958612667547e-6,"building_density":0.007002938652003681,"road_density":0.8473893759733315,"edge_length":20.301098553140946,"fraction_oneway":0.26334519572953735}