{"scrub":0.00012720300504405382,"water":4.6255638197837754e-5,"sand":2.3127819098918877e-5,"garden":1.734586432418916e-5,"pitch":1.1563909549459438e-5,"tree_row":1.1563909549459438e-5,"playground":5.781954774729719e-6,"dog_park":5.781954774729719e-6,"building_density":0.0067764509959832315,"road_density":0.9471840607023178,"fraction_oneway":0.35234215885947046}