{"grass":0.00024016311826421884,"industrial":4.695926893434446e-5,"water":4.427588213809621e-5,"retail":3.756741514747557e-5,"forest":2.4150481166234295e-5,"scrub":1.744201417561366e-5,"commercial":1.3416933981241275e-5,"shrubbery":1.073354718499302e-5,"residential":8.050160388744765e-6,"tree_row":8.050160388744765e-6,"wood":5.36677359249651e-6,"railway":4.0250801943723825e-6,"park":1.3416933981241276e-6,"dog_park":1.3416933981241276e-6,"farmyard":1.3416933981241276e-6,"garages":1.3416933981241276e-6,"marina":1.3416933981241276e-6,"beach":1.3416933981241276e-6,"wetland":1.3416933981241276e-6,"building_density":0.0026485027678970277,"road_density":0.47373313324047384,"edge_length":24.67579730626149,"fraction_oneway":0.18152350081037277}