{"water":8.766384209622061e-5,"shrubbery":1.9782548437642703e-5,"scrub":1.3576258731715582e-5,"wetland":4.654717279445342e-6,"grassland":3.878931066204452e-6,"playground":1.939465533102226e-6,"pitch":1.939465533102226e-6,"garden":1.939465533102226e-6,"sand":1.1636793198613355e-6,"wood":7.757862132408904e-7,"dog_park":7.757862132408904e-7,"outdoor_seating":3.878931066204452e-7,"sports_centre":3.878931066204452e-7,"building_density":0.0003890567859403065,"road_density":0.060508839719878166,"fraction_oneway":0.28877679697351827}