{"scrub":0.0003500515584594447,"grass":0.0002592048444783031,"residential":0.00023253424954805969,"water":2.8337507113383617e-5,"forest":1.7502577922972234e-5,"garages":1.2501841373551596e-5,"flowerbed":1.0001473098841278e-5,"playground":9.16801700727117e-6,"pitch":6.6676487325608515e-6,"commercial":5.000736549420639e-6,"retail":2.5003682747103194e-6,"garden":2.5003682747103194e-6,"park":1.6669121831402129e-6,"dog_park":1.6669121831402129e-6,"shrubbery":1.6669121831402129e-6,"tree_row":1.6669121831402129e-6,"industrial":8.334560915701064e-7,"construction":8.334560915701064e-7,"wood":8.334560915701064e-7,"religious":8.334560915701064e-7,"outdoor_seating":8.334560915701064e-7,"building_density":0.0030196114197584955,"road_density":0.2961808003194378,"fraction_oneway":0.27509778357235987}