{"grass":0.0006574447898781999,"static_caravan":0.00013288777667750848,"shrubbery":0.00012589368316816594,"water":0.00012589368316816594,"residential":0.00010491140264013828,"scrub":8.392912211211063e-5,"forest":7.693502860276808e-5,"industrial":5.595274807474042e-5,"pitch":4.895865456539787e-5,"tree_row":2.0982280528027657e-5,"playground":1.3988187018685105e-5,"retail":1.3988187018685105e-5,"marina":1.3988187018685105e-5,"religious":6.9940935093425526e-6,"garden":6.9940935093425526e-6,"animal_keeping":6.9940935093425526e-6,"sports_centre":6.9940935093425526e-6,"building_density":0.002503885476344634,"road_density":0.45766669647657204,"edge_length":17.595098321638833,"fraction_oneway":0.35106382978723405}