{"grass":0.00019393034827244933,"residential":6.9491708130961e-5,"forest":5.009867330371608e-5,"water":4.848258706811233e-5,"shrubbery":2.2625207298452422e-5,"construction":1.1312603649226211e-5,"wetland":9.696517413622466e-6,"tree_row":9.696517413622466e-6,"greenfield":6.464344942414977e-6,"scrub":4.848258706811233e-6,"playground":3.2321724712074887e-6,"dog_park":1.6160862356037443e-6,"swimming_pool":1.6160862356037443e-6,"marina":1.6160862356037443e-6,"pitch":1.6160862356037443e-6,"building_density":0.0007240066335504775,"road_density":0.17785430876304972,"fraction_oneway":0.23863636363636365}