{"grass":0.0005736515173956183,"scrub":0.000513267147143448,"residential":0.00042269059176519244,"water":9.057655537825553e-5,"wetland":8.302850909673423e-5,"forest":6.793241653369164e-5,"wood":6.793241653369164e-5,"garden":5.2836323970649055e-5,"pitch":5.2836323970649055e-5,"playground":3.0192185126085175e-5,"garages":2.2644138844563883e-5,"railway":1.5096092563042588e-5,"retail":1.5096092563042588e-5,"education":7.548046281521294e-6,"religious":7.548046281521294e-6,"tree_row":7.548046281521294e-6,"flowerbed":7.548046281521294e-6,"farmland":7.548046281521294e-6,"dog_park":7.548046281521294e-6,"building_density":0.009570922684969,"road_density":1.143623022570446,"edge_length":17.751898652661765,"fraction_oneway":0.33585858585858586}