{"shrubbery":6.140728044426884e-5,"scrub":5.833691642205541e-5,"playground":2.1492548155494096e-5,"pitch":1.228145608885377e-5,"grassland":3.0703640222134426e-6,"sports_centre":3.0703640222134426e-6,"water":3.0703640222134426e-6,"building_density":0.00553893669607305,"road_density":0.7399393701162611,"fraction_oneway":0.4}