{"scrub":5.98037316434772e-5,"shrubbery":5.015796847517443e-5,"water":3.8583052673211096e-5,"playground":1.157491580196333e-5,"pitch":5.787457900981665e-6,"wetland":3.85830526732111e-6,"park":3.85830526732111e-6,"dog_park":1.929152633660555e-6,"building_density":0.0036422401723511274,"road_density":0.47726892033383006,"fraction_oneway":0.36444444444444446}