{"grass":0.00029516369305314464,"scrub":0.00015336936991977124,"water":3.906578290409267e-5,"forest":3.761890205579294e-5,"residential":3.761890205579294e-5,"pitch":1.7362570179596745e-5,"tree_row":1.5915689331297016e-5,"industrial":7.234404241498643e-6,"garden":7.234404241498643e-6,"shrubbery":7.234404241498643e-6,"retail":5.787523393198914e-6,"wood":2.893761696599457e-6,"railway":2.893761696599457e-6,"religious":2.893761696599457e-6,"playground":1.4468808482997286e-6,"orchard":1.4468808482997286e-6,"grassland":1.4468808482997286e-6,"sports_centre":1.4468808482997286e-6,"track":1.4468808482997286e-6,"garages":1.4468808482997286e-6,"fitness_station":1.4468808482997286e-6,"wetland":1.4468808482997286e-6,"allotments":1.4468808482997286e-6,"building_density":0.001733363256263075,"road_density":0.308750646447544,"fraction_oneway":0.38513513513513514}