{"grass":0.001297158640756194,"residential":0.00038972927771598656,"water":0.0003780955679334198,"scrub":9.306967826053411e-5,"shrubbery":5.8168548912833816e-5,"wetland":5.2351694021550435e-5,"construction":2.3267419565133527e-5,"pitch":1.7450564673850146e-5,"garages":1.1633709782566764e-5,"dog_park":1.1633709782566764e-5,"grassland":1.1633709782566764e-5,"playground":1.1633709782566764e-5,"wood":5.816854891283382e-6,"farmyard":5.816854891283382e-6,"garden":5.816854891283382e-6,"industrial":5.816854891283382e-6,"retail":5.816854891283382e-6,"allotments":5.816854891283382e-6,"building_density":0.0038333073733557484,"road_density":0.5660135237512101,"edge_length":17.200948645736226,"fraction_oneway":0.18181818181818182}