{"water":5.013381794806151e-5,"scrub":1.1479238689042121e-5,"grassland":6.0910246105121465e-6,"shrubbery":5.1539439012025855e-6,"wetland":1.4056210639643415e-6,"tree_row":4.685403546547805e-7,"pitch":4.685403546547805e-7,"sports_centre":2.3427017732739025e-7,"garden":2.3427017732739025e-7,"sports_hall":2.3427017732739025e-7,"stadium":2.3427017732739025e-7,"building_density":0.00017148576980364965,"road_density":0.06178578128226821,"fraction_oneway":0.33914559721011334}