{"shrubbery":0.00032616850029064983,"residential":0.00023259556987939784,"grass":0.0001122875164935024,"scrub":9.357293041125201e-5,"retail":6.416429513914423e-5,"playground":2.9408635272107773e-5,"garden":2.1388098379714744e-5,"garages":1.3367561487321714e-5,"pitch":1.0694049189857372e-5,"water":8.02053689239303e-6,"commercial":8.02053689239303e-6,"park":8.02053689239303e-6,"religious":8.02053689239303e-6,"outdoor_seating":5.347024594928686e-6,"industrial":2.673512297464343e-6,"dog_park":2.673512297464343e-6,"tree_row":2.673512297464343e-6,"brownfield":2.673512297464343e-6,"building_density":0.008357399441873536,"road_density":0.7710809240646003,"edge_length":14.23498115428699,"fraction_oneway":0.22425249169435216}