{"water":4.848258706811233e-5,"shrubbery":2.2625207298452422e-5,"wetland":9.696517413622466e-6,"tree_row":9.696517413622466e-6,"scrub":4.848258706811233e-6,"playground":3.2321724712074887e-6,"pitch":1.6160862356037443e-6,"swimming_pool":1.6160862356037443e-6,"dog_park":1.6160862356037443e-6,"marina":1.6160862356037443e-6,"building_density":0.0007240066335504775,"road_density":0.17785430876304972,"fraction_oneway":0.23863636363636365}