{"scrub":0.00023011610918933793,"water":1.8724651283072465e-5,"playground":9.362325641536232e-6,"pitch":3.9420318490678875e-6,"shrubbery":2.46376990566743e-6,"wood":1.4782619434004577e-6,"dog_park":1.4782619434004577e-6,"garden":9.855079622669719e-7,"fishing":9.855079622669719e-7,"tree_row":4.927539811334859e-7,"park":4.927539811334859e-7,"building_density":0.0024839728188939024,"road_density":0.29376575340820227,"fraction_oneway":0.18994413407821228}