{"grass":0.000396969158626338,"scrub":0.00020793622594712942,"residential":0.00018903293267920855,"water":7.561317307168342e-5,"retail":4.725823316980214e-5,"railway":3.780658653584171e-5,"sand":3.780658653584171e-5,"garden":2.8354939901881284e-5,"pitch":1.8903293267920855e-5,"forest":1.8903293267920855e-5,"tree_row":1.8903293267920855e-5,"playground":9.451646633960427e-6,"commercial":9.451646633960427e-6,"dog_park":9.451646633960427e-6,"brownfield":9.451646633960427e-6,"building_density":0.011077329855001622,"road_density":1.5483429718622312,"edge_length":20.64229743741051,"fraction_oneway":0.35234215885947046}