{"grass":0.0004592302213795274,"residential":0.00020217682702243343,"scrub":0.00013863553852966866,"shrubbery":0.0001270825769855296,"garden":8.087073080897337e-5,"retail":7.509425003690384e-5,"outdoor_seating":6.642952887879956e-5,"water":6.065304810673003e-5,"commercial":4.0435365404486686e-5,"religious":1.4441201930173818e-5,"park":1.1552961544139054e-5,"tree_row":1.1552961544139054e-5,"forest":5.776480772069527e-6,"playground":2.8882403860347634e-6,"construction":2.8882403860347634e-6,"flowerbed":2.8882403860347634e-6,"bandstand":2.8882403860347634e-6,"railway":2.8882403860347634e-6,"building_density":0.01665070582549041,"road_density":1.3926863882360252,"edge_length":15.02811173346387,"fraction_oneway":0.3585554600171969}