{"shrubbery":0.0002141797076727134,"scrub":6.144499810282762e-5,"playground":1.9311285118031536e-5,"garden":1.4044570994932026e-5,"pitch":7.022285497466013e-6,"water":5.26671412309951e-6,"park":5.26671412309951e-6,"outdoor_seating":3.5111427487330064e-6,"tree_row":1.7555713743665032e-6,"dog_park":1.7555713743665032e-6,"building_density":0.005487916116269689,"road_density":0.5063330357192561,"fraction_oneway":0.22425249169435216}