{"grass":0.0001432423362995638,"water":7.696603144454173e-5,"scrub":5.131068762969449e-5,"residential":2.3517398496943308e-5,"forest":1.71035625432315e-5,"industrial":1.496561722532756e-5,"tree_row":6.4138359537118115e-6,"wood":4.275890635807875e-6,"marina":4.275890635807875e-6,"pitch":4.275890635807875e-6,"railway":4.275890635807875e-6,"playground":2.1379453179039373e-6,"garden":2.1379453179039373e-6,"grassland":2.1379453179039373e-6,"construction":2.1379453179039373e-6,"retail":2.1379453179039373e-6,"wetland":2.1379453179039373e-6,"building_density":0.0015756656992952018,"road_density":0.23665572509013033,"fraction_oneway":0.3171355498721228}