{"grass":0.0003571251154485696,"water":0.00019188812173355979,"scrub":0.00012792541448903986,"residential":5.8632481640809935e-5,"forest":4.264180482967995e-5,"industrial":3.731157922596996e-5,"tree_row":1.5990676811129982e-5,"wood":1.0660451207419988e-5,"marina":1.0660451207419988e-5,"pitch":1.0660451207419988e-5,"railway":1.0660451207419988e-5,"playground":5.330225603709994e-6,"garden":5.330225603709994e-6,"grassland":5.330225603709994e-6,"construction":5.330225603709994e-6,"retail":5.330225603709994e-6,"wetland":5.330225603709994e-6,"building_density":0.003928376269934266,"road_density":0.5900190218039268,"edge_length":19.66129082799061,"fraction_oneway":0.3171355498721228}