{"grass":0.00034256670803734174,"water":0.0001616815746794687,"residential":7.247794727010667e-5,"forest":3.9646056626383134e-5,"scrub":3.716817808723418e-5,"wetland":1.4867271234893674e-5,"grassland":1.1150453426170256e-5,"shrubbery":9.911514156595783e-6,"pitch":8.67257488702131e-6,"wood":6.814165982659601e-6,"playground":5.575226713085128e-6,"tree_row":4.955757078297892e-6,"commercial":2.477878539148946e-6,"garden":2.477878539148946e-6,"sand":2.477878539148946e-6,"sports_centre":1.238939269574473e-6,"garages":1.238939269574473e-6,"marina":1.238939269574473e-6,"farmyard":1.238939269574473e-6,"cemetery":6.194696347872365e-7,"industrial":6.194696347872365e-7,"religious":6.194696347872365e-7,"retail":6.194696347872365e-7,"fitness_station":6.194696347872365e-7,"swimming_pool":6.194696347872365e-7,"dog_park":6.194696347872365e-7,"golf_course":6.194696347872365e-7,"building_density":0.0013145145650185156,"road_density":0.43184955300438005,"edge_length":44.12760347171263,"fraction_oneway":0.2328767123287671}