{"residential":0.00030172917828482157,"grass":0.00019259309252222655,"shrubbery":0.0001283953950148177,"scrub":0.00012197562526407681,"garages":5.7777927756667964e-5,"retail":5.135815800592708e-5,"playground":4.4938388255186196e-5,"pitch":2.567907900296354e-5,"commercial":1.283953950148177e-5,"water":6.419769750740885e-6,"grassland":6.419769750740885e-6,"religious":6.419769750740885e-6,"sports_centre":6.419769750740885e-6,"building_density":0.011581264630336556,"road_density":1.5471261229247217,"edge_length":20.622455973084296,"fraction_oneway":0.4}