{"grass":0.0003610178824272544,"water":0.00014716652532066423,"residential":7.664923193784595e-5,"forest":3.3725662052652216e-5,"scrub":3.065969277513838e-5,"wetland":1.6096338706947648e-5,"grassland":1.3030369429433812e-5,"pitch":9.964400151919973e-6,"shrubbery":7.664923193784595e-6,"playground":5.3654462356492165e-6,"tree_row":4.598953916270757e-6,"commercial":3.065969277513838e-6,"sports_centre":1.532984638756919e-6,"marina":1.532984638756919e-6,"retail":7.664923193784595e-7,"golf_course":7.664923193784595e-7,"garden":7.664923193784595e-7,"fitness_station":7.664923193784595e-7,"farmyard":7.664923193784595e-7,"dog_park":7.664923193784595e-7,"industrial":7.664923193784595e-7,"building_density":0.0015360506080344329,"road_density":0.5176489568208701,"edge_length":46.7822022742921,"fraction_oneway":0.256120527306968}