{"grass":0.00011409415585929357,"water":9.158578497548735e-5,"construction":3.8807536006562434e-5,"tree_row":1.862761728314997e-5,"greenfield":1.4746863682493726e-5,"residential":9.313808641574985e-6,"scrub":6.20920576104999e-6,"grassland":3.104602880524995e-6,"forest":3.104602880524995e-6,"railway":3.104602880524995e-6,"farmyard":2.328452160393746e-6,"sand":2.328452160393746e-6,"wetland":1.5523014402624975e-6,"farmland":1.5523014402624975e-6,"pitch":7.761507201312488e-7,"industrial":7.761507201312488e-7,"building_density":0.0001513493904255935,"road_density":0.04578266868964752,"fraction_oneway":0.2721311475409836}