{"grass":0.0003606223354479943,"scrub":0.0001954633666924003,"residential":0.00018334160751767777,"garages":5.757835607993187e-5,"water":4.242615711152874e-5,"forest":2.5758738246285307e-5,"playground":1.2121759174722498e-5,"pitch":1.2121759174722498e-5,"garden":3.0304397936806245e-6,"sand":3.0304397936806245e-6,"dog_park":3.0304397936806245e-6,"retail":3.0304397936806245e-6,"cemetery":3.0304397936806245e-6,"wetland":1.5152198968403122e-6,"commercial":1.5152198968403122e-6,"farmyard":1.5152198968403122e-6,"fishing":1.5152198968403122e-6,"fitness_station":1.5152198968403122e-6,"industrial":1.5152198968403122e-6,"meadow":1.5152198968403122e-6,"building_density":0.0027486088928683266,"road_density":0.2836909438482091,"fraction_oneway":0.1746031746031746}