{"water":3.4517280602838195e-5,"scrub":1.96533798647739e-5,"shrubbery":7.431950369032147e-6,"wood":1.9818534317419058e-6,"tree_row":1.6515445264515881e-6,"pitch":4.954633579354764e-7,"garden":4.954633579354764e-7,"outdoor_seating":1.6515445264515881e-7,"grassland":1.6515445264515881e-7,"building_density":3.666428848722526e-5,"road_density":0.020604570198655567,"fraction_oneway":0.0654911838790932}