{"grass":9.611989143948243e-5,"water":3.4517280602838195e-5,"scrub":1.96533798647739e-5,"forest":1.12305027798708e-5,"shrubbery":7.431950369032147e-6,"farmland":5.945560295225717e-6,"wood":1.9818534317419058e-6,"meadow":1.6515445264515881e-6,"tree_row":1.6515445264515881e-6,"residential":1.1560811685161117e-6,"farmyard":8.257722632257941e-7,"garden":4.954633579354764e-7,"industrial":4.954633579354764e-7,"pitch":4.954633579354764e-7,"animal_keeping":4.954633579354764e-7,"commercial":3.3030890529031763e-7,"cemetery":3.3030890529031763e-7,"allotments":1.6515445264515881e-7,"military":1.6515445264515881e-7,"grassland":1.6515445264515881e-7,"outdoor_seating":1.6515445264515881e-7,"retail":1.6515445264515881e-7,"building_density":3.666428848722526e-5,"road_density":0.020604570198655567,"fraction_oneway":0.0654911838790932}