{"grass":0.0001225233027422251,"water":5.013381794806151e-5,"scrub":1.1479238689042121e-5,"retail":9.37080709309561e-6,"industrial":8.199456206458658e-6,"grassland":6.0910246105121465e-6,"shrubbery":5.1539439012025855e-6,"commercial":4.919673723875195e-6,"railway":2.5769719506012928e-6,"farmland":1.6398912412917318e-6,"forest":1.6398912412917318e-6,"wetland":1.4056210639643415e-6,"residential":9.37080709309561e-7,"construction":7.028105319821708e-7,"meadow":4.685403546547805e-7,"pitch":4.685403546547805e-7,"tree_row":4.685403546547805e-7,"farmyard":4.685403546547805e-7,"orchard":2.3427017732739025e-7,"garages":2.3427017732739025e-7,"garden":2.3427017732739025e-7,"brownfield":2.3427017732739025e-7,"sports_centre":2.3427017732739025e-7,"sports_hall":2.3427017732739025e-7,"stadium":2.3427017732739025e-7,"building_density":0.00017148576980364965,"road_density":0.06178578128226821,"fraction_oneway":0.33914559721011334}