{"water":0.00010401345610032653,"beach":2.4003105253921505e-5,"nature_reserve":1.6002070169281003e-5,"grassland":8.001035084640502e-6,"building_density":0.0013281718240503234,"road_density":0.241922438955497,"fraction_oneway":0.2815533980582524}