{"grass":0.00041173146265702134,"water":0.00020586573132851067,"forest":0.00017155477610709223,"farmland":3.4310955221418445e-5,"playground":3.4310955221418445e-5,"residential":3.4310955221418445e-5,"building_density":0.0035340283878061,"road_density":0.3601370100347414,"edge_length":12.465877477807664,"fraction_oneway":0.2727272727272727}