{"grass":0.00029448325216942505,"garden":0.0001187432468425101,"flowerbed":6.887108316865585e-5,"forest":6.649621823180565e-5,"scrub":2.6123514305352223e-5,"shrubbery":2.3748649368502018e-5,"residential":1.1874324684251009e-5,"tree_row":1.1874324684251009e-5,"meadow":1.1874324684251009e-5,"water":9.499459747400808e-6,"wetland":9.499459747400808e-6,"railway":7.124594810550606e-6,"pitch":4.749729873700404e-6,"park":4.749729873700404e-6,"playground":4.749729873700404e-6,"brownfield":2.374864936850202e-6,"industrial":2.374864936850202e-6,"building_density":0.0021943752016495865,"road_density":0.33392759671131117,"fraction_oneway":0.22033898305084745}