{"grass":0.00022465132095015851,"forest":2.0269292115803777e-5,"water":1.8580184439486794e-5,"playground":1.1823753734218869e-5,"shrubbery":6.756430705267925e-6,"pitch":6.756430705267925e-6,"sand":5.067323028950944e-6,"residential":3.3782153526339626e-6,"construction":3.3782153526339626e-6,"meadow":3.3782153526339626e-6,"farmland":1.6891076763169813e-6,"park":1.6891076763169813e-6,"recreation_ground":1.6891076763169813e-6,"sports_centre":1.6891076763169813e-6,"sports_hall":1.6891076763169813e-6,"industrial":1.6891076763169813e-6,"building_density":0.0038359635329158646,"road_density":0.48314626292027363,"fraction_oneway":0.20588235294117646}