{"water":0.0001014105940929349,"playground":1.6901765682155815e-5,"building_density":0.001740881865262049,"road_density":0.17740547640829443,"fraction_oneway":0.2727272727272727}