{"shrubbery":0.000398271941936702,"grass":0.00024137693450709209,"forest":4.425243799296688e-5,"playground":3.620654017606382e-5,"garden":1.2068846725354606e-5,"tree_row":1.2068846725354606e-5,"pitch":1.2068846725354606e-5,"water":8.04589781690307e-6,"recreation_ground":4.022948908451535e-6,"outdoor_seating":4.022948908451535e-6,"education":4.022948908451535e-6,"building_density":0.0036045622219725753,"road_density":0.3822795299509562,"fraction_oneway":0.171875}