{"grass":0.00012656183608502359,"forest":3.888345566467593e-5,"pitch":1.7535676084069534e-5,"grassland":9.911469090995825e-6,"tree_row":7.6242069930737106e-6,"water":6.86178629376634e-6,"shrubbery":6.099365594458969e-6,"scrub":4.5745241958442265e-6,"wood":3.8121034965368553e-6,"garden":3.0496827972294845e-6,"outdoor_seating":2.2872620979221133e-6,"fitness_station":2.2872620979221133e-6,"sports_centre":2.2872620979221133e-6,"residential":2.2872620979221133e-6,"education":1.5248413986147422e-6,"park":7.624206993073711e-7,"construction":7.624206993073711e-7,"dog_park":7.624206993073711e-7,"heath":7.624206993073711e-7,"allotments":7.624206993073711e-7,"playground":7.624206993073711e-7,"track":7.624206993073711e-7,"wetland":7.624206993073711e-7,"building_density":0.0013357610651865142,"road_density":0.18051912653250402,"fraction_oneway":0.3485148514851485}