{"grass":0.00015057504582475587,"forest":3.4130343720277996e-5,"meadow":8.030669110653646e-6,"education":4.015334555326823e-6,"water":4.015334555326823e-6,"construction":2.0076672776634115e-6,"wood":2.0076672776634115e-6,"dog_park":2.0076672776634115e-6,"pitch":2.0076672776634115e-6,"residential":2.0076672776634115e-6,"sports_centre":2.0076672776634115e-6,"building_density":0.004561420054851271,"road_density":0.8760214785126904,"edge_length":30.996517513944884,"fraction_oneway":0.36103151862464183}