{"grass":0.0004775668804520623,"water":4.341517095018748e-5,"forest":3.617930912515623e-5,"playground":2.170758547509374e-5,"dog_park":1.4471723650062493e-5,"residential":7.2358618250312466e-6,"pitch":7.2358618250312466e-6,"garden":7.2358618250312466e-6,"education":7.2358618250312466e-6,"building_density":0.010593301711845745,"road_density":1.3542102501881377,"edge_length":21.850856471853874,"fraction_oneway":0.42613636363636365}