{"grass":8.35347280165244e-5,"playground":2.0163555038471408e-5,"forest":8.641523587916317e-6,"construction":8.641523587916317e-6,"allotments":5.7610157252775445e-6,"dog_park":5.7610157252775445e-6,"park":5.7610157252775445e-6,"pitch":2.8805078626387722e-6,"brownfield":2.8805078626387722e-6,"residential":2.8805078626387722e-6,"swimming_pool":2.8805078626387722e-6,"village_green":2.8805078626387722e-6,"building_density":0.010104821582136814,"road_density":1.3553807857019713,"edge_length":24.25564996147523,"fraction_oneway":0.36038961038961037}