{"grass":0.00022974067520398548,"forest":3.829011253399758e-5,"playground":2.153818830037364e-5,"flowerbed":1.1965660166874242e-5,"construction":9.572528133499394e-6,"wood":4.786264066749697e-6,"pitch":4.786264066749697e-6,"residential":4.786264066749697e-6,"railway":2.3931320333748486e-6,"allotments":2.3931320333748486e-6,"scrub":2.3931320333748486e-6,"sports_hall":2.3931320333748486e-6,"commercial":2.3931320333748486e-6,"building_density":0.003699782123597516,"road_density":0.41838352258074246,"fraction_oneway":0.24242424242424243}