{"grass":4.5754173216659186e-5,"scrub":1.2275509887396367e-5,"forest":8.927643554470085e-6,"playground":6.6957326658525636e-6,"education":6.6957326658525636e-6,"pitch":4.463821777235042e-6,"wood":2.231910888617521e-6,"park":1.1159554443087606e-6,"cemetery":1.1159554443087606e-6,"brownfield":1.1159554443087606e-6,"building_density":0.0029215713532003353,"road_density":0.5271046476327119,"fraction_oneway":0.2887323943661972}