{"grass":0.000402873055112501,"garden":8.632994038125021e-5,"tree_row":6.0169352386931964e-5,"meadow":2.6160587994318244e-5,"forest":1.3080293997159122e-5,"scrub":1.0464235197727298e-5,"pitch":7.848176398295473e-6,"water":7.848176398295473e-6,"farmland":7.848176398295473e-6,"orchard":5.232117598863649e-6,"residential":5.232117598863649e-6,"park":2.6160587994318246e-6,"construction":2.6160587994318246e-6,"building_density":0.0007324964638409108,"road_density":0.15575525566110987,"fraction_oneway":0.03731343283582089}