{"grass":0.0002333505695674806,"forest":5.896492886920208e-5,"pitch":2.383688613861361e-5,"industrial":1.1291156591974866e-5,"water":1.0036583637310993e-5,"construction":5.018291818655496e-6,"dog_park":5.018291818655496e-6,"greenfield":3.7637188639916223e-6,"playground":3.7637188639916223e-6,"brownfield":3.7637188639916223e-6,"park":2.509145909327748e-6,"grassland":2.509145909327748e-6,"residential":2.509145909327748e-6,"scrub":1.254572954663874e-6,"sports_centre":1.254572954663874e-6,"track":1.254572954663874e-6,"tree_row":1.254572954663874e-6,"orchard":1.254572954663874e-6,"wetland":1.254572954663874e-6,"building_density":0.0009446934348618972,"road_density":0.234269762157586,"edge_length":29.23636663304329,"fraction_oneway":0.3458980044345898}