{"grass":0.0005385155049887925,"forest":2.605720185429641e-5,"playground":2.605720185429641e-5,"sand":1.3028600927148204e-5,"pitch":8.685733951432136e-6,"education":6.514300463574102e-6,"village_green":2.171433487858034e-6,"commercial":2.171433487858034e-6,"water":2.171433487858034e-6,"farmland":2.171433487858034e-6,"park":2.171433487858034e-6,"residential":2.171433487858034e-6,"swimming_pool":2.171433487858034e-6,"tree_row":2.171433487858034e-6,"building_density":0.006696700876554177,"road_density":1.0126084072926187,"edge_length":24.69323607652198,"fraction_oneway":0.27019498607242337}