{"water":3.569113327689506e-5,"wood":9.7339454391532e-6,"dog_park":3.244648479717733e-6,"garden":3.244648479717733e-6,"pitch":3.244648479717733e-6,"building_density":0.004390009393058092,"road_density":0.49037276890478115,"fraction_oneway":0.3072289156626506}