{"grass":9.997082158298362e-5,"pitch":2.4992705395745905e-5,"forest":2.2720641268859912e-5,"playground":1.5904448888201938e-5,"swimming_pool":9.088256507543965e-6,"garden":4.544128253771983e-6,"water":4.544128253771983e-6,"park":4.544128253771983e-6,"industrial":2.2720641268859913e-6,"farmland":2.2720641268859913e-6,"fitness_station":2.2720641268859913e-6,"heath":2.2720641268859913e-6,"brownfield":2.2720641268859913e-6,"residential":2.2720641268859913e-6,"scrub":2.2720641268859913e-6,"building_density":0.006566265326700515,"road_density":0.9840619995595496,"edge_length":26.28435826646212,"fraction_oneway":0.1872791519434629}