{"grass":6.802180354266091e-5,"forest":1.5418275469669807e-5,"meadow":3.627829522275249e-6,"education":1.8139147611376244e-6,"water":1.8139147611376244e-6,"construction":9.069573805688122e-7,"wood":9.069573805688122e-7,"dog_park":9.069573805688122e-7,"pitch":9.069573805688122e-7,"residential":9.069573805688122e-7,"sports_centre":9.069573805688122e-7,"building_density":0.002060607168652341,"road_density":0.3957399487023413,"fraction_oneway":0.36103151862464183}