{"grass":0.00015896608840270017,"forest":6.168833281298813e-5,"water":2.8471538221379132e-5,"playground":1.6608397295804495e-5,"pitch":1.6608397295804495e-5,"shrubbery":9.490512740459712e-6,"wood":7.117884555344783e-6,"grassland":7.117884555344783e-6,"commercial":4.745256370229856e-6,"recreation_ground":4.745256370229856e-6,"residential":4.745256370229856e-6,"sand":4.745256370229856e-6,"park":2.372628185114928e-6,"greenery":2.372628185114928e-6,"vineyard":2.372628185114928e-6,"garden":2.372628185114928e-6,"retail":2.372628185114928e-6,"building_density":0.00786288980547087,"road_density":1.17594502492219,"edge_length":23.5599045661693,"fraction_oneway":0.3181818181818182}