{"shrubbery":1.5424922337941984e-5,"pitch":1.5424922337941984e-5,"playground":1.5424922337941984e-5,"grassland":7.712461168970992e-6,"park":7.712461168970992e-6,"swimming_pool":3.856230584485496e-6,"scrub":3.856230584485496e-6,"fitness_station":3.856230584485496e-6,"building_density":0.00676382844518756,"road_density":0.6191794331596109,"fraction_oneway":0.13962264150943396}