{"forest":0.00025191748829761935,"grass":0.00019333202590282413,"water":6.249115988778154e-5,"pitch":4.491552116934298e-5,"farmland":1.1717092478959039e-5,"residential":3.9056974929863465e-6,"grassland":3.9056974929863465e-6,"sports_centre":1.9528487464931733e-6,"playground":1.9528487464931733e-6,"plant_nursery":1.9528487464931733e-6,"greenfield":1.9528487464931733e-6,"building_density":0.00023434184957918077,"road_density":0.10442573628187422,"edge_length":36.72633267162158,"fraction_oneway":0.4092827004219409}