{"grass":0.0008351848579258594,"water":6.424498907121995e-5,"forest":4.818374180341497e-5,"playground":3.2122494535609974e-5,"residential":8.030623633902494e-6,"pitch":8.030623633902494e-6,"wood":8.030623633902494e-6,"building_density":0.01361993768309863,"road_density":1.6438784306368184,"edge_length":21.597511810375234,"fraction_oneway":0.34134615384615385}