{"pitch":2.501960313540455e-5,"grass":2.189215274347898e-5,"forest":2.111029014549759e-5,"tree_row":5.473038185869745e-6,"water":3.909312989906961e-6,"sports_centre":3.127450391925569e-6,"playground":3.127450391925569e-6,"residential":1.5637251959627844e-6,"wood":7.818625979813922e-7,"education":7.818625979813922e-7,"garden":7.818625979813922e-7,"nature_reserve":7.818625979813922e-7,"park":7.818625979813922e-7,"railway":7.818625979813922e-7,"track":7.818625979813922e-7,"cemetery":7.818625979813922e-7,"building_density":0.001666931058896328,"road_density":0.27389644306747407,"fraction_oneway":0.2931726907630522}