{"grass":0.00044229874262225225,"water":4.287994991310884e-5,"grassland":1.9851828663476312e-5,"forest":1.588146293078105e-5,"orchard":9.52887775846863e-6,"basin":8.734804611929579e-6,"farmland":7.1466583188514726e-6,"residential":3.970365732695262e-6,"park":2.3822194396171577e-6,"wood":1.5881462930781051e-6,"construction":1.5881462930781051e-6,"industrial":1.5881462930781051e-6,"pitch":1.5881462930781051e-6,"playground":1.5881462930781051e-6,"retail":7.940731465390526e-7,"education":7.940731465390526e-7,"brownfield":7.940731465390526e-7,"building_density":0.0012459007669197734,"road_density":0.20425216480888667,"edge_length":21.40830993105689,"fraction_oneway":0.3803418803418803}