{"forest":0.00011614818213123766,"grass":8.913697698443821e-5,"water":2.881195215658609e-5,"pitch":2.070859061254625e-5,"farmland":5.402241029359892e-6,"residential":1.8007470097866305e-6,"grassland":1.8007470097866305e-6,"sports_centre":9.003735048933153e-7,"playground":9.003735048933153e-7,"plant_nursery":9.003735048933153e-7,"greenfield":9.003735048933153e-7,"building_density":0.00010804482058719783,"road_density":0.04814615896188395,"fraction_oneway":0.4092827004219409}