{"forest":8.432395313639406e-5,"grass":4.144736679585471e-5,"swimming_pool":1.0004536812792515e-5,"pitch":5.71687817873858e-6,"water":4.287658634053935e-6,"cemetery":2.85843908936929e-6,"garden":2.85843908936929e-6,"residential":2.85843908936929e-6,"sports_centre":1.429219544684645e-6,"playground":1.429219544684645e-6,"building_density":0.0009375680213131271,"road_density":0.21130226774513375,"edge_length":32.21013358033656,"fraction_oneway":0.22748815165876776}