{"garden":0.0010000865266357236,"grass":0.0006383531021079087,"playground":5.674249796514744e-5,"forest":3.546406122821715e-5,"water":2.127843673693029e-5,"meadow":2.127843673693029e-5,"construction":1.418562449128686e-5,"industrial":7.09281224564343e-6,"commercial":7.09281224564343e-6,"residential":7.09281224564343e-6,"scrub":7.09281224564343e-6,"building_density":0.005014618257669905,"road_density":0.7067315963258779,"edge_length":18.302816591073007,"fraction_oneway":0.29770992366412213}