{"grass":6.466775649308644e-5,"shrubbery":2.0957143307944683e-5,"forest":1.1975510461682677e-5,"playground":7.78408180009374e-6,"flowerbed":2.395102092336535e-6,"pitch":2.395102092336535e-6,"swimming_pool":2.395102092336535e-6,"park":1.7963265692524014e-6,"railway":1.7963265692524014e-6,"tree_row":1.7963265692524014e-6,"residential":1.7963265692524014e-6,"education":1.1975510461682676e-6,"garden":1.1975510461682676e-6,"industrial":5.987755230841338e-7,"commercial":5.987755230841338e-7,"construction":5.987755230841338e-7,"fitness_station":5.987755230841338e-7,"allotments":5.987755230841338e-7,"retail":5.987755230841338e-7,"building_density":0.0026711376084783208,"road_density":0.4306085101421511,"fraction_oneway":0.2680577849117175}