{"garden":0.00023696157195643626,"water":1.6284089068096328e-5,"playground":1.2353446879245492e-5,"wetland":1.1791926566552514e-5,"pitch":2.8076015634648846e-6,"wood":5.615203126929769e-7,"sports_centre":5.615203126929769e-7,"tree_row":5.615203126929769e-7,"dog_park":5.615203126929769e-7,"building_density":0.002209582430446864,"road_density":0.24916289468689204,"fraction_oneway":0.07888631090487239}