{"grass":0.0006312510360396473,"forest":5.695498069530652e-5,"water":5.220873230403098e-5,"playground":3.3223738738928804e-5,"shrubbery":1.8984993565102174e-5,"pitch":1.8984993565102174e-5,"sand":1.423874517382663e-5,"residential":9.492496782551087e-6,"construction":9.492496782551087e-6,"meadow":9.492496782551087e-6,"farmland":4.7462483912755435e-6,"park":4.7462483912755435e-6,"recreation_ground":4.7462483912755435e-6,"sports_centre":4.7462483912755435e-6,"sports_hall":4.7462483912755435e-6,"industrial":4.7462483912755435e-6,"building_density":0.01077873009658676,"road_density":1.3575997583151151,"edge_length":20.48677771897064,"fraction_oneway":0.20588235294117646}