{"pitch":1.0953973513257858e-5,"playground":6.970710417527727e-6,"swimming_pool":3.98326309573013e-6,"water":1.991631547865065e-6,"garden":1.991631547865065e-6,"park":1.991631547865065e-6,"scrub":9.958157739325325e-7,"heath":9.958157739325325e-7,"fitness_station":9.958157739325325e-7,"building_density":0.002877907586665019,"road_density":0.4313014100671818,"fraction_oneway":0.1872791519434629}