{"water":2.881195215658609e-5,"pitch":2.070859061254625e-5,"grassland":1.8007470097866305e-6,"playground":9.003735048933153e-7,"sports_centre":9.003735048933153e-7,"building_density":0.00010804482058719783,"road_density":0.04814615896188395,"fraction_oneway":0.4092827004219409}