{"grass":5.879441581461011e-5,"forest":1.5421486115307567e-5,"park":3.855371528826892e-6,"farmland":1.927685764413446e-6,"playground":1.927685764413446e-6,"cemetery":1.927685764413446e-6,"residential":9.63842882206723e-7,"swimming_pool":9.63842882206723e-7,"allotments":9.63842882206723e-7,"water":9.63842882206723e-7,"brownfield":9.63842882206723e-7,"dog_park":9.63842882206723e-7,"education":9.63842882206723e-7,"orchard":9.63842882206723e-7,"pitch":9.63842882206723e-7,"building_density":0.0015604616262926846,"road_density":0.25688529588980924,"fraction_oneway":0.2720306513409962}