{"grass":0.0010606696590489569,"garden":0.00022728635551049075,"tree_row":0.00015841170232549356,"meadow":6.88746531849972e-5,"forest":3.44373265924986e-5,"scrub":2.754986127399888e-5,"pitch":2.066239595549916e-5,"water":2.066239595549916e-5,"farmland":2.066239595549916e-5,"orchard":1.377493063699944e-5,"residential":1.377493063699944e-5,"park":6.88746531849972e-6,"construction":6.88746531849972e-6,"building_density":0.0019284902891799215,"road_density":0.4100668233347589,"edge_length":20.537472434966734,"fraction_oneway":0.03731343283582089}