{"grass":0.00012731029805207068,"forest":2.7499024379247263e-5,"water":4.073929537666262e-6,"basin":2.036964768833131e-6,"industrial":2.036964768833131e-6,"residential":1.0184823844165654e-6,"building_density":0.000295359891480804,"road_density":0.12114952241798095,"fraction_oneway":0.2366412213740458}