{"grass":0.00011122268145681098,"shrubbery":3.604438750915171e-5,"forest":2.0596792862372406e-5,"playground":1.3387915360542063e-5,"flowerbed":4.119358572474481e-6,"pitch":4.119358572474481e-6,"swimming_pool":4.119358572474481e-6,"park":3.0895189293558607e-6,"railway":3.0895189293558607e-6,"tree_row":3.0895189293558607e-6,"residential":3.0895189293558607e-6,"education":2.0596792862372404e-6,"garden":2.0596792862372404e-6,"industrial":1.0298396431186202e-6,"commercial":1.0298396431186202e-6,"construction":1.0298396431186202e-6,"fitness_station":1.0298396431186202e-6,"allotments":1.0298396431186202e-6,"retail":1.0298396431186202e-6,"building_density":0.004594114647952165,"road_density":0.7406076189028247,"edge_length":24.99212805449347,"fraction_oneway":0.2680577849117175}