{"garden":0.00037678856535440833,"grass":0.00035714555957763825,"forest":0.00015267972671944034,"water":2.589305306937877e-5,"playground":1.9643005776770102e-5,"wetland":1.8750141877826008e-5,"flowerbed":1.1607230686273243e-5,"pitch":4.464319494720478e-6,"railway":1.7857277978881912e-6,"wood":8.928638989440956e-7,"residential":8.928638989440956e-7,"retail":8.928638989440956e-7,"sports_centre":8.928638989440956e-7,"tree_row":8.928638989440956e-7,"dog_park":8.928638989440956e-7,"building_density":0.003513419442345016,"road_density":0.3961896811094969,"edge_length":16.99004806163339,"fraction_oneway":0.07888631090487239}