{"grass":0.00012038918441737556,"playground":9.260706493644275e-6,"construction":9.260706493644275e-6,"pitch":7.40856519491542e-6,"park":7.40856519491542e-6,"shrubbery":5.556423896186565e-6,"allotments":3.70428259745771e-6,"forest":3.70428259745771e-6,"residential":1.852141298728855e-6,"scrub":1.852141298728855e-6,"brownfield":1.852141298728855e-6,"water":1.852141298728855e-6,"wood":1.852141298728855e-6,"building_density":0.01033494844690701,"road_density":1.4627375315544429,"edge_length":26.633218471064687,"fraction_oneway":0.296875}