{"grass":0.00043374760144485134,"garden":0.00016670445155712865,"flowerbed":0.0001351017119254455,"water":2.7652397177722764e-5,"tree_row":2.6862328686930685e-5,"forest":2.6862328686930685e-5,"playground":1.3431164343465342e-5,"scrub":1.1851027361881184e-5,"meadow":9.480821889504948e-6,"farmland":7.90068490792079e-6,"pitch":7.110616417128711e-6,"residential":6.3205479263366315e-6,"plant_nursery":5.530479435544553e-6,"sand":4.740410944752474e-6,"park":4.740410944752474e-6,"orchard":3.1602739631683158e-6,"outdoor_seating":2.370205472376237e-6,"dog_park":1.5801369815841579e-6,"wetland":7.900684907920789e-7,"industrial":7.900684907920789e-7,"recreation_ground":7.900684907920789e-7,"sports_centre":7.900684907920789e-7,"swimming_pool":7.900684907920789e-7,"allotments":7.900684907920789e-7,"building_density":0.0020360065007711875,"road_density":0.19645454165867732,"fraction_oneway":0.11283185840707964}