{"garden":0.0012114100591915538,"grass":0.0003583043837045441,"tree_row":6.256108286904738e-5,"forest":4.549896935930719e-5,"pitch":1.7062113509740195e-5,"cemetery":1.1374742339826797e-5,"residential":1.1374742339826797e-5,"shrubbery":1.1374742339826797e-5,"water":1.1374742339826797e-5,"playground":5.687371169913399e-6,"construction":5.687371169913399e-6,"scrub":5.687371169913399e-6,"industrial":5.687371169913399e-6,"outdoor_seating":5.687371169913399e-6,"education":5.687371169913399e-6,"building_density":0.004976449773674224,"road_density":0.8441190688665583,"edge_length":22.41992469879015,"fraction_oneway":0.16891891891891891}