{"garden":8.052032589010695e-6,"shrubbery":9.411466662480034e-7,"outdoor_seating":8.104318514913362e-7,"tree_row":3.921444442700014e-7,"scrub":2.0914370361066742e-7,"park":1.83000740659334e-7,"wetland":1.0457185180533371e-7,"water":1.0457185180533371e-7,"playground":5.2285925902666854e-8,"dog_park":2.6142962951333427e-8,"pitch":2.6142962951333427e-8,"building_density":5.6677943678490866e-5,"road_density":0.005695570645529672,"fraction_oneway":0.23561346362649294}