{"park":3.855371528826892e-6,"playground":1.927685764413446e-6,"dog_park":9.63842882206723e-7,"pitch":9.63842882206723e-7,"swimming_pool":9.63842882206723e-7,"water":9.63842882206723e-7,"building_density":0.0015604616262926846,"road_density":0.25688529588980924,"fraction_oneway":0.2720306513409962}