{"grass":8.791334923023319e-5,"forest":4.0392619916593626e-5,"playground":2.8512437588183737e-5,"water":2.0196309958296813e-5,"scrub":1.6632255259773845e-5,"pitch":5.940091164204945e-6,"grassland":3.564054698522967e-6,"residential":2.376036465681978e-6,"education":2.376036465681978e-6,"construction":2.376036465681978e-6,"retail":1.188018232840989e-6,"meadow":1.188018232840989e-6,"sand":1.188018232840989e-6,"building_density":0.003217153374533398,"road_density":0.5382225569383201,"edge_length":25.65794513681029,"fraction_oneway":0.2336448598130841}