{"garden":0.0005984798724865885,"grass":0.00044173514397819624,"forest":0.00012824568696141183,"tree_row":3.799872206264054e-5,"flowerbed":2.8499041546980404e-5,"water":1.4249520773490202e-5,"meadow":9.499680515660135e-6,"scrub":9.499680515660135e-6,"plant_nursery":9.499680515660135e-6,"pitch":4.749840257830067e-6,"farmland":4.749840257830067e-6,"construction":4.749840257830067e-6,"playground":4.749840257830067e-6,"residential":4.749840257830067e-6,"building_density":0.006146293293632107,"road_density":0.9102319392032981,"edge_length":21.73955999091609,"fraction_oneway":0.053475935828877004}