{"grass":4.828466118649948e-5,"shrubbery":2.414233059324974e-5,"playground":1.8106747944937304e-5,"forest":9.053373972468652e-6,"park":6.035582648312435e-6,"pitch":3.0177913241562175e-6,"residential":3.0177913241562175e-6,"water":3.0177913241562175e-6,"building_density":0.007423766657424295,"road_density":0.988281228914252,"fraction_oneway":0.4595744680851064}