{"grass":0.00014683756734350947,"forest":3.8514771762231986e-5,"park":9.628692940557997e-6,"farmland":4.814346470278998e-6,"playground":4.814346470278998e-6,"cemetery":4.814346470278998e-6,"residential":2.407173235139499e-6,"swimming_pool":2.407173235139499e-6,"allotments":2.407173235139499e-6,"water":2.407173235139499e-6,"brownfield":2.407173235139499e-6,"dog_park":2.407173235139499e-6,"education":2.407173235139499e-6,"orchard":2.407173235139499e-6,"pitch":2.407173235139499e-6,"building_density":0.0038972134676908497,"road_density":0.6415645331644556,"edge_length":26.042794787888347,"fraction_oneway":0.2720306513409962}