{"grass":0.0007747789189605233,"garden":0.0005433514496606267,"forest":0.000213315754311209,"flowerbed":0.00019117921376947977,"tree_row":9.458340049647947e-5,"water":4.6285493859979314e-5,"scrub":1.811171498868756e-5,"sand":1.4086889435645878e-5,"pitch":6.03723832956252e-6,"park":4.02482555304168e-6,"allotments":2.01241277652084e-6,"wetland":2.01241277652084e-6,"construction":2.01241277652084e-6,"farmyard":2.01241277652084e-6,"orchard":2.01241277652084e-6,"outdoor_seating":2.01241277652084e-6,"plant_nursery":2.01241277652084e-6,"playground":2.01241277652084e-6,"residential":2.01241277652084e-6,"retail":2.01241277652084e-6,"static_caravan":2.01241277652084e-6,"building_density":0.007043444717822939,"road_density":0.9215129863267566,"edge_length":20.025999212749188,"fraction_oneway":0.07106598984771574}