{"grass":5.773767942719447e-5,"playground":2.2206799779690182e-5,"pitch":1.3324079867814109e-5,"forest":1.1103399889845091e-5,"education":4.4413599559380365e-6,"residential":4.4413599559380365e-6,"park":4.4413599559380365e-6,"water":2.2206799779690183e-6,"retail":2.2206799779690183e-6,"shrubbery":2.2206799779690183e-6,"commercial":2.2206799779690183e-6,"building_density":0.006242331418070911,"road_density":0.8275868118690463,"edge_length":20.861660540317256,"fraction_oneway":0.3371757925072046}