{"shrubbery":0.0007721058770967701,"grass":0.0006935407176728882,"tree_row":0.0001246205977068471,"playground":7.043772913865271e-5,"water":7.043772913865271e-5,"forest":2.7091434284097198e-5,"pitch":1.0836573713638878e-5,"commercial":5.418286856819439e-6,"garden":5.418286856819439e-6,"grassland":5.418286856819439e-6,"residential":5.418286856819439e-6,"scrub":2.7091434284097196e-6,"meadow":2.7091434284097196e-6,"education":2.7091434284097196e-6,"wetland":2.7091434284097196e-6,"building_density":0.005962824685929793,"road_density":0.8437529406476547,"edge_length":21.139373512161878,"fraction_oneway":0.15076923076923077}