{"grass":0.0003133980462598587,"forest":0.00014297883216463599,"scrub":7.654422328005766e-5,"playground":2.888461255851232e-5,"water":2.166345941888424e-5,"static_caravan":1.2998075651330544e-5,"beach":1.0109614395479313e-5,"pitch":5.7769225117024645e-6,"wetland":4.332691883776848e-6,"plant_nursery":2.8884612558512322e-6,"residential":1.4442306279256161e-6,"allotments":1.4442306279256161e-6,"park":1.4442306279256161e-6,"garden":1.4442306279256161e-6,"building_density":0.0045031110978720704,"road_density":0.45823291577262937,"edge_length":18.024492368822887,"fraction_oneway":0.10559006211180125}