{"garden":0.00047797088590430855,"grass":0.00030508779951338844,"playground":2.7118915512301193e-5,"forest":1.6949322195188247e-5,"water":1.0169593317112948e-5,"meadow":1.0169593317112948e-5,"construction":6.779728878075298e-6,"industrial":3.389864439037649e-6,"commercial":3.389864439037649e-6,"residential":3.389864439037649e-6,"scrub":3.389864439037649e-6,"building_density":0.002396634158399618,"road_density":0.3377679012722935,"fraction_oneway":0.29770992366412213}