{"grass":0.0003696019300556076,"forest":0.00011355240019780716,"pitch":5.120990597156009e-5,"grassland":2.894472946218614e-5,"tree_row":2.226517650937395e-5,"water":2.003865885843656e-5,"shrubbery":1.7812141207499163e-5,"scrub":1.3359105905624372e-5,"wood":1.1132588254686976e-5,"garden":8.906070603749581e-6,"outdoor_seating":6.679552952812186e-6,"fitness_station":6.679552952812186e-6,"sports_centre":6.679552952812186e-6,"residential":6.679552952812186e-6,"education":4.453035301874791e-6,"park":2.2265176509373953e-6,"construction":2.2265176509373953e-6,"dog_park":2.2265176509373953e-6,"heath":2.2265176509373953e-6,"allotments":2.2265176509373953e-6,"playground":2.2265176509373953e-6,"track":2.2265176509373953e-6,"wetland":2.2265176509373953e-6,"building_density":0.0039008589244423166,"road_density":0.5271748549344972,"edge_length":20.79127325725358,"fraction_oneway":0.3485148514851485}