{"water":1.8580184439486794e-5,"playground":1.1823753734218869e-5,"shrubbery":6.756430705267925e-6,"pitch":6.756430705267925e-6,"sand":5.067323028950944e-6,"park":1.6891076763169813e-6,"sports_centre":1.6891076763169813e-6,"sports_hall":1.6891076763169813e-6,"building_density":0.0038359635329158646,"road_density":0.48314626292027363,"fraction_oneway":0.20588235294117646}