{"grass":0.00039314358331765805,"grassland":6.644680281425207e-5,"forest":1.9128625052587715e-5,"water":1.6611700703563017e-5,"meadow":1.4598161224343256e-5,"pitch":1.0571082265903737e-5,"playground":1.0571082265903737e-5,"residential":7.0473881772691585e-6,"beach":7.0473881772691585e-6,"wood":5.537233567854339e-6,"shrubbery":5.537233567854339e-6,"construction":5.033848698049399e-6,"orchard":4.027078958439519e-6,"scrub":3.5236940886345793e-6,"basin":2.5169243490246996e-6,"dog_park":2.0135394792197593e-6,"tree_row":2.0135394792197593e-6,"cemetery":1.5101546094148197e-6,"park":1.5101546094148197e-6,"sand":1.5101546094148197e-6,"education":1.5101546094148197e-6,"farmland":1.0067697396098797e-6,"outdoor_seating":1.0067697396098797e-6,"wetland":1.0067697396098797e-6,"static_caravan":5.033848698049398e-7,"swimming_area":5.033848698049398e-7,"retail":5.033848698049398e-7,"railway":5.033848698049398e-7,"garden":5.033848698049398e-7,"sports_centre":5.033848698049398e-7,"building_density":0.0033354281473275318,"road_density":0.45837022393701127,"edge_length":21.210223029614298,"fraction_oneway":0.2454728370221328}