{"shrubbery":9.445665838680636e-5,"pitch":2.0868331504061866e-5,"water":1.8671665029950093e-5,"playground":1.5376665318782427e-5,"sand":9.88499913350299e-6,"building_density":0.002935844742650388,"road_density":0.32479926345205007,"fraction_oneway":0.3090909090909091}