{"shrubbery":0.0008957099339113851,"grass":0.0005428545054008394,"forest":9.95233259901539e-5,"playground":8.142817581012592e-5,"garden":2.7142725270041973e-5,"tree_row":2.7142725270041973e-5,"pitch":2.7142725270041973e-5,"water":1.8095150180027982e-5,"recreation_ground":9.047575090013991e-6,"outdoor_seating":9.047575090013991e-6,"education":9.047575090013991e-6,"building_density":0.008106627280652536,"road_density":0.8597431464616365,"edge_length":16.17992579236033,"fraction_oneway":0.171875}