{"grass":0.00019031293708633856,"forest":0.00010436515904734694,"water":3.0695635013925574e-5,"industrial":1.2278254005570229e-5,"farmland":6.1391270027851145e-6,"wood":6.1391270027851145e-6,"building_density":0.0007980865103620648,"road_density":0.3308338988924047,"edge_length":47.94431013489009,"fraction_oneway":0.6938775510204082}