{"playground":2.2389527885558876e-5,"water":1.5859248918937537e-5,"scrub":1.3060557933242677e-5,"pitch":4.664484976158099e-6,"grassland":2.7986909856948595e-6,"sand":9.328969952316198e-7,"building_density":0.0025262850630872265,"road_density":0.42264183516183707,"fraction_oneway":0.2336448598130841}