{"playground":4.703460434711543e-6,"pitch":3.7627683477692345e-6,"park":3.7627683477692345e-6,"shrubbery":2.822076260826926e-6,"scrub":9.406920869423086e-7,"water":9.406920869423086e-7,"wood":9.406920869423086e-7,"building_density":0.005249061845138082,"road_density":0.7429161166867474,"fraction_oneway":0.296875}