{"grass":0.00013612040622296216,"forest":3.9323672908855735e-5,"playground":3.9323672908855735e-5,"water":1.2099591664263302e-5,"pitch":1.2099591664263302e-5,"tree_row":6.049795832131651e-6,"residential":3.0248979160658256e-6,"track":3.0248979160658256e-6,"cemetery":3.0248979160658256e-6,"building_density":0.004192508511667234,"road_density":0.6120626495595854,"edge_length":22.087281798605208,"fraction_oneway":0.20118343195266272}