{"water":1.6688144583322477e-5,"grassland":7.725992862649296e-6,"park":9.271191435179154e-7,"pitch":6.180794290119436e-7,"playground":6.180794290119436e-7,"wood":6.180794290119436e-7,"building_density":0.0004848833120598698,"road_density":0.07949145613962742,"fraction_oneway":0.3803418803418803}