{"grass":0.00037119539767703773,"forest":8.017820589824015e-5,"water":1.1878252725665208e-5,"basin":5.939126362832604e-6,"industrial":5.939126362832604e-6,"residential":2.969563181416302e-6,"building_density":0.0008611733226107275,"road_density":0.353232580870501,"edge_length":46.248454070025886,"fraction_oneway":0.2366412213740458}