{"garden":0.00016670445155712865,"water":2.7652397177722764e-5,"tree_row":2.6862328686930685e-5,"playground":1.3431164343465342e-5,"scrub":1.1851027361881184e-5,"pitch":7.110616417128711e-6,"park":4.740410944752474e-6,"sand":4.740410944752474e-6,"outdoor_seating":2.370205472376237e-6,"dog_park":1.5801369815841579e-6,"swimming_pool":7.900684907920789e-7,"sports_centre":7.900684907920789e-7,"wetland":7.900684907920789e-7,"building_density":0.0020360065007711875,"road_density":0.19645454165867732,"fraction_oneway":0.11283185840707964}