{"grass":0.0003538094811758406,"forest":0.00018641574814641065,"water":6.467485139773431e-5,"shrubbery":3.0435224187169086e-5,"pitch":1.1413209070188407e-5,"playground":1.1413209070188407e-5,"dog_park":7.6088060467922714e-6,"park":7.6088060467922714e-6,"residential":3.8044030233961357e-6,"construction":3.8044030233961357e-6,"building_density":0.009959927115251083,"road_density":1.0997187098261234,"edge_length":20.485062998323233,"fraction_oneway":0.3517915309446254}