{"grass":0.00022512001438241864,"scrub":7.410200473421281e-5,"water":3.939600251692326e-5,"forest":3.658200233714303e-5,"playground":1.313200083897442e-5,"tree_row":1.0318000659194187e-5,"farmland":5.628000359560466e-6,"meadow":2.814000179780233e-6,"orchard":2.814000179780233e-6,"pitch":2.814000179780233e-6,"sand":1.8760001198534886e-6,"grassland":1.8760001198534886e-6,"park":1.8760001198534886e-6,"dog_park":1.8760001198534886e-6,"industrial":9.380000599267443e-7,"cemetery":9.380000599267443e-7,"construction":9.380000599267443e-7,"residential":9.380000599267443e-7,"education":9.380000599267443e-7,"building_density":0.0022390061430451387,"road_density":0.3139484077706342,"edge_length":19.284384286783485,"fraction_oneway":0.11791383219954649}