{"grass":0.0007730026348930913,"forest":6.550869787229588e-5,"water":3.275434893614794e-5,"playground":3.275434893614794e-5,"dog_park":1.3101739574459175e-5,"pitch":1.3101739574459175e-5,"residential":6.5508697872295875e-6,"sports_centre":6.5508697872295875e-6,"education":6.5508697872295875e-6,"allotments":6.5508697872295875e-6,"garden":6.5508697872295875e-6,"building_density":0.013697868725097068,"road_density":1.5156163952717863,"edge_length":21.165592643200654,"fraction_oneway":0.308411214953271}