{"grass":0.00024803208762385557,"forest":0.00019202484203137204,"water":0.00010401345610032653,"farmland":3.200414033856201e-5,"beach":2.4003105253921505e-5,"nature_reserve":1.6002070169281003e-5,"residential":8.001035084640502e-6,"static_caravan":8.001035084640502e-6,"grassland":8.001035084640502e-6,"building_density":0.0013281718240503234,"road_density":0.241922438955497,"fraction_oneway":0.2815533980582524}