{"water":2.093777875186834e-5,"playground":1.046888937593417e-5,"pitch":2.6172223439835424e-6,"wood":2.6172223439835424e-6,"building_density":0.004438809095396088,"road_density":0.5357485988126834,"fraction_oneway":0.34134615384615385}