{"grass":0.00040907081272785803,"forest":2.0616300906709025e-5,"playground":1.736109550038655e-5,"tree_row":8.680547750193274e-6,"pitch":6.510410812644956e-6,"water":5.425342343870796e-6,"sand":4.340273875096637e-6,"farmland":4.340273875096637e-6,"education":3.255205406322478e-6,"grassland":2.1701369375483186e-6,"wood":1.0850684687741593e-6,"cemetery":1.0850684687741593e-6,"fitness_station":1.0850684687741593e-6,"meadow":1.0850684687741593e-6,"nature_reserve":1.0850684687741593e-6,"residential":1.0850684687741593e-6,"schoolyard":1.0850684687741593e-6,"sports_hall":1.0850684687741593e-6,"village_green":1.0850684687741593e-6,"allotments":1.0850684687741593e-6,"building_density":0.006235888490045093,"road_density":0.8543750778750118,"edge_length":23.932911239381976,"fraction_oneway":0.20710059171597633}