{"garden":0.0004106281029346604,"grass":0.0003122003928679253,"forest":8.304838036880772e-5,"tree_row":2.1531061577098297e-5,"scrub":1.8455195637512824e-5,"sand":1.5379329697927355e-5,"pitch":1.2303463758341883e-5,"railway":9.227597818756412e-6,"static_caravan":7.689664848963678e-6,"water":6.1517318791709414e-6,"meadow":6.1517318791709414e-6,"playground":6.1517318791709414e-6,"residential":3.0758659395854707e-6,"shrubbery":1.5379329697927354e-6,"sports_centre":1.5379329697927354e-6,"stadium":1.5379329697927354e-6,"outdoor_seating":1.5379329697927354e-6,"nature_reserve":1.5379329697927354e-6,"allotments":1.5379329697927354e-6,"building_density":0.0021761751522567205,"road_density":0.3117512782950834,"edge_length":19.68038594143668,"fraction_oneway":0.23676880222841226}