{"shrubbery":5.193362691182905e-5,"tree_row":7.081858215249416e-6,"water":7.081858215249416e-6,"pitch":4.721238810166277e-6,"playground":4.721238810166277e-6,"building_density":0.002411372722292426,"road_density":0.40023048319770727,"fraction_oneway":0.18543046357615894}