{"water":7.803469577143786e-6,"pitch":6.502891314286488e-6,"playground":5.202313051429191e-6,"shrubbery":5.202313051429191e-6,"sand":3.901734788571893e-6,"ice_rink":1.3005782628572977e-6,"dog_park":1.3005782628572977e-6,"building_density":0.002416474412388859,"road_density":0.2993699663521856,"fraction_oneway":0.41509433962264153}