{"grass":0.00019525555358750757,"water":1.7750504871591597e-5,"forest":1.4792087392992997e-5,"playground":8.875252435795798e-6,"dog_park":5.916834957197199e-6,"residential":2.9584174785985995e-6,"pitch":2.9584174785985995e-6,"garden":2.9584174785985995e-6,"education":2.9584174785985995e-6,"building_density":0.00433112318866835,"road_density":0.5536754806448599,"fraction_oneway":0.42613636363636365}