{"water":1.8139147611376244e-6,"dog_park":9.069573805688122e-7,"pitch":9.069573805688122e-7,"sports_centre":9.069573805688122e-7,"wood":9.069573805688122e-7,"building_density":0.002060607168652341,"road_density":0.3957399487023413,"fraction_oneway":0.36103151862464183}