{"pitch":5.255410620614329e-5,"grass":4.598484293037538e-5,"forest":4.43425271114334e-5,"tree_row":1.1496210732593845e-5,"water":8.211579094709888e-6,"sports_centre":6.569263275767911e-6,"playground":6.569263275767911e-6,"residential":3.2846316378839557e-6,"wood":1.6423158189419779e-6,"education":1.6423158189419779e-6,"garden":1.6423158189419779e-6,"nature_reserve":1.6423158189419779e-6,"park":1.6423158189419779e-6,"railway":1.6423158189419779e-6,"track":1.6423158189419779e-6,"cemetery":1.6423158189419779e-6,"building_density":0.0035014173259842966,"road_density":0.57532418402288,"edge_length":26.670175712920795,"fraction_oneway":0.2931726907630522}