{"forest":0.0001476213596953184,"grass":8.73253113690616e-5,"pitch":4.574182976474655e-5,"shrubbery":1.2475044481294514e-5,"water":8.31669632086301e-6,"sports_centre":6.237522240647257e-6,"tree_row":4.158348160431505e-6,"residential":4.158348160431505e-6,"cemetery":4.158348160431505e-6,"wood":2.0791740802157523e-6,"construction":2.0791740802157523e-6,"education":2.0791740802157523e-6,"grassland":2.0791740802157523e-6,"park":2.0791740802157523e-6,"playground":2.0791740802157523e-6,"railway":2.0791740802157523e-6,"allotments":2.0791740802157523e-6,"building_density":0.0028505476639757964,"road_density":0.49268165311156215,"edge_length":26.428760964890106,"fraction_oneway":0.21933085501858737}