{"playground":1.0509906721648289e-5,"water":1.0509906721648289e-5,"dog_park":4.203962688659315e-6,"pitch":4.203962688659315e-6,"garden":2.1019813443296576e-6,"sports_centre":2.1019813443296576e-6,"building_density":0.004395242990993314,"road_density":0.4863167016740165,"fraction_oneway":0.308411214953271}