{"playground":1.3267902111851481e-5,"pitch":7.960741267110888e-6,"park":2.653580422370296e-6,"shrubbery":1.326790211185148e-6,"water":1.326790211185148e-6,"building_density":0.0037296072836414513,"road_density":0.4944584955001087,"fraction_oneway":0.3371757925072046}