{"grass":0.00018176769419140168,"shrubbery":5.193362691182905e-5,"forest":1.888495524066511e-5,"tree_row":7.081858215249416e-6,"water":7.081858215249416e-6,"industrial":5.901548512707847e-6,"pitch":4.721238810166277e-6,"residential":4.721238810166277e-6,"playground":4.721238810166277e-6,"meadow":1.1803097025415694e-6,"brownfield":1.1803097025415694e-6,"construction":1.1803097025415694e-6,"greenfield":1.1803097025415694e-6,"allotments":1.1803097025415694e-6,"recreation_ground":1.1803097025415694e-6,"building_density":0.002411372722292426,"road_density":0.40023048319770727,"fraction_oneway":0.18543046357615894}