{"grass":0.0010362865860684715,"garden":0.00039828136550172584,"flowerbed":0.00032277778910329443,"water":6.60656293486275e-5,"tree_row":6.417803993866672e-5,"forest":6.417803993866672e-5,"playground":3.208901996933336e-5,"scrub":2.831384114941179e-5,"meadow":2.265107291952943e-5,"farmland":1.887589409960786e-5,"pitch":1.6988304689647076e-5,"residential":1.5100715279686288e-5,"plant_nursery":1.3213125869725503e-5,"sand":1.1325536459764715e-5,"park":1.1325536459764715e-5,"orchard":7.550357639843144e-6,"outdoor_seating":5.662768229882358e-6,"dog_park":3.775178819921572e-6,"wetland":1.887589409960786e-6,"industrial":1.887589409960786e-6,"recreation_ground":1.887589409960786e-6,"sports_centre":1.887589409960786e-6,"swimming_pool":1.887589409960786e-6,"allotments":1.887589409960786e-6,"building_density":0.004864317909468945,"road_density":0.46935869066471725,"edge_length":13.56325082150938,"fraction_oneway":0.11283185840707964}