{"grass":0.00014731909489138642,"shrubbery":7.365954744569321e-5,"playground":5.5244660584269904e-5,"forest":2.7622330292134952e-5,"park":1.8414886861423302e-5,"pitch":9.207443430711651e-6,"residential":9.207443430711651e-6,"water":9.207443430711651e-6,"building_density":0.02265031083955066,"road_density":3.0152991149599857,"edge_length":23.708459134708637,"fraction_oneway":0.4595744680851064}