{"grass":0.0006998946055378292,"garden":0.0002822155667491247,"flowerbed":0.00016368502871449232,"forest":0.00015804071737950982,"scrub":6.208742468480743e-5,"shrubbery":5.6443113349824936e-5,"residential":2.8221556674912468e-5,"tree_row":2.8221556674912468e-5,"meadow":2.8221556674912468e-5,"water":2.2577245339929976e-5,"wetland":2.2577245339929976e-5,"railway":1.693293400494748e-5,"pitch":1.1288622669964988e-5,"park":1.1288622669964988e-5,"playground":1.1288622669964988e-5,"brownfield":5.644311334982494e-6,"industrial":5.644311334982494e-6,"building_density":0.005215343673523824,"road_density":0.7936414782732558,"edge_length":22.174592273697087,"fraction_oneway":0.22033898305084745}