{"grass":0.000366863243102612,"shrubbery":0.00017724853318440805,"forest":8.244117822530607e-5,"pitch":3.915955965702038e-5,"water":3.503750074575508e-5,"playground":2.8854412378857125e-5,"sand":1.8549265100693864e-5,"allotments":4.122058911265303e-6,"residential":2.0610294556326515e-6,"retail":2.0610294556326515e-6,"education":2.0610294556326515e-6,"basin":2.0610294556326515e-6,"building_density":0.005509131734906078,"road_density":0.6094879282146335,"edge_length":18.985628170994374,"fraction_oneway":0.3090909090909091}