{"grass":0.00013724132753279475,"playground":2.3720723277273167e-5,"water":2.0332048523377e-5,"residential":1.4401867704058709e-5,"forest":5.930180819318292e-6,"orchard":3.388674753896167e-6,"pitch":2.541506065422125e-6,"allotments":8.471686884740417e-7,"park":8.471686884740417e-7,"farmyard":8.471686884740417e-7,"retail":8.471686884740417e-7,"sports_centre":8.471686884740417e-7,"track":8.471686884740417e-7,"tree_row":8.471686884740417e-7,"farmland":8.471686884740417e-7,"building_density":0.004205345369585143,"road_density":0.5254542026188922,"edge_length":20.520327895311233,"fraction_oneway":0.16849015317286653}