{"grass":0.0002787692837546002,"garden":0.00019550053665907027,"forest":7.67520625402276e-5,"flowerbed":6.878722586152473e-5,"tree_row":3.4031574899912235e-5,"water":1.6653749419105987e-5,"scrub":6.516684555302342e-6,"sand":5.068532431901822e-6,"pitch":2.172228185100781e-6,"park":1.4481521234005206e-6,"allotments":7.240760617002603e-7,"wetland":7.240760617002603e-7,"construction":7.240760617002603e-7,"farmyard":7.240760617002603e-7,"orchard":7.240760617002603e-7,"outdoor_seating":7.240760617002603e-7,"plant_nursery":7.240760617002603e-7,"playground":7.240760617002603e-7,"residential":7.240760617002603e-7,"retail":7.240760617002603e-7,"static_caravan":7.240760617002603e-7,"building_density":0.002534266215950911,"road_density":0.331564926306367,"fraction_oneway":0.07106598984771574}