{"forest":4.003459326258589e-5,"grass":1.9678020417203234e-5,"swimming_pool":4.749866997255953e-6,"pitch":2.7142097127176875e-6,"water":2.0356572845382656e-6,"cemetery":1.3571048563588437e-6,"garden":1.3571048563588437e-6,"residential":1.3571048563588437e-6,"sports_centre":6.785524281794219e-7,"playground":6.785524281794219e-7,"building_density":0.0004451303928857007,"road_density":0.10032025337990695,"fraction_oneway":0.22748815165876776}