{"grass":0.000394653893787001,"shrubbery":0.00011275825536771457,"forest":4.1003001951896205e-5,"tree_row":1.5376125731961077e-5,"water":1.5376125731961077e-5,"industrial":1.2813438109967564e-5,"pitch":1.0250750487974051e-5,"residential":1.0250750487974051e-5,"playground":1.0250750487974051e-5,"meadow":2.562687621993513e-6,"brownfield":2.562687621993513e-6,"construction":2.562687621993513e-6,"greenfield":2.562687621993513e-6,"allotments":2.562687621993513e-6,"recreation_ground":2.562687621993513e-6,"building_density":0.005235570811732747,"road_density":0.8689801524351395,"edge_length":25.74710541133796,"fraction_oneway":0.18543046357615894}