{"playground":1.5141634805246334e-5,"water":1.2978544118782573e-5,"pitch":1.6223180148478216e-6,"tree_row":5.407726716159405e-7,"sports_centre":5.407726716159405e-7,"park":5.407726716159405e-7,"track":5.407726716159405e-7,"building_density":0.002684395541901529,"road_density":0.33541286030515144,"fraction_oneway":0.16849015317286653}