{"grass":0.00033127672810126643,"forest":4.417023041350219e-5,"shrubbery":2.9446820275668125e-5,"playground":2.9446820275668125e-5,"pitch":2.9446820275668125e-5,"park":1.4723410137834063e-5,"grassland":1.4723410137834063e-5,"swimming_pool":7.361705068917031e-6,"fitness_station":7.361705068917031e-6,"residential":7.361705068917031e-6,"scrub":7.361705068917031e-6,"brownfield":7.361705068917031e-6,"building_density":0.012912430690880473,"road_density":1.182039370259402,"edge_length":15.315335508690259,"fraction_oneway":0.13962264150943396}