{"grass":0.00013211204839118837,"tree_row":1.1178711786946709e-5,"forest":1.0162465260860644e-5,"shrubbery":9.14621873477458e-6,"water":3.0487395782581934e-6,"garden":3.0487395782581934e-6,"park":3.0487395782581934e-6,"residential":1.0162465260860644e-6,"playground":1.0162465260860644e-6,"flowerbed":1.0162465260860644e-6,"construction":1.0162465260860644e-6,"building_density":0.005550738525482084,"road_density":0.5888265897615499,"fraction_oneway":0.41140215716486905}