{"grass":0.00016062096927434255,"forest":4.75913983035089e-5,"water":2.0821236757785146e-5,"pitch":1.4872311969846533e-5,"dog_park":5.948924787938613e-6,"residential":4.46169359095396e-6,"playground":4.46169359095396e-6,"sports_centre":4.46169359095396e-6,"farmland":2.9744623939693063e-6,"grassland":1.4872311969846532e-6,"cemetery":1.4872311969846532e-6,"commercial":1.4872311969846532e-6,"education":1.4872311969846532e-6,"brownfield":1.4872311969846532e-6,"industrial":1.4872311969846532e-6,"orchard":1.4872311969846532e-6,"tree_row":1.4872311969846532e-6,"building_density":0.005954873712726552,"road_density":0.8533477216613223,"edge_length":23.594014051068815,"fraction_oneway":0.29978118161925604}