{"shrubbery":2.440603928958972e-5,"playground":6.36679285815384e-6,"park":5.305660715128199e-6,"schoolyard":2.1222642860512796e-6,"scrub":1.0611321430256398e-6,"pitch":1.0611321430256398e-6,"water":1.0611321430256398e-6,"building_density":0.003351055307674971,"road_density":0.5505019207471251,"fraction_oneway":0.3815789473684211}