{"grass":0.0001721351209798263,"water":1.6688144583322477e-5,"grassland":7.725992862649296e-6,"forest":6.180794290119436e-6,"orchard":3.7084765740716616e-6,"basin":3.3994368595656897e-6,"farmland":2.7813574305537462e-6,"residential":1.545198572529859e-6,"park":9.271191435179154e-7,"wood":6.180794290119436e-7,"construction":6.180794290119436e-7,"industrial":6.180794290119436e-7,"pitch":6.180794290119436e-7,"playground":6.180794290119436e-7,"retail":3.090397145059718e-7,"education":3.090397145059718e-7,"brownfield":3.090397145059718e-7,"building_density":0.0004848833120598698,"road_density":0.07949145613962742,"fraction_oneway":0.3803418803418803}