{"garden":0.00023410859542462127,"grass":0.00017279443948007761,"forest":5.016612759099027e-5,"tree_row":1.4864037804737858e-5,"flowerbed":1.1148028353553394e-5,"water":5.574014176776697e-6,"meadow":3.7160094511844645e-6,"scrub":3.7160094511844645e-6,"plant_nursery":3.7160094511844645e-6,"pitch":1.8580047255922322e-6,"farmland":1.8580047255922322e-6,"construction":1.8580047255922322e-6,"playground":1.8580047255922322e-6,"residential":1.8580047255922322e-6,"building_density":0.002404258114916349,"road_density":0.35605728879760895,"fraction_oneway":0.053475935828877004}