{"grass":6.180126340339315e-5,"forest":2.3982579828182418e-5,"water":1.1068882997622655e-5,"playground":6.456848415279881e-6,"pitch":6.456848415279881e-6,"shrubbery":3.689627665874218e-6,"wood":2.7672207494056637e-6,"grassland":2.7672207494056637e-6,"commercial":1.844813832937109e-6,"recreation_ground":1.844813832937109e-6,"residential":1.844813832937109e-6,"sand":1.844813832937109e-6,"park":9.224069164685545e-7,"greenery":9.224069164685545e-7,"vineyard":9.224069164685545e-7,"garden":9.224069164685545e-7,"retail":9.224069164685545e-7,"building_density":0.00305685652117679,"road_density":0.45717227468680394,"fraction_oneway":0.3181818181818182}