{"grass":0.00013699802717444964,"forest":2.034624165957173e-5,"pitch":5.425664442552461e-6,"dog_park":4.069248331914346e-6,"playground":4.069248331914346e-6,"water":4.069248331914346e-6,"farmland":2.7128322212762306e-6,"education":1.3564161106381153e-6,"residential":1.3564161106381153e-6,"nature_reserve":1.3564161106381153e-6,"building_density":0.0026897731473953827,"road_density":0.29656609519045996,"fraction_oneway":0.22115384615384615}