{"playground":2.153818830037364e-5,"pitch":4.786264066749697e-6,"wood":4.786264066749697e-6,"scrub":2.3931320333748486e-6,"sports_hall":2.3931320333748486e-6,"building_density":0.003699782123597516,"road_density":0.41838352258074246,"fraction_oneway":0.24242424242424243}