{"garden":0.00020061892906917496,"tree_row":1.0519344595387451e-5,"scrub":9.016581081760673e-6,"sand":7.513817568133894e-6,"pitch":6.011054054507115e-6,"water":3.0055270272535574e-6,"playground":3.0055270272535574e-6,"shrubbery":7.513817568133893e-7,"sports_centre":7.513817568133893e-7,"stadium":7.513817568133893e-7,"nature_reserve":7.513817568133893e-7,"outdoor_seating":7.513817568133893e-7,"building_density":0.0010632051858909459,"road_density":0.1523110745234549,"fraction_oneway":0.23676880222841226}