{"grass":0.0002585823227874185,"tree_row":2.1880042697396953e-5,"forest":1.9890947906724502e-5,"shrubbery":1.7901853116052052e-5,"water":5.967284372017351e-6,"garden":5.967284372017351e-6,"park":5.967284372017351e-6,"residential":1.9890947906724502e-6,"playground":1.9890947906724502e-6,"flowerbed":1.9890947906724502e-6,"construction":1.9890947906724502e-6,"building_density":0.010864435746652924,"road_density":1.1525076565968333,"edge_length":22.62007179710452,"fraction_oneway":0.41140215716486905}