{"grass":0.00012858852681743682,"forest":8.932485450676908e-5,"playground":2.5521387001934024e-5,"water":1.7668652539800478e-5,"pitch":1.4723877116500398e-5,"scrub":1.2760693500967012e-5,"farmland":4.907959038833466e-6,"flowerbed":4.907959038833466e-6,"park":3.926367231066773e-6,"tree_row":1.9631836155333865e-6,"fishing":1.9631836155333865e-6,"sports_hall":9.815918077666932e-7,"fitness_station":9.815918077666932e-7,"grassland":9.815918077666932e-7,"residential":9.815918077666932e-7,"building_density":0.0050836639724237045,"road_density":0.6701441596542035,"edge_length":21.100001449192526,"fraction_oneway":0.2094240837696335}