{"grass":0.00019550331619594803,"shrubbery":9.445665838680636e-5,"forest":4.393332948223551e-5,"pitch":2.0868331504061866e-5,"water":1.8671665029950093e-5,"playground":1.5376665318782427e-5,"sand":9.88499913350299e-6,"allotments":2.1966664741117755e-6,"residential":1.0983332370558878e-6,"retail":1.0983332370558878e-6,"education":1.0983332370558878e-6,"basin":1.0983332370558878e-6,"building_density":0.002935844742650388,"road_density":0.32479926345205007,"fraction_oneway":0.3090909090909091}