{"grass":0.00023735442460988485,"forest":1.196215933047165e-5,"playground":1.0073397330923495e-5,"tree_row":5.0366986654617474e-6,"pitch":3.7775239990963104e-6,"water":3.1479366659135922e-6,"sand":2.5183493327308737e-6,"farmland":2.5183493327308737e-6,"education":1.8887619995481552e-6,"grassland":1.2591746663654369e-6,"wood":6.295873331827184e-7,"cemetery":6.295873331827184e-7,"fitness_station":6.295873331827184e-7,"meadow":6.295873331827184e-7,"nature_reserve":6.295873331827184e-7,"residential":6.295873331827184e-7,"schoolyard":6.295873331827184e-7,"sports_hall":6.295873331827184e-7,"village_green":6.295873331827184e-7,"allotments":6.295873331827184e-7,"building_density":0.0036182384038010826,"road_density":0.4957325203862897,"fraction_oneway":0.20710059171597633}