{"grass":0.0001886177648952507,"shrubbery":5.164534038798531e-5,"forest":4.041809247755372e-5,"playground":1.3472697492517908e-5,"park":1.122724791043159e-5,"education":6.736348746258954e-6,"schoolyard":4.490899164172636e-6,"residential":2.245449582086318e-6,"scrub":2.245449582086318e-6,"pitch":2.245449582086318e-6,"water":2.245449582086318e-6,"building_density":0.0070911297802285925,"road_density":1.16491081342117,"edge_length":28.06076043611922,"fraction_oneway":0.3815789473684211}