{"grass":6.792955886807719e-5,"forest":1.9624094784111187e-5,"playground":1.9624094784111187e-5,"water":6.03818301049575e-6,"pitch":6.03818301049575e-6,"tree_row":3.019091505247875e-6,"residential":1.5095457526239374e-6,"track":1.5095457526239374e-6,"cemetery":1.5095457526239374e-6,"building_density":0.0020922304131367774,"road_density":0.30544388558543334,"fraction_oneway":0.20118343195266272}