{"grass":0.0001710859385261224,"grassland":2.8915933272020686e-5,"forest":8.324283820733228e-6,"water":7.2289833180051716e-6,"meadow":6.352742915822727e-6,"pitch":4.600262111457837e-6,"playground":4.600262111457837e-6,"residential":3.0668414076385574e-6,"beach":3.0668414076385574e-6,"wood":2.409661106001724e-6,"shrubbery":2.409661106001724e-6,"construction":2.1906010054561124e-6,"orchard":1.75248080436489e-6,"scrub":1.5334207038192787e-6,"basin":1.0953005027280562e-6,"dog_park":8.76240402182445e-7,"tree_row":8.76240402182445e-7,"cemetery":6.571803016368337e-7,"park":6.571803016368337e-7,"sand":6.571803016368337e-7,"education":6.571803016368337e-7,"farmland":4.381202010912225e-7,"outdoor_seating":4.381202010912225e-7,"wetland":4.381202010912225e-7,"static_caravan":2.1906010054561124e-7,"swimming_area":2.1906010054561124e-7,"retail":2.1906010054561124e-7,"railway":2.1906010054561124e-7,"garden":2.1906010054561124e-7,"sports_centre":2.1906010054561124e-7,"building_density":0.0014514922262152201,"road_density":0.1994708887091995,"fraction_oneway":0.2454728370221328}