{"grass":6.623461793912256e-5,"scrub":1.777026334952069e-5,"forest":1.29238278905605e-5,"playground":9.692870917920375e-6,"education":9.692870917920375e-6,"pitch":6.46191394528025e-6,"wood":3.230956972640125e-6,"park":1.6154784863200625e-6,"cemetery":1.6154784863200625e-6,"brownfield":1.6154784863200625e-6,"building_density":0.004229322677185923,"road_density":0.7630467888593987,"edge_length":30.200437993201632,"fraction_oneway":0.2887323943661972}