{"pitch":7.674985443005908e-6,"water":3.231572818107751e-6,"dog_park":1.6157864090538755e-6,"playground":1.2118398067904066e-6,"park":8.078932045269378e-7,"grassland":8.078932045269378e-7,"wetland":4.039466022634689e-7,"scrub":4.039466022634689e-7,"sports_centre":4.039466022634689e-7,"track":4.039466022634689e-7,"tree_row":4.039466022634689e-7,"building_density":0.00030417179150439203,"road_density":0.07543002906672878,"fraction_oneway":0.3458980044345898}