{"forest":4.905014736726082e-5,"grass":2.9015580132745837e-5,"pitch":1.5198637212390677e-5,"shrubbery":4.145082876106549e-6,"water":2.7633885840710324e-6,"sports_centre":2.0725414380532744e-6,"tree_row":1.3816942920355162e-6,"residential":1.3816942920355162e-6,"cemetery":1.3816942920355162e-6,"wood":6.908471460177581e-7,"construction":6.908471460177581e-7,"education":6.908471460177581e-7,"grassland":6.908471460177581e-7,"park":6.908471460177581e-7,"playground":6.908471460177581e-7,"railway":6.908471460177581e-7,"allotments":6.908471460177581e-7,"building_density":0.0009471514371903463,"road_density":0.16370332680951583,"fraction_oneway":0.21933085501858737}