{"garden":0.0004920926806059468,"tree_row":2.541323702659819e-5,"pitch":6.93088282543587e-6,"water":4.62058855029058e-6,"shrubbery":4.62058855029058e-6,"outdoor_seating":2.31029427514529e-6,"playground":2.31029427514529e-6,"scrub":2.31029427514529e-6,"building_density":0.0020215074907521287,"road_density":0.34289364876691836,"fraction_oneway":0.16891891891891891}