{"playground":9.609935122054288e-6,"dog_park":2.745695749158368e-6,"park":2.745695749158368e-6,"pitch":1.372847874579184e-6,"swimming_pool":1.372847874579184e-6,"building_density":0.004815950344023778,"road_density":0.6459734601077738,"fraction_oneway":0.36038961038961037}