{"shrubbery":0.00028941678918963153,"tree_row":4.671288527271246e-5,"playground":2.6402935154141826e-5,"water":2.6402935154141826e-5,"pitch":4.061990023714127e-6,"grassland":2.0309950118570634e-6,"garden":2.0309950118570634e-6,"wetland":1.0154975059285317e-6,"scrub":1.0154975059285317e-6,"building_density":0.0022351100105486984,"road_density":0.31627303222942343,"fraction_oneway":0.15076923076923077}