{"scrub":4.0966495329486595e-5,"water":2.1779655744790342e-5,"playground":7.259885248263447e-6,"tree_row":5.704195552206994e-6,"pitch":1.555689696056453e-6,"dog_park":1.0371264640376354e-6,"sand":1.0371264640376354e-6,"park":1.0371264640376354e-6,"grassland":1.0371264640376354e-6,"building_density":0.0012378104348289179,"road_density":0.17356299639620093,"fraction_oneway":0.11791383219954649}