{"grass":0.00012445517568451624,"scrub":4.0966495329486595e-5,"water":2.1779655744790342e-5,"forest":2.022396604873389e-5,"playground":7.259885248263447e-6,"tree_row":5.704195552206994e-6,"farmland":3.111379392112906e-6,"meadow":1.555689696056453e-6,"orchard":1.555689696056453e-6,"pitch":1.555689696056453e-6,"sand":1.0371264640376354e-6,"grassland":1.0371264640376354e-6,"park":1.0371264640376354e-6,"dog_park":1.0371264640376354e-6,"industrial":5.185632320188177e-7,"cemetery":5.185632320188177e-7,"construction":5.185632320188177e-7,"residential":5.185632320188177e-7,"education":5.185632320188177e-7,"building_density":0.0012378104348289179,"road_density":0.17356299639620093,"fraction_oneway":0.11791383219954649}