{"grass":0.00015170475606330147,"forest":7.993046287206207e-5,"water":2.7730976914797044e-5,"shrubbery":1.3049871489316255e-5,"pitch":4.893701808493596e-6,"playground":4.893701808493596e-6,"dog_park":3.262467872329064e-6,"park":3.262467872329064e-6,"residential":1.631233936164532e-6,"construction":1.631233936164532e-6,"building_density":0.0042705704448787445,"road_density":0.471532187486819,"fraction_oneway":0.3517915309446254}