{"grass":0.00031511825452108696,"forest":3.6359798598586954e-5,"water":2.6259854543423914e-5,"commercial":4.039977622065217e-6,"tree_row":2.0199888110326085e-6,"grassland":2.0199888110326085e-6,"allotments":2.0199888110326085e-6,"residential":2.0199888110326085e-6,"shrubbery":2.0199888110326085e-6,"building_density":0.0008160754796571739,"road_density":0.20142331490347273,"fraction_oneway":0.3680555555555556}