{"grass":0.00045879221140118645,"forest":7.646536856686441e-5,"playground":4.301176981886123e-5,"flowerbed":2.389542767714513e-5,"construction":1.9116342141716103e-5,"wood":9.558171070858052e-6,"pitch":9.558171070858052e-6,"residential":9.558171070858052e-6,"railway":4.779085535429026e-6,"allotments":4.779085535429026e-6,"scrub":4.779085535429026e-6,"sports_hall":4.779085535429026e-6,"commercial":4.779085535429026e-6,"building_density":0.007388466237773274,"road_density":0.8355120457803336,"edge_length":18.650177216326398,"fraction_oneway":0.24242424242424243}