{"water":1.0490746684972004e-5,"pitch":7.4933904892657174e-6,"dog_park":2.997356195706287e-6,"playground":2.248017146779715e-6,"sports_centre":2.248017146779715e-6,"tree_row":7.493390489265717e-7,"grassland":7.493390489265717e-7,"building_density":0.003000353551901993,"road_density":0.42995787840506855,"fraction_oneway":0.29978118161925604}