{"grass":0.0001930892106549766,"forest":0.00010805909954085848,"pitch":1.2400224537475562e-5,"scrub":1.2400224537475562e-5,"water":6.200112268737781e-6,"residential":3.5429212964215892e-6,"playground":2.657190972316192e-6,"cemetery":2.657190972316192e-6,"industrial":2.657190972316192e-6,"construction":2.657190972316192e-6,"heath":1.7714606482107946e-6,"farmyard":1.7714606482107946e-6,"swimming_pool":1.7714606482107946e-6,"track":1.7714606482107946e-6,"wood":8.857303241053973e-7,"brownfield":8.857303241053973e-7,"education":8.857303241053973e-7,"farmland":8.857303241053973e-7,"garden":8.857303241053973e-7,"park":8.857303241053973e-7,"stadium":8.857303241053973e-7,"bleachers":8.857303241053973e-7,"building_density":0.0016456869421878283,"road_density":0.3188715794624986,"edge_length":25.970984012848508,"fraction_oneway":0.3715170278637771}