{"grassland":2.8915933272020686e-5,"water":7.2289833180051716e-6,"pitch":4.600262111457837e-6,"playground":4.600262111457837e-6,"beach":3.0668414076385574e-6,"wood":2.409661106001724e-6,"shrubbery":2.409661106001724e-6,"scrub":1.5334207038192787e-6,"tree_row":8.76240402182445e-7,"dog_park":8.76240402182445e-7,"sand":6.571803016368337e-7,"park":6.571803016368337e-7,"outdoor_seating":4.381202010912225e-7,"wetland":4.381202010912225e-7,"garden":2.1906010054561124e-7,"sports_centre":2.1906010054561124e-7,"swimming_area":2.1906010054561124e-7,"building_density":0.0014514922262152201,"road_density":0.1994708887091995,"fraction_oneway":0.2454728370221328}