{"grass":0.00010438866610633048,"forest":4.801878640891202e-5,"pitch":8.351093288506438e-6,"playground":8.351093288506438e-6,"swimming_pool":6.2633199663798295e-6,"water":4.175546644253219e-6,"park":4.175546644253219e-6,"shrubbery":4.175546644253219e-6,"sports_centre":2.0877733221266096e-6,"construction":2.0877733221266096e-6,"cemetery":2.0877733221266096e-6,"building_density":0.007294679987510375,"road_density":1.223830404903568,"edge_length":29.06531688058705,"fraction_oneway":0.26885245901639343}