{"grass":0.0004044110035638876,"forest":0.00010484729722026716,"water":1.7973822380617227e-5,"pitch":1.4978185317181024e-5,"shrubbery":1.1982548253744819e-5,"playground":1.1982548253744819e-5,"sand":8.986911190308614e-6,"residential":2.9956370634362046e-6,"ice_rink":2.9956370634362046e-6,"dog_park":2.9956370634362046e-6,"orchard":2.9956370634362046e-6,"basin":2.9956370634362046e-6,"building_density":0.005565893663864468,"road_density":0.689542330896742,"edge_length":20.95232117347088,"fraction_oneway":0.41509433962264153}