{"grass":0.000583093269285935,"forest":4.962495908816468e-5,"water":4.094059124773586e-5,"basin":3.473747136171528e-5,"tree_row":1.9849983635265872e-5,"playground":1.240623977204117e-5,"pitch":1.1165615794837054e-5,"park":7.4437438632247026e-6,"farmland":6.203119886020585e-6,"residential":4.962495908816468e-6,"shrubbery":4.962495908816468e-6,"wood":3.7218719316123513e-6,"beach":3.7218719316123513e-6,"grassland":3.7218719316123513e-6,"industrial":3.7218719316123513e-6,"orchard":3.7218719316123513e-6,"retail":1.240623977204117e-6,"sand":1.240623977204117e-6,"garden":1.240623977204117e-6,"sports_centre":1.240623977204117e-6,"construction":1.240623977204117e-6,"commercial":1.240623977204117e-6,"allotments":1.240623977204117e-6,"building_density":0.002751703981438732,"road_density":0.45952149182913427,"edge_length":25.166154538880626,"fraction_oneway":0.24271844660194175}