{"water":1.8989594795753887e-5,"tree_row":9.207076264607946e-6,"playground":5.754422665379966e-6,"pitch":5.1789803988419695e-6,"park":3.4526535992279797e-6,"shrubbery":2.3017690661519865e-6,"beach":1.7263267996139898e-6,"grassland":1.7263267996139898e-6,"wood":1.7263267996139898e-6,"sand":5.754422665379966e-7,"garden":5.754422665379966e-7,"sports_centre":5.754422665379966e-7,"building_density":0.0012763309471812766,"road_density":0.21314120445825685,"fraction_oneway":0.24271844660194175}