{"grass":0.0002796069801811183,"forest":4.152578913580965e-5,"pitch":1.1073543769549239e-5,"dog_park":8.305157827161929e-6,"playground":8.305157827161929e-6,"water":8.305157827161929e-6,"farmland":5.536771884774619e-6,"education":2.7683859423873097e-6,"residential":2.7683859423873097e-6,"nature_reserve":2.7683859423873097e-6,"building_density":0.0054897093237540355,"road_density":0.6052784263434683,"edge_length":19.42598549988351,"fraction_oneway":0.22115384615384615}