{"grass":4.210286517165215e-5,"scrub":2.1051432585826076e-5,"forest":1.5788574439369558e-5,"pitch":1.0525716292913038e-5,"park":7.894287219684779e-6,"playground":7.894287219684779e-6,"cemetery":5.262858146456519e-6,"dog_park":5.262858146456519e-6,"grassland":2.6314290732282595e-6,"sand":2.6314290732282595e-6,"construction":2.6314290732282595e-6,"sports_centre":2.6314290732282595e-6,"building_density":0.008994224572294192,"road_density":1.166964223563108,"edge_length":23.61655456538985,"fraction_oneway":0.35231316725978645}