{"playground":1.112749980297031e-5,"sand":5.563749901485155e-6,"pitch":3.7091666009901036e-6,"park":9.272916502475259e-7,"swimming_pool":9.272916502475259e-7,"tree_row":9.272916502475259e-7,"water":9.272916502475259e-7,"building_density":0.00285976744936337,"road_density":0.43242555035804114,"fraction_oneway":0.27019498607242337}