{"grass":0.0002704578652728584,"forest":2.3017690661519865e-5,"water":1.8989594795753887e-5,"basin":1.6112383463063905e-5,"tree_row":9.207076264607946e-6,"playground":5.754422665379966e-6,"pitch":5.1789803988419695e-6,"park":3.4526535992279797e-6,"farmland":2.877211332689983e-6,"residential":2.3017690661519865e-6,"shrubbery":2.3017690661519865e-6,"wood":1.7263267996139898e-6,"beach":1.7263267996139898e-6,"grassland":1.7263267996139898e-6,"industrial":1.7263267996139898e-6,"orchard":1.7263267996139898e-6,"retail":5.754422665379966e-7,"sand":5.754422665379966e-7,"garden":5.754422665379966e-7,"sports_centre":5.754422665379966e-7,"construction":5.754422665379966e-7,"commercial":5.754422665379966e-7,"allotments":5.754422665379966e-7,"building_density":0.0012763309471812766,"road_density":0.21314120445825685,"fraction_oneway":0.24271844660194175}