{"grass":5.20101271244452e-5,"playground":5.778903013827244e-6,"pitch":3.852602009218163e-6,"forest":3.852602009218163e-6,"sand":1.9263010046090814e-6,"cemetery":1.9263010046090814e-6,"residential":9.631505023045407e-7,"park":9.631505023045407e-7,"building_density":0.003778439420540713,"road_density":0.5777976334632103,"fraction_oneway":0.21631205673758866}