{"grass":0.00011451712365133451,"playground":1.2724124850148278e-5,"pitch":8.482749900098853e-6,"forest":8.482749900098853e-6,"sand":4.241374950049427e-6,"cemetery":4.241374950049427e-6,"residential":2.1206874750247133e-6,"park":2.1206874750247133e-6,"building_density":0.00831945696452195,"road_density":1.2722084466056904,"edge_length":26.533848762329693,"fraction_oneway":0.21631205673758866}