{"grass":8.092861728406975e-5,"forest":2.3978849565650295e-5,"water":1.0490746684972004e-5,"pitch":7.4933904892657174e-6,"dog_park":2.997356195706287e-6,"residential":2.248017146779715e-6,"playground":2.248017146779715e-6,"sports_centre":2.248017146779715e-6,"farmland":1.4986780978531434e-6,"grassland":7.493390489265717e-7,"cemetery":7.493390489265717e-7,"commercial":7.493390489265717e-7,"education":7.493390489265717e-7,"brownfield":7.493390489265717e-7,"industrial":7.493390489265717e-7,"orchard":7.493390489265717e-7,"tree_row":7.493390489265717e-7,"building_density":0.003000353551901993,"road_density":0.42995787840506855,"fraction_oneway":0.29978118161925604}