{"grass":0.0002269904843835233,"forest":0.00010355787075561662,"scrub":5.544007222270385e-5,"playground":2.092078197083164e-5,"water":1.569058647812373e-5,"static_caravan":9.414351886874238e-6,"beach":7.3222736897910745e-6,"pitch":4.184156394166328e-6,"wetland":3.1381172956247463e-6,"plant_nursery":2.092078197083164e-6,"residential":1.046039098541582e-6,"allotments":1.046039098541582e-6,"park":1.046039098541582e-6,"garden":1.046039098541582e-6,"building_density":0.0032615499092526526,"road_density":0.33189266095634234,"fraction_oneway":0.10559006211180125}