{"pitch":3.8138527481851213e-6,"playground":3.8138527481851213e-6,"swimming_pool":2.860389561138841e-6,"shrubbery":1.9069263740925607e-6,"park":1.9069263740925607e-6,"water":1.9069263740925607e-6,"sports_centre":9.534631870462803e-7,"building_density":0.0033314003755397035,"road_density":0.5589099285332914,"fraction_oneway":0.26885245901639343}