{"garden":0.00047797088590430855,"playground":2.7118915512301193e-5,"water":1.0169593317112948e-5,"scrub":3.389864439037649e-6,"building_density":0.002396634158399618,"road_density":0.3377679012722935,"fraction_oneway":0.29770992366412213}