{"grass":0.0006353236859113952,"forest":0.0001800083776748953,"water":0.00011647600908375578,"wood":3.176618429556976e-5,"garden":1.0588728098523253e-5,"pitch":1.0588728098523253e-5,"residential":1.0588728098523253e-5,"education":1.0588728098523253e-5,"dog_park":1.0588728098523253e-5,"building_density":0.01432654911730196,"road_density":1.6003039926545197,"edge_length":20.35458416293894,"fraction_oneway":0.3072289156626506}