{"playground":1.5751423887549067e-5,"water":1.0904831922149355e-5,"pitch":9.087359935124462e-6,"scrub":7.875711943774533e-6,"park":2.4232959826998565e-6,"fishing":1.2116479913499283e-6,"tree_row":1.2116479913499283e-6,"sports_hall":6.058239956749641e-7,"grassland":6.058239956749641e-7,"fitness_station":6.058239956749641e-7,"building_density":0.003137562473600639,"road_density":0.4136030978127795,"fraction_oneway":0.2094240837696335}