{"pitch":4.337656480887535e-6,"scrub":4.337656480887535e-6,"water":2.1688282404437676e-6,"playground":9.294978173330432e-7,"heath":6.196652115553621e-7,"track":6.196652115553621e-7,"swimming_pool":6.196652115553621e-7,"wood":3.0983260577768105e-7,"garden":3.0983260577768105e-7,"park":3.0983260577768105e-7,"stadium":3.0983260577768105e-7,"bleachers":3.0983260577768105e-7,"building_density":0.0005756689815349314,"road_density":0.11154276836247791,"fraction_oneway":0.3715170278637771}