{"grass":0.0009637600254036551,"forest":0.0007461367938608942,"water":0.0004041574300079844,"farmland":0.00012435613231014906,"beach":9.326709923261178e-5,"nature_reserve":6.217806615507453e-5,"residential":3.1089033077537264e-5,"static_caravan":3.1089033077537264e-5,"grassland":3.1089033077537264e-5,"building_density":0.005160779490871186,"road_density":0.9400202133001734,"edge_length":20.70985802481269,"fraction_oneway":0.2815533980582524}