{"water":5.320244080918747e-6,"wood":1.0640488161837493e-6,"building_density":0.00013832634610388742,"road_density":0.057340957160556594,"fraction_oneway":0.6938775510204082}