{"grass":0.0002028211881858698,"water":0.0001014105940929349,"forest":8.450882841077909e-5,"farmland":1.6901765682155815e-5,"playground":1.6901765682155815e-5,"residential":1.6901765682155815e-5,"building_density":0.001740881865262049,"road_density":0.17740547640829443,"fraction_oneway":0.2727272727272727}