{"grass":2.1720927893210464e-5,"scrub":1.0860463946605232e-5,"forest":8.145347959953923e-6,"pitch":5.430231973302616e-6,"park":4.072673979976962e-6,"playground":4.072673979976962e-6,"cemetery":2.715115986651308e-6,"dog_park":2.715115986651308e-6,"grassland":1.357557993325654e-6,"sand":1.357557993325654e-6,"construction":1.357557993325654e-6,"sports_centre":1.357557993325654e-6,"building_density":0.004640133221187085,"road_density":0.6020384990577101,"fraction_oneway":0.35231316725978645}