{"grass":0.0008084782090337952,"forest":9.328594719620714e-5,"water":6.737318408614961e-5,"commercial":1.0365105244023016e-5,"tree_row":5.182552622011508e-6,"grassland":5.182552622011508e-6,"allotments":5.182552622011508e-6,"residential":5.182552622011508e-6,"shrubbery":5.182552622011508e-6,"building_density":0.0020937512592926494,"road_density":0.5167785698048556,"edge_length":25.353436221572682,"fraction_oneway":0.3680555555555556}