{"grass":9.562759293237916e-5,"forest":2.868827787971375e-5,"playground":1.6517493324683673e-5,"water":8.693417539307196e-6,"scrub":6.954734031445757e-6,"tree_row":5.216050523584318e-6,"pitch":5.216050523584318e-6,"park":2.608025261792159e-6,"fitness_station":1.7386835078614392e-6,"garden":8.693417539307196e-7,"allotments":8.693417539307196e-7,"railway":8.693417539307196e-7,"recreation_ground":8.693417539307196e-7,"residential":8.693417539307196e-7,"sports_centre":8.693417539307196e-7,"building_density":0.0054107830764647995,"road_density":0.7724040385250038,"fraction_oneway":0.33980582524271846}