{"static_caravan":5.662457940187157e-5,"grass":3.774971960124771e-5,"forest":1.5729049833853215e-5,"playground":6.291619933541286e-6,"water":6.291619933541286e-6,"tree_row":3.145809966770643e-6,"residential":3.145809966770643e-6,"construction":3.145809966770643e-6,"brownfield":3.145809966770643e-6,"retail":3.145809966770643e-6,"sports_centre":3.145809966770643e-6,"building_density":0.012309554399973525,"road_density":1.6545538593001303,"edge_length":25.881055129855554,"fraction_oneway":0.22988505747126436}