{"water":1.3242715172028457e-5,"nature_reserve":2.207119195338076e-6,"playground":2.207119195338076e-6,"building_density":0.0027588989941725955,"road_density":0.4688796334365692,"fraction_oneway":0.1366906474820144}