{"grass":0.001306329851156098,"water":9.113929194112311e-5,"commercial":5.696205746320195e-5,"forest":2.6582293482827576e-5,"retail":1.898735248773398e-5,"garden":1.5189881990187187e-5,"construction":1.5189881990187187e-5,"industrial":7.594940995093593e-6,"residential":7.594940995093593e-6,"meadow":3.7974704975467967e-6,"nature_reserve":3.7974704975467967e-6,"grassland":3.7974704975467967e-6,"greenfield":3.7974704975467967e-6,"building_density":0.0038240527910296243,"road_density":0.7356746718441916,"edge_length":21.499007241673393,"fraction_oneway":0.2823529411764706}