{"grass":9.583800103912469e-5,"water":1.424618934365367e-5,"pitch":1.1655973099353003e-5,"playground":9.065756855052335e-6,"forest":7.770648732902003e-6,"park":5.180432488601335e-6,"residential":5.180432488601335e-6,"scrub":2.5902162443006673e-6,"garden":1.2951081221503337e-6,"retail":1.2951081221503337e-6,"swimming_area":1.2951081221503337e-6,"tree_row":1.2951081221503337e-6,"fitness_station":1.2951081221503337e-6,"building_density":0.010512392627494259,"road_density":1.232309603534361,"edge_length":24.28686977071322,"fraction_oneway":0.47165532879818595}