{"grass":0.0001521672620146035,"forest":8.200630887014559e-5,"grassland":3.6447248386731375e-5,"water":3.4624885967394805e-5,"tree_row":3.098016112872167e-5,"pitch":1.7312442983697402e-5,"playground":1.1845355725687697e-5,"meadow":5.467087258009706e-6,"allotments":3.6447248386731376e-6,"scrub":2.733543629004853e-6,"retail":1.8223624193365688e-6,"sports_hall":1.8223624193365688e-6,"park":1.8223624193365688e-6,"brownfield":9.111812096682844e-7,"fitness_station":9.111812096682844e-7,"farmland":9.111812096682844e-7,"construction":9.111812096682844e-7,"garden":9.111812096682844e-7,"building_density":0.005719484453087821,"road_density":0.5982246711754852,"edge_length":17.94897319183569,"fraction_oneway":0.1413373860182371}