{"grass":0.00016168816452516481,"forest":0.00010563626748977434,"water":4.096100167970842e-5,"pitch":8.623368774675456e-6,"scrub":7.545447677841025e-6,"playground":6.4675265810065925e-6,"grassland":5.38960548417216e-6,"meadow":5.38960548417216e-6,"residential":5.38960548417216e-6,"allotments":3.2337632905032963e-6,"park":2.155842193668864e-6,"sports_centre":2.155842193668864e-6,"tree_row":2.155842193668864e-6,"farmland":1.077921096834432e-6,"commercial":1.077921096834432e-6,"wetland":1.077921096834432e-6,"garden":1.077921096834432e-6,"retail":1.077921096834432e-6,"building_density":0.005225761477453327,"road_density":0.7151273793855879,"edge_length":24.72171814287978,"fraction_oneway":0.32737030411449014}