{"grass":0.0002929245813327025,"water":8.615428862726543e-5,"forest":5.600028760772253e-5,"commercial":3.446171545090617e-5,"residential":1.7230857725453084e-5,"retail":1.2923143294089815e-5,"wood":8.615428862726542e-6,"industrial":8.615428862726542e-6,"nature_reserve":8.615428862726542e-6,"wetland":4.307714431363271e-6,"meadow":4.307714431363271e-6,"building_density":0.0009950820336449156,"road_density":0.4622762532849218,"edge_length":35.127194461596375,"fraction_oneway":0.4717948717948718}