{"grass":0.00035825685416181386,"forest":7.961263425818086e-5,"water":6.823940079272645e-5,"wood":1.1373233465454408e-5,"garden":8.529925099090806e-6,"playground":8.529925099090806e-6,"pitch":5.686616732727204e-6,"residential":5.686616732727204e-6,"commercial":2.843308366363602e-6,"building_density":0.007256122950959913,"road_density":1.2060790802928674,"edge_length":27.2068241828111,"fraction_oneway":0.2822966507177033}