{"grass":0.00021434804158425782,"forest":0.0001011722756277697,"basin":8.573921663370314e-5,"water":4.8013961314873756e-5,"pitch":2.0577411992088753e-5,"playground":1.886262765941469e-5,"residential":1.7147843326740627e-6,"sports_centre":1.7147843326740627e-6,"static_caravan":1.7147843326740627e-6,"wood":1.7147843326740627e-6,"beach":1.7147843326740627e-6,"commercial":1.7147843326740627e-6,"fell":1.7147843326740627e-6,"grassland":1.7147843326740627e-6,"ice_rink":1.7147843326740627e-6,"building_density":0.004295534753348527,"road_density":0.8132402492748088,"edge_length":26.88961864657639,"fraction_oneway":0.272}