{"grass":5.871334529039374e-5,"garden":4.56659352258618e-5,"tree_row":4.56659352258618e-5,"residential":1.9571115096797913e-5,"playground":6.523705032265971e-6,"retail":6.523705032265971e-6,"park":6.523705032265971e-6,"water":6.523705032265971e-6,"building_density":0.01685725380337527,"road_density":1.795510204567111,"edge_length":22.704883704356096,"fraction_oneway":0.547486033519553}