{"grass":0.00012432020250836517,"forest":9.188884533226991e-5,"water":3.243135717609526e-5,"nature_reserve":5.405226196015877e-6,"playground":5.405226196015877e-6,"residential":5.405226196015877e-6,"building_density":0.006756532745019846,"road_density":1.1482843712214907,"edge_length":25.775255016298804,"fraction_oneway":0.1366906474820144}