{"grass":2.418622260890893e-5,"garden":2.1498864541252383e-5,"water":1.6124148405939288e-5,"scrub":1.6124148405939288e-5,"shrubbery":1.0749432270626191e-5,"pitch":5.374716135313096e-6,"retail":2.687358067656548e-6,"railway":2.687358067656548e-6,"residential":2.687358067656548e-6,"tree_row":2.687358067656548e-6,"playground":2.687358067656548e-6,"building_density":0.007645533702482879,"road_density":1.1082679950427383,"fraction_oneway":0.3895131086142322}