{"forest":0.0002048370043218507,"scrub":0.000153627753241388,"tree_row":7.6813876620694e-5,"residential":5.120925108046267e-5,"grass":5.120925108046267e-5,"cemetery":5.120925108046267e-5,"railway":5.120925108046267e-5,"water":2.5604625540231336e-5,"allotments":2.5604625540231336e-5,"building_density":0.02317218611390936,"road_density":5.889952694157371,"edge_length":43.15848278711748,"fraction_oneway":0.36470588235294116}