{"grass":0.0001573812369371885,"water":2.5458729504545194e-5,"forest":1.851543963966923e-5,"industrial":1.851543963966923e-5,"commercial":1.620100968471058e-5,"retail":1.3886579729751924e-5,"static_caravan":1.3886579729751924e-5,"residential":9.257719819834616e-6,"pitch":6.943289864875962e-6,"tree_row":4.628859909917308e-6,"scrub":2.314429954958654e-6,"marina":2.314429954958654e-6,"building_density":0.000555463189190077,"road_density":0.2481675595008677,"edge_length":24.21002778876258,"fraction_oneway":0.4080370942812983}