{"scrub":6.309023184230251e-5,"tree_row":3.1545115921151256e-5,"water":1.0515038640383751e-5,"building_density":0.009516109969547295,"road_density":2.4188238985094555,"fraction_oneway":0.36470588235294116}