{"static_caravan":2.8204184359966712e-5,"grass":1.8802789573311142e-5,"forest":7.834495655546308e-6,"playground":3.1337982622185237e-6,"water":3.1337982622185237e-6,"tree_row":1.5668991311092619e-6,"residential":1.5668991311092619e-6,"construction":1.5668991311092619e-6,"brownfield":1.5668991311092619e-6,"retail":1.5668991311092619e-6,"sports_centre":1.5668991311092619e-6,"building_density":0.006131276300030542,"road_density":0.8241181228032735,"fraction_oneway":0.22988505747126436}