{"grass":9.57294364098601e-5,"forest":5.460123410043873e-5,"water":1.7018566472864017e-5,"pitch":1.560035260012535e-5,"playground":1.0636604045540012e-5,"shrubbery":2.8364277454773363e-6,"park":1.4182138727386682e-6,"sports_centre":1.4182138727386682e-6,"residential":7.091069363693341e-7,"allotments":7.091069363693341e-7,"retail":7.091069363693341e-7,"tree_row":7.091069363693341e-7,"building_density":0.003734866233857283,"road_density":0.5813765080702542,"fraction_oneway":0.31865828092243187}