{"grassland":2.0290226199042438e-5,"water":1.9275714889090316e-5,"tree_row":1.724669226918607e-5,"pitch":9.637857444545158e-6,"playground":6.594323514688792e-6,"scrub":1.5217669649281827e-6,"sports_hall":1.0145113099521218e-6,"park":1.0145113099521218e-6,"fitness_station":5.072556549760609e-7,"garden":5.072556549760609e-7,"building_density":0.003184043746284734,"road_density":0.3330323805847922,"fraction_oneway":0.1413373860182371}