{"playground":3.1337982622185237e-6,"water":3.1337982622185237e-6,"sports_centre":1.5668991311092619e-6,"tree_row":1.5668991311092619e-6,"building_density":0.006131276300030542,"road_density":0.8241181228032735,"fraction_oneway":0.22988505747126436}