{"grass":5.9102262534664795e-5,"water":9.560660115901658e-6,"forest":6.953207357019387e-6,"industrial":6.953207357019387e-6,"commercial":6.084056437391964e-6,"retail":5.214905517764541e-6,"static_caravan":5.214905517764541e-6,"residential":3.4766036785096935e-6,"pitch":2.6074527588822703e-6,"tree_row":1.7383018392548467e-6,"scrub":8.691509196274234e-7,"marina":8.691509196274234e-7,"building_density":0.0002085962207105816,"road_density":0.09319576170354472,"fraction_oneway":0.4080370942812983}