{"grass":9.183708490140852e-5,"water":2.7010907323943683e-5,"forest":1.7557089760563394e-5,"commercial":1.0804362929577472e-5,"residential":5.402181464788736e-6,"retail":4.051636098591552e-6,"wood":2.701090732394368e-6,"industrial":2.701090732394368e-6,"nature_reserve":2.701090732394368e-6,"wetland":1.350545366197184e-6,"meadow":1.350545366197184e-6,"building_density":0.0003119759795915495,"road_density":0.14493185695676802,"fraction_oneway":0.4717948717948718}