{"grass":0.0002906809715587578,"water":9.051144024584075e-5,"forest":1.0443627720673932e-5,"playground":6.962418480449288e-6,"residential":5.221813860336966e-6,"pitch":1.740604620112322e-6,"building_density":0.0013472279759669371,"road_density":0.30377420085662055,"edge_length":30.074483987272302,"fraction_oneway":0.16774193548387098}