{"grass":6.85726502900272e-5,"forest":1.6725036656104194e-5,"water":1.3380029324883356e-5,"commercial":1.0035021993662518e-5,"tree_row":8.362518328052097e-6,"scrub":5.017510996831259e-6,"static_caravan":3.345007331220839e-6,"residential":3.345007331220839e-6,"retail":1.6725036656104195e-6,"building_density":0.00031443068913475884,"road_density":0.1846526722319648,"fraction_oneway":0.503125}