{"grass":0.00016189993170267358,"forest":4.8569979510802074e-5,"playground":2.7964533657734528e-5,"water":1.4718175609333961e-5,"scrub":1.177454048746717e-5,"tree_row":8.830905365600376e-6,"pitch":8.830905365600376e-6,"park":4.415452682800188e-6,"fitness_station":2.9436351218667924e-6,"garden":1.4718175609333962e-6,"allotments":1.4718175609333962e-6,"railway":1.4718175609333962e-6,"recreation_ground":1.4718175609333962e-6,"residential":1.4718175609333962e-6,"sports_centre":1.4718175609333962e-6,"building_density":0.009160592499249458,"road_density":1.307699558771652,"edge_length":25.65526021815329,"fraction_oneway":0.33980582524271846}