{"pitch":4.544668061218727e-5,"water":1.5906338214265544e-5,"sports_centre":4.544668061218727e-6,"shrubbery":3.408501045914045e-6,"playground":2.2723340306093634e-6,"garden":1.1361670153046817e-6,"track":1.1361670153046817e-6,"building_density":0.0033607820312712483,"road_density":0.43610733002308943,"fraction_oneway":0.5934065934065934}