{"grass":7.21477570313219e-5,"forest":4.7136534593796976e-5,"water":1.8277431781268215e-5,"pitch":3.847880375003835e-6,"scrub":3.3668953281283555e-6,"playground":2.8859102812528763e-6,"grassland":2.4049252343773967e-6,"meadow":2.4049252343773967e-6,"residential":2.4049252343773967e-6,"allotments":1.4429551406264381e-6,"park":9.619700937509588e-7,"sports_centre":9.619700937509588e-7,"tree_row":9.619700937509588e-7,"farmland":4.809850468754794e-7,"commercial":4.809850468754794e-7,"wetland":4.809850468754794e-7,"garden":4.809850468754794e-7,"retail":4.809850468754794e-7,"building_density":0.002331815507252324,"road_density":0.3191008851258698,"fraction_oneway":0.32737030411449014}