{"grass":6.539038418462854e-5,"forest":4.264590272910557e-5,"scrub":1.4215300909701856e-5,"water":1.279377081873167e-5,"pitch":1.1372240727761484e-5,"playground":8.529180545821114e-6,"construction":4.264590272910557e-6,"residential":4.264590272910557e-6,"tree_row":2.843060181940371e-6,"railway":1.4215300909701856e-6,"recreation_ground":1.4215300909701856e-6,"park":1.4215300909701856e-6,"retail":1.4215300909701856e-6,"dog_park":1.4215300909701856e-6,"allotments":1.4215300909701856e-6,"garden":1.4215300909701856e-6,"building_density":0.0045730623026510875,"road_density":0.6135897607627022,"fraction_oneway":0.35335689045936397}