{"grass":0.0003792370249142583,"water":2.6458397087041278e-5,"commercial":1.65364981794008e-5,"forest":7.717032483720374e-6,"retail":5.512166059800267e-6,"garden":4.409732847840213e-6,"construction":4.409732847840213e-6,"industrial":2.2048664239201066e-6,"residential":2.2048664239201066e-6,"meadow":1.1024332119600533e-6,"nature_reserve":1.1024332119600533e-6,"grassland":1.1024332119600533e-6,"greenfield":1.1024332119600533e-6,"building_density":0.0011101502444437737,"road_density":0.2135716898821953,"fraction_oneway":0.2823529411764706}