{"water":4.1195072253815975e-5,"shrubbery":1.4124024772736905e-5,"playground":2.3540041287894842e-6,"scrub":2.3540041287894842e-6,"outdoor_seating":1.1770020643947421e-6,"pitch":1.1770020643947421e-6,"marina":1.1770020643947421e-6,"building_density":0.0021798078232590622,"road_density":0.3947963414101637,"fraction_oneway":0.250936329588015}