{"grass":0.00010822650447346515,"shrubbery":2.3757037567346006e-5,"forest":2.045744901632573e-5,"water":1.3198354204081116e-5,"scrub":7.259094812244614e-6,"residential":4.61942397142839e-6,"garden":3.959506261224335e-6,"playground":3.299588551020279e-6,"tree_row":2.639670840816223e-6,"pitch":2.639670840816223e-6,"commercial":1.9797531306121673e-6,"industrial":1.9797531306121673e-6,"retail":1.3198354204081115e-6,"sports_centre":1.3198354204081115e-6,"flowerbed":1.3198354204081115e-6,"park":1.3198354204081115e-6,"construction":6.599177102040557e-7,"marina":6.599177102040557e-7,"fitness_station":6.599177102040557e-7,"dog_park":6.599177102040557e-7,"building_density":0.005272742504530406,"road_density":0.9089605490163625,"fraction_oneway":0.3613636363636364}