{"grass":0.0006286595158839655,"water":0.00011546807434603448,"forest":7.056382321146552e-5,"playground":3.2074465096120686e-5,"static_caravan":1.2829786038448274e-5,"pitch":6.414893019224137e-6,"residential":6.414893019224137e-6,"scrub":6.414893019224137e-6,"park":6.414893019224137e-6,"building_density":0.006716392991127672,"road_density":1.2766924098829697,"edge_length":30.072538915305564,"fraction_oneway":0.1566265060240964}