{"garden":2.3375578837940076e-5,"tree_row":2.3375578837940076e-5,"park":3.339368405420011e-6,"playground":3.339368405420011e-6,"water":3.339368405420011e-6,"building_density":0.008628927959605308,"road_density":0.9190896919902585,"fraction_oneway":0.547486033519553}