{"grass":0.0002371387755654082,"pitch":9.299559826094439e-5,"forest":3.719823930437776e-5,"water":3.254845939133054e-5,"sports_centre":9.29955982609444e-6,"shrubbery":6.974669869570829e-6,"playground":4.64977991304722e-6,"education":4.64977991304722e-6,"retail":2.32488995652361e-6,"residential":2.32488995652361e-6,"commercial":2.32488995652361e-6,"track":2.32488995652361e-6,"garden":2.32488995652361e-6,"building_density":0.006877024491396838,"road_density":0.8923877721138682,"edge_length":24.8762712296822,"fraction_oneway":0.5934065934065934}