{"grass":0.0001064918165655069,"forest":6.13134701437767e-5,"industrial":2.2589173210865098e-5,"water":2.2589173210865098e-5,"residential":9.6810742332279e-6,"commercial":6.454049488818599e-6,"scrub":3.2270247444092996e-6,"static_caravan":3.2270247444092996e-6,"railway":3.2270247444092996e-6,"building_density":0.0005615023055272182,"road_density":0.34668809607558915,"edge_length":47.22318047463643,"fraction_oneway":0.29605263157894735}