{"grass":6.365028360017411e-5,"scrub":5.83460933001596e-5,"forest":1.2376444033367187e-5,"playground":1.0608380600029018e-5,"railway":8.840317166690848e-6,"tree_row":7.072253733352679e-6,"water":3.5361268666763395e-6,"residential":1.7680634333381697e-6,"pitch":1.7680634333381697e-6,"building_density":0.0063703325503174256,"road_density":0.7068550517916719,"fraction_oneway":0.43333333333333335}