{"water":9.560660115901658e-6,"pitch":2.6074527588822703e-6,"tree_row":1.7383018392548467e-6,"marina":8.691509196274234e-7,"scrub":8.691509196274234e-7,"building_density":0.0002085962207105816,"road_density":0.09319576170354472,"fraction_oneway":0.4080370942812983}