{"water":4.18060468978259e-5,"playground":3.215849761371223e-6,"pitch":8.039624403428057e-7,"building_density":0.0006222669288253317,"road_density":0.14030931838967223,"fraction_oneway":0.16774193548387098}