{"water":1.8277431781268215e-5,"pitch":3.847880375003835e-6,"scrub":3.3668953281283555e-6,"playground":2.8859102812528763e-6,"grassland":2.4049252343773967e-6,"park":9.619700937509588e-7,"sports_centre":9.619700937509588e-7,"tree_row":9.619700937509588e-7,"wetland":4.809850468754794e-7,"garden":4.809850468754794e-7,"building_density":0.002331815507252324,"road_density":0.3191008851258698,"fraction_oneway":0.32737030411449014}