{"grass":0.00021504140537602226,"forest":0.00014024439481044932,"scrub":4.67481316034831e-5,"water":4.207331844313479e-5,"pitch":3.739850528278648e-5,"playground":2.804887896208986e-5,"construction":1.402443948104493e-5,"residential":1.402443948104493e-5,"tree_row":9.34962632069662e-6,"railway":4.67481316034831e-6,"recreation_ground":4.67481316034831e-6,"park":4.67481316034831e-6,"retail":4.67481316034831e-6,"dog_park":4.67481316034831e-6,"allotments":4.67481316034831e-6,"garden":4.67481316034831e-6,"building_density":0.015038873936840514,"road_density":2.017838037259397,"edge_length":23.552155856590844,"fraction_oneway":0.35335689045936397}