{"grass":7.230299873357334e-5,"flowerbed":6.644059343085118e-5,"outdoor_seating":4.299097221996253e-5,"tree_row":3.712856691724037e-5,"water":2.9312026513610816e-5,"garden":2.540375631179604e-5,"residential":9.770675504536938e-6,"park":7.816540403629551e-6,"houseboat":3.9082702018147755e-6,"scrub":3.9082702018147755e-6,"shrubbery":3.9082702018147755e-6,"retail":3.9082702018147755e-6,"pitch":1.9541351009073878e-6,"construction":1.9541351009073878e-6,"forest":1.9541351009073878e-6,"brownfield":1.9541351009073878e-6,"playground":1.9541351009073878e-6,"sports_centre":1.9541351009073878e-6,"building_density":0.014913959090125183,"road_density":1.367922382323041,"edge_length":18.66007976285351,"fraction_oneway":0.46875}