{"grass":0.00027808663661346104,"forest":8.962033786594952e-5,"tree_row":4.349222278788727e-5,"water":3.4266599772274814e-5,"scrub":1.9769192176312393e-5,"grassland":1.4497407595962423e-5,"playground":1.1861515305787436e-5,"park":3.9538384352624785e-6,"meadow":2.635892290174986e-6,"residential":2.635892290174986e-6,"sports_hall":2.635892290174986e-6,"pitch":1.317946145087493e-6,"construction":1.317946145087493e-6,"brownfield":1.317946145087493e-6,"retail":1.317946145087493e-6,"building_density":0.0059373473836191555,"road_density":0.9018097157037882,"edge_length":25.093657173418073,"fraction_oneway":0.2846153846153846}