{"grass":0.00016485950071266076,"forest":5.313007605905654e-5,"tree_row":2.578371338160097e-5,"water":2.0314440846109857e-5,"scrub":1.1719869718909532e-5,"grassland":8.594571127200323e-6,"playground":7.0319218313457195e-6,"park":2.3439739437819062e-6,"meadow":1.5626492958546042e-6,"residential":1.5626492958546042e-6,"sports_hall":1.5626492958546042e-6,"pitch":7.813246479273021e-7,"construction":7.813246479273021e-7,"brownfield":7.813246479273021e-7,"retail":7.813246479273021e-7,"building_density":0.003519867538912496,"road_density":0.5346243936036604,"fraction_oneway":0.2846153846153846}