{"playground":1.1164503048687435e-5,"water":1.1164503048687435e-5,"scrub":9.303752540572862e-6,"pitch":3.7215010162291446e-6,"shrubbery":3.7215010162291446e-6,"garden":1.8607505081145723e-6,"building_density":0.004986811361747054,"road_density":0.525693326109598,"fraction_oneway":0.5909090909090909}