{"grass":3.833831618817277e-5,"forest":2.2073575987129777e-5,"industrial":8.132370100521496e-6,"water":8.132370100521496e-6,"residential":3.48530147165207e-6,"commercial":2.3235343144347134e-6,"scrub":1.1617671572173567e-6,"static_caravan":1.1617671572173567e-6,"railway":1.1617671572173567e-6,"building_density":0.00020214748535582006,"road_density":0.12481182380662575,"fraction_oneway":0.29605263157894735}