{"grass":0.00020329667302591058,"water":8.677297019398623e-5,"shrubbery":2.9750732637938135e-5,"forest":7.437683159484534e-6,"meadow":7.437683159484534e-6,"scrub":4.9584554396563555e-6,"residential":4.9584554396563555e-6,"playground":4.9584554396563555e-6,"marina":2.4792277198281778e-6,"retail":2.4792277198281778e-6,"pitch":2.4792277198281778e-6,"outdoor_seating":2.4792277198281778e-6,"building_density":0.004591529737121785,"road_density":0.8315958509504883,"edge_length":29.086486316662324,"fraction_oneway":0.250936329588015}