{"grass":3.0054315648780097e-5,"garden":2.3375578837940076e-5,"tree_row":2.3375578837940076e-5,"residential":1.0018105216260032e-5,"playground":3.339368405420011e-6,"retail":3.339368405420011e-6,"park":3.339368405420011e-6,"water":3.339368405420011e-6,"building_density":0.008628927959605308,"road_density":0.9190896919902585,"fraction_oneway":0.547486033519553}