{"grass":0.00010723706060914999,"forest":5.061589260751879e-5,"basin":4.289482424365999e-5,"water":2.4021101576449596e-5,"pitch":1.0294757818478398e-5,"playground":9.4368613336052e-6,"residential":8.578964848731998e-7,"sports_centre":8.578964848731998e-7,"static_caravan":8.578964848731998e-7,"wood":8.578964848731998e-7,"beach":8.578964848731998e-7,"commercial":8.578964848731998e-7,"fell":8.578964848731998e-7,"grassland":8.578964848731998e-7,"ice_rink":8.578964848731998e-7,"building_density":0.0021490306946073657,"road_density":0.4068592988147355,"fraction_oneway":0.272}