{"grass":5.814846415808493e-5,"water":1.6959968712774772e-5,"forest":1.4537116039521233e-5,"shrubbery":7.2685580197606166e-6,"scrub":7.2685580197606166e-6,"playground":4.845705346507078e-6,"construction":4.845705346507078e-6,"railway":2.422852673253539e-6,"residential":2.422852673253539e-6,"retail":2.422852673253539e-6,"allotments":2.422852673253539e-6,"park":2.422852673253539e-6,"cemetery":2.422852673253539e-6,"building_density":0.0068857472973865574,"road_density":0.9065458459374347,"fraction_oneway":0.48467966573816157}