{"water":2.7010907323943683e-5,"nature_reserve":2.701090732394368e-6,"wood":2.701090732394368e-6,"wetland":1.350545366197184e-6,"building_density":0.0003119759795915495,"road_density":0.14493185695676802,"fraction_oneway":0.4717948717948718}