{"outdoor_seating":2.4446975840902112e-5,"tree_row":2.1113297317142734e-5,"water":1.6668392618796893e-5,"garden":1.4445940269623976e-5,"park":4.444904698345839e-6,"scrub":2.2224523491729194e-6,"shrubbery":2.2224523491729194e-6,"playground":1.1112261745864597e-6,"sports_centre":1.1112261745864597e-6,"pitch":1.1112261745864597e-6,"building_density":0.00848087816444386,"road_density":0.7778741374300048,"fraction_oneway":0.46875}