{"forest":4.6427999169331163e-5,"grass":2.78567995015987e-5,"water":2.3213999584665582e-5,"playground":2.3213999584665582e-5,"scrub":1.392839975079935e-5,"pitch":9.285599833866234e-6,"railway":4.642799916933117e-6,"sports_centre":4.642799916933117e-6,"garden":4.642799916933117e-6,"residential":4.642799916933117e-6,"construction":4.642799916933117e-6,"building_density":0.013352692561099644,"road_density":1.368313532367822,"edge_length":21.415296937766374,"fraction_oneway":0.46875}