{"grass":9.651416928036885e-5,"water":4.1195072253815975e-5,"shrubbery":1.4124024772736905e-5,"forest":3.5310061931842263e-6,"meadow":3.5310061931842263e-6,"scrub":2.3540041287894842e-6,"residential":2.3540041287894842e-6,"playground":2.3540041287894842e-6,"marina":1.1770020643947421e-6,"retail":1.1770020643947421e-6,"pitch":1.1770020643947421e-6,"outdoor_seating":1.1770020643947421e-6,"building_density":0.0021798078232590622,"road_density":0.3947963414101637,"fraction_oneway":0.250936329588015}