{"grass":0.0001719997220848384,"forest":4.195115172800937e-5,"water":3.3560921382407495e-5,"commercial":2.517069103680562e-5,"tree_row":2.0975575864004683e-5,"scrub":1.258534551840281e-5,"static_caravan":8.390230345601874e-6,"residential":8.390230345601874e-6,"retail":4.195115172800937e-6,"building_density":0.0007886816524865761,"road_density":0.463161452441918,"edge_length":38.95728412738645,"fraction_oneway":0.503125}