{"water":1.6959968712774772e-5,"scrub":7.2685580197606166e-6,"shrubbery":7.2685580197606166e-6,"playground":4.845705346507078e-6,"park":2.422852673253539e-6,"building_density":0.0068857472973865574,"road_density":0.9065458459374347,"fraction_oneway":0.48467966573816157}