{"water":2.6458397087041278e-5,"garden":4.409732847840213e-6,"grassland":1.1024332119600533e-6,"nature_reserve":1.1024332119600533e-6,"building_density":0.0011101502444437737,"road_density":0.2135716898821953,"fraction_oneway":0.2823529411764706}