{"grass":0.00017852428920319666,"forest":3.967206426737704e-5,"water":3.4004626514894606e-5,"wood":5.667437752482433e-6,"garden":4.250578314361826e-6,"playground":4.250578314361826e-6,"pitch":2.8337188762412167e-6,"residential":2.8337188762412167e-6,"commercial":1.4168594381206084e-6,"building_density":0.003615825286083793,"road_density":0.6010056975347589,"fraction_oneway":0.2822966507177033}