{"grass":0.00015294468994866593,"forest":8.723511945220204e-5,"water":2.7190167101985053e-5,"pitch":2.4924319843486298e-5,"playground":1.699385443874066e-5,"shrubbery":4.5316945169975085e-6,"park":2.2658472584987543e-6,"sports_centre":2.2658472584987543e-6,"residential":1.1329236292493771e-6,"allotments":1.1329236292493771e-6,"retail":1.1329236292493771e-6,"tree_row":1.1329236292493771e-6,"building_density":0.00596710875525647,"road_density":0.9288517002183513,"edge_length":25.833299180002463,"fraction_oneway":0.31865828092243187}