{"playground":1.3863953802341915e-5,"water":1.3863953802341915e-5,"scrub":8.31837228140515e-6,"pitch":5.545581520936766e-6,"garden":2.772790760468383e-6,"sports_centre":2.772790760468383e-6,"building_density":0.00797454622710707,"road_density":0.8171894520235059,"fraction_oneway":0.46875}