{"water":3.199317390107923e-5,"playground":8.886992750299787e-6,"park":1.7773985500599574e-6,"pitch":1.7773985500599574e-6,"scrub":1.7773985500599574e-6,"building_density":0.0018609362819127753,"road_density":0.3537379705940903,"fraction_oneway":0.1566265060240964}