{"grass":3.6856719608224755e-5,"garden":3.276152854064423e-5,"water":2.457114640548317e-5,"scrub":2.457114640548317e-5,"shrubbery":1.6380764270322114e-5,"pitch":8.190382135161057e-6,"retail":4.0951910675805285e-6,"railway":4.0951910675805285e-6,"residential":4.0951910675805285e-6,"tree_row":4.0951910675805285e-6,"playground":4.0951910675805285e-6,"building_density":0.011650818587266604,"road_density":1.688859124657759,"edge_length":25.912696736806755,"fraction_oneway":0.3895131086142322}