{"water":9.792083203600689e-6,"pitch":8.011704439309654e-6,"playground":6.2313256750186195e-6,"park":3.5607575285820683e-6,"scrub":1.7803787642910341e-6,"fitness_station":8.901893821455171e-7,"swimming_area":8.901893821455171e-7,"tree_row":8.901893821455171e-7,"garden":8.901893821455171e-7,"building_density":0.007225667214875162,"road_density":0.8470249748421418,"fraction_oneway":0.47165532879818595}