{"grass":0.00014568464428531283,"forest":4.734750939272667e-5,"playground":2.1852696642796923e-5,"water":2.1852696642796923e-5,"scrub":1.8210580535664103e-5,"pitch":7.284232214265641e-6,"industrial":7.284232214265641e-6,"residential":7.284232214265641e-6,"shrubbery":7.284232214265641e-6,"garden":3.6421161071328206e-6,"orchard":3.6421161071328206e-6,"construction":3.6421161071328206e-6,"railway":3.6421161071328206e-6,"building_density":0.009760871167115959,"road_density":1.02895907972962,"edge_length":22.132144554361712,"fraction_oneway":0.5909090909090909}