{"grass":0.00022709351041632272,"shrubbery":4.98497949694367e-5,"forest":4.2926212334792715e-5,"water":2.7694330538575944e-5,"scrub":1.523188179621677e-5,"residential":9.69301568850158e-6,"garden":8.308299161572784e-6,"playground":6.923582634643986e-6,"tree_row":5.5388661077151885e-6,"pitch":5.5388661077151885e-6,"commercial":4.154149580786392e-6,"industrial":4.154149580786392e-6,"retail":2.7694330538575942e-6,"sports_centre":2.7694330538575942e-6,"flowerbed":2.7694330538575942e-6,"park":2.7694330538575942e-6,"construction":1.3847165269287971e-6,"marina":1.3847165269287971e-6,"fitness_station":1.3847165269287971e-6,"dog_park":1.3847165269287971e-6,"building_density":0.01106388505016109,"road_density":1.9072873406595454,"edge_length":32.54689715161647,"fraction_oneway":0.3613636363636364}