{"grass":0.00017418505790587583,"water":3.199317390107923e-5,"forest":1.955138405065953e-5,"playground":8.886992750299787e-6,"static_caravan":3.5547971001199148e-6,"pitch":1.7773985500599574e-6,"residential":1.7773985500599574e-6,"scrub":1.7773985500599574e-6,"park":1.7773985500599574e-6,"building_density":0.0018609362819127753,"road_density":0.3537379705940903,"fraction_oneway":0.1566265060240964}