{"grass":0.00022839076438703782,"water":6.661397294621937e-5,"forest":5.7097691096759456e-5,"shrubbery":2.8548845548379728e-5,"scrub":2.8548845548379728e-5,"playground":1.9032563698919818e-5,"construction":1.9032563698919818e-5,"railway":9.516281849459909e-6,"residential":9.516281849459909e-6,"retail":9.516281849459909e-6,"allotments":9.516281849459909e-6,"park":9.516281849459909e-6,"cemetery":9.516281849459909e-6,"building_density":0.02704527301616506,"road_density":3.560656359601492,"edge_length":23.80939609785756,"fraction_oneway":0.48467966573816157}