{"grass":0.00010501246097459017,"scrub":9.626142256004099e-5,"forest":2.0419089633948086e-5,"playground":1.750207682909836e-5,"railway":1.4585064024248634e-5,"tree_row":1.1668051219398908e-5,"water":5.834025609699454e-6,"residential":2.917012804849727e-6,"pitch":2.917012804849727e-6,"building_density":0.010509997135873566,"road_density":1.166194152523176,"edge_length":22.867388298812198,"fraction_oneway":0.43333333333333335}