{"water":1.3380029324883356e-5,"tree_row":8.362518328052097e-6,"scrub":5.017510996831259e-6,"building_density":0.00031443068913475884,"road_density":0.1846526722319648,"fraction_oneway":0.503125}