{"water":8.132370100521496e-6,"scrub":1.1617671572173567e-6,"building_density":0.00020214748535582006,"road_density":0.12481182380662575,"fraction_oneway":0.29605263157894735}