{"grass":4.064793541066765e-5,"forest":1.7323113413271115e-5,"residential":1.5822686267239757e-5,"shrubbery":9.957380150935365e-6,"farmland":6.82012339105162e-6,"water":5.183293777199231e-6,"scrub":3.0008542920627128e-6,"meadow":2.86445182424168e-6,"wood":2.728049356420648e-6,"playground":1.773232081673421e-6,"pitch":1.2276222103892915e-6,"garages":1.0912197425682592e-6,"retail":9.548172747472268e-7,"industrial":9.548172747472268e-7,"tree_row":9.548172747472268e-7,"orchard":6.82012339105162e-7,"cemetery":6.82012339105162e-7,"education":4.092074034630972e-7,"construction":4.092074034630972e-7,"grassland":4.092074034630972e-7,"railway":2.728049356420648e-7,"nature_reserve":2.728049356420648e-7,"wetland":2.728049356420648e-7,"commercial":1.364024678210324e-7,"park":1.364024678210324e-7,"religious":1.364024678210324e-7,"garden":1.364024678210324e-7,"farmyard":1.364024678210324e-7,"plant_nursery":1.364024678210324e-7,"building_density":0.00044494485003220767,"road_density":0.0849540159093354,"fraction_oneway":0.18361955085865259}