{"grass":5.240376466235052e-5,"swimming_pool":3.121926405416627e-5,"forest":3.0104290337946046e-5,"farmland":9.75602001692696e-6,"water":9.75602001692696e-6,"scrub":2.5086908614955037e-6,"pitch":2.229947432440448e-6,"wetland":1.39371714527528e-6,"plant_nursery":1.39371714527528e-6,"nature_reserve":8.362302871651679e-7,"sand":8.362302871651679e-7,"orchard":5.57486858110112e-7,"allotments":5.57486858110112e-7,"residential":2.78743429055056e-7,"golf_course":2.78743429055056e-7,"sports_centre":2.78743429055056e-7,"farmyard":2.78743429055056e-7,"cemetery":2.78743429055056e-7,"playground":2.78743429055056e-7,"building_density":0.0003461993388863795,"road_density":0.08586727440080517,"fraction_oneway":0.20114942528735633}