{"grass":4.329721467514137e-5,"forest":2.443506174735701e-5,"water":1.3717929402024988e-5,"industrial":3.000797056692966e-6,"railway":2.1434264690664043e-6,"tree_row":1.2860558814398426e-6,"allotments":8.573705876265618e-7,"farmland":8.573705876265618e-7,"pitch":4.286852938132809e-7,"orchard":4.286852938132809e-7,"residential":4.286852938132809e-7,"sand":4.286852938132809e-7,"shrubbery":4.286852938132809e-7,"grassland":4.286852938132809e-7,"commercial":4.286852938132809e-7,"building_density":0.0004844143820090074,"road_density":0.09195435640122776,"fraction_oneway":0.48704663212435234}