{"playground":8.56325283421591e-6,"pitch":8.56325283421591e-6,"scrub":6.4224396256619314e-6,"swimming_pool":4.281626417107955e-6,"tree_row":4.281626417107955e-6,"dog_park":4.281626417107955e-6,"park":4.281626417107955e-6,"sand":4.281626417107955e-6,"wetland":2.1408132085539773e-6,"building_density":0.0035880029375364654,"road_density":0.4664146161959013,"fraction_oneway":0.1902654867256637}