{"grass":0.000265249244581002,"forest":0.0001950005861988188,"farmland":8.236049603428372e-5,"pitch":3.75466967215117e-5,"cemetery":3.6335512956301645e-5,"water":3.5124329191091586e-5,"scrub":7.267102591260329e-6,"plant_nursery":7.267102591260329e-6,"sand":6.055918826050273e-6,"wetland":4.844735060840219e-6,"orchard":4.844735060840219e-6,"sports_centre":3.6335512956301644e-6,"tree_row":2.4223675304201093e-6,"grassland":2.4223675304201093e-6,"nature_reserve":2.4223675304201093e-6,"residential":1.2111837652100547e-6,"military":1.2111837652100547e-6,"outdoor_seating":1.2111837652100547e-6,"playground":1.2111837652100547e-6,"meadow":1.2111837652100547e-6,"swimming_pool":1.2111837652100547e-6,"building_density":0.0004626721983102409,"road_density":0.190321146739382,"edge_length":36.357351786120866,"fraction_oneway":0.32848837209302323}