{"shrubbery":7.001335093967248e-6,"water":2.739652862856749e-6,"pitch":2.587449926031374e-6,"playground":1.9786381787298745e-6,"scrub":1.6742323050791245e-6,"grassland":1.0654205577776247e-6,"wood":9.132176209522498e-7,"marina":4.566088104761249e-7,"swimming_pool":4.566088104761249e-7,"dog_park":4.566088104761249e-7,"tree_row":3.044058736507499e-7,"beach":3.044058736507499e-7,"park":1.5220293682537496e-7,"building_density":0.0018967529987178227,"road_density":0.289014151784418,"fraction_oneway":0.3086085544125609}