{"grass":0.00010737662044466092,"forest":4.5761177169368915e-5,"residential":4.179761064288814e-5,"shrubbery":2.6303668766645122e-5,"farmland":1.801621148400351e-5,"water":1.3692320727842668e-5,"scrub":7.927133052961544e-6,"meadow":7.566808823281474e-6,"wood":7.206484593601403e-6,"playground":4.684214985840913e-6,"pitch":3.242918067120632e-6,"garages":2.8825938374405615e-6,"retail":2.522269607760491e-6,"industrial":2.522269607760491e-6,"tree_row":2.522269607760491e-6,"orchard":1.8016211484003509e-6,"cemetery":1.8016211484003509e-6,"education":1.0809726890402106e-6,"construction":1.0809726890402106e-6,"grassland":1.0809726890402106e-6,"railway":7.206484593601404e-7,"nature_reserve":7.206484593601404e-7,"wetland":7.206484593601404e-7,"commercial":3.603242296800702e-7,"park":3.603242296800702e-7,"religious":3.603242296800702e-7,"garden":3.603242296800702e-7,"farmyard":3.603242296800702e-7,"plant_nursery":3.603242296800702e-7,"building_density":0.001175377637216389,"road_density":0.22441669003322598,"edge_length":26.988722983662683,"fraction_oneway":0.18361955085865259}