{"grass":0.00012929628243165566,"forest":5.746501441406919e-5,"park":1.676062920410351e-5,"tree_row":1.676062920410351e-5,"playground":1.4366253603517297e-5,"pitch":7.1831268017586485e-6,"static_caravan":7.1831268017586485e-6,"sports_centre":4.788751201172432e-6,"water":2.394375600586216e-6,"dog_park":2.394375600586216e-6,"residential":2.394375600586216e-6,"cemetery":2.394375600586216e-6,"building_density":0.006026643386675506,"road_density":0.9389985341808361,"edge_length":24.80508765817204,"fraction_oneway":0.4051948051948052}