{"park":6.359764414172426e-6,"playground":5.451226640719222e-6,"swimming_pool":4.542688867266018e-6,"pitch":4.542688867266018e-6,"scrub":3.6341510938128147e-6,"dog_park":2.725613320359611e-6,"sports_centre":1.8170755469064074e-6,"water":9.085377734532037e-7,"outdoor_seating":9.085377734532037e-7,"sand":9.085377734532037e-7,"tree_row":9.085377734532037e-7,"building_density":0.003601443733968499,"road_density":0.5028548367256044,"fraction_oneway":0.26430976430976433}