{"grass":0.00013030867545572048,"forest":1.4324712550096933e-5,"shrubbery":1.2476362543632812e-5,"playground":5.776093770200376e-6,"pitch":5.082962517776331e-6,"farmland":4.1587875145442705e-6,"water":1.8483500064641203e-6,"orchard":1.6173062556561053e-6,"wood":1.3862625048480902e-6,"dog_park":1.3862625048480902e-6,"grassland":1.3862625048480902e-6,"park":1.1552187540400753e-6,"garden":9.241750032320602e-7,"sand":9.241750032320602e-7,"village_green":9.241750032320602e-7,"static_caravan":6.931312524240451e-7,"greenery":6.931312524240451e-7,"meadow":6.931312524240451e-7,"scrub":4.620875016160301e-7,"construction":4.620875016160301e-7,"flowerbed":4.620875016160301e-7,"cemetery":4.620875016160301e-7,"swimming_pool":4.620875016160301e-7,"tree_row":4.620875016160301e-7,"residential":2.3104375080801504e-7,"industrial":2.3104375080801504e-7,"farmyard":2.3104375080801504e-7,"allotments":2.3104375080801504e-7,"garages":2.3104375080801504e-7,"sports_centre":2.3104375080801504e-7,"building_density":0.004361181840252092,"road_density":0.6571828984202515,"edge_length":24.77147064649809,"fraction_oneway":0.30089485458612975}