{"shrubbery":1.9591501193034323e-5,"wood":7.988767476771278e-6,"water":4.374801237279509e-6,"pitch":3.994383738385639e-6,"wetland":2.4727137428101575e-6,"scrub":2.092296243916287e-6,"sand":1.5216699955754815e-6,"outdoor_seating":7.608349977877407e-7,"garden":7.608349977877407e-7,"sports_centre":3.8041749889387037e-7,"swimming_pool":1.9020874944693518e-7,"nature_reserve":1.9020874944693518e-7,"grassland":1.9020874944693518e-7,"playground":1.9020874944693518e-7,"park":1.9020874944693518e-7,"building_density":0.0008192290838679498,"road_density":0.1456571702598673,"fraction_oneway":0.3373860182370821}