{"grass":0.0001421579795312548,"residential":9.163902812758573e-5,"shrubbery":6.344240408832859e-5,"tree_row":2.4672046034350004e-5,"wood":1.1748593349690478e-5,"forest":1.1748593349690478e-5,"commercial":9.398874679752383e-6,"retail":5.874296674845239e-6,"scrub":5.874296674845239e-6,"education":3.524578004907144e-6,"sand":3.524578004907144e-6,"grassland":3.524578004907144e-6,"railway":2.3497186699380958e-6,"water":2.3497186699380958e-6,"industrial":2.3497186699380958e-6,"pitch":1.1748593349690479e-6,"static_caravan":1.1748593349690479e-6,"garden":1.1748593349690479e-6,"religious":1.1748593349690479e-6,"playground":1.1748593349690479e-6,"building_density":0.004283537135297149,"road_density":0.6279310106413674,"edge_length":23.112361305666937,"fraction_oneway":0.221505376344086}