{"grass":5.0974037959164956e-5,"forest":3.020683730913479e-5,"park":1.1327563990925546e-5,"pitch":1.1327563990925546e-5,"scrub":5.663781995462773e-6,"tree_row":1.8879273318209243e-6,"playground":1.8879273318209243e-6,"residential":1.8879273318209243e-6,"building_density":0.0029357270009815373,"road_density":0.3459839791458017,"fraction_oneway":0.3178294573643411}