{"grass":0.00013894681366590116,"forest":8.233885254275624e-5,"park":3.087706970353359e-5,"pitch":3.087706970353359e-5,"scrub":1.5438534851766795e-5,"tree_row":5.146178283922265e-6,"playground":5.146178283922265e-6,"residential":5.146178283922265e-6,"building_density":0.008002307231499122,"road_density":0.9430952187909868,"edge_length":18.117773591479004,"fraction_oneway":0.3178294573643411}