{"grass":7.493803959098422e-5,"forest":1.81406205349933e-5,"pitch":6.910712584759353e-6,"playground":6.046873511664434e-6,"water":4.967074670295785e-6,"tree_row":2.591517219284757e-6,"orchard":2.591517219284757e-6,"farmland":1.7276781461898382e-6,"railway":1.2957586096423786e-6,"residential":1.0797988413686488e-6,"dog_park":1.0797988413686488e-6,"allotments":8.638390730949191e-7,"cemetery":8.638390730949191e-7,"scrub":8.638390730949191e-7,"swimming_pool":8.638390730949191e-7,"industrial":6.478793048211893e-7,"sports_centre":6.478793048211893e-7,"farmyard":4.3191953654745955e-7,"construction":4.3191953654745955e-7,"outdoor_seating":2.1595976827372978e-7,"stadium":2.1595976827372978e-7,"park":2.1595976827372978e-7,"recreation_ground":2.1595976827372978e-7,"grassland":2.1595976827372978e-7,"fitness_station":2.1595976827372978e-7,"building_density":0.0036432412907778213,"road_density":0.5067704781883647,"edge_length":22.74384970807462,"fraction_oneway":0.3549172346640701}