{"water":1.3717929402024988e-5,"tree_row":1.2860558814398426e-6,"grassland":4.286852938132809e-7,"pitch":4.286852938132809e-7,"sand":4.286852938132809e-7,"shrubbery":4.286852938132809e-7,"building_density":0.0004844143820090074,"road_density":0.09195435640122776,"fraction_oneway":0.48704663212435234}