{"grass":0.00019238522553488306,"tree_row":6.80386773233123e-5,"forest":3.519241930516154e-5,"shrubbery":1.2512860197390768e-5,"playground":7.82053762336923e-6,"pitch":6.256430098695384e-6,"farmland":6.256430098695384e-6,"water":3.910268811684615e-6,"industrial":3.128215049347692e-6,"railway":2.346161287010769e-6,"park":2.346161287010769e-6,"cemetery":2.346161287010769e-6,"wood":1.564107524673846e-6,"farmyard":1.564107524673846e-6,"allotments":1.564107524673846e-6,"residential":7.82053762336923e-7,"scrub":7.82053762336923e-7,"orchard":7.82053762336923e-7,"flowerbed":7.82053762336923e-7,"education":7.82053762336923e-7,"wetland":7.82053762336923e-7,"recreation_ground":7.82053762336923e-7,"building_density":0.003222061500828123,"road_density":0.6112441788503781,"edge_length":28.75707120941866,"fraction_oneway":0.23415492957746478}