{"grass":0.00013881723166622042,"forest":2.7042317857055925e-5,"water":2.4338086071350334e-5,"garden":1.0816927142822371e-5,"park":9.014105952351976e-6,"flowerbed":8.112695357116777e-6,"shrubbery":7.211284761881581e-6,"pitch":6.309874166646383e-6,"playground":6.309874166646383e-6,"outdoor_seating":4.507052976175988e-6,"grassland":3.6056423809407904e-6,"wood":1.8028211904703952e-6,"railway":1.8028211904703952e-6,"residential":1.8028211904703952e-6,"retail":1.8028211904703952e-6,"scrub":1.8028211904703952e-6,"tree_row":1.8028211904703952e-6,"construction":9.014105952351976e-7,"building_density":0.013241721644005052,"road_density":1.5783463963557443,"edge_length":23.53997375387391,"fraction_oneway":0.5329000812347685}