{"shrubbery":0.000771404368942218,"sand":3.8570218447110896e-5,"wood":2.8927663835333172e-5,"scrub":2.6999152912977626e-5,"water":9.642554611777724e-6,"playground":3.85702184471109e-6,"pitch":1.928510922355545e-6,"building_density":0.002800197859260251,"road_density":0.31626269226335424,"fraction_oneway":0.22388059701492538}