{"shrubbery":0.0006485678698362385,"grass":0.000464016036956008,"residential":0.00022849274547076152,"wood":6.327491413036472e-5,"sand":3.3395093568803606e-5,"forest":3.163745706518236e-5,"garden":2.812218405793988e-5,"water":2.4606911050697395e-5,"scrub":1.2303455525348698e-5,"garages":1.2303455525348698e-5,"playground":5.272909510863728e-6,"education":3.515273007242485e-6,"pitch":3.515273007242485e-6,"recreation_ground":1.7576365036212424e-6,"commercial":1.7576365036212424e-6,"retail":1.7576365036212424e-6,"sports_centre":1.7576365036212424e-6,"building_density":0.005849414284051495,"road_density":0.8013207261036013,"edge_length":21.47875737883488,"fraction_oneway":0.24936386768447838}