{"grass":0.00011766012993378133,"forest":2.7537477218544565e-5,"tree_row":2.0027256158941504e-5,"park":1.0013628079470752e-5,"scrub":1.0013628079470752e-5,"pitch":5.006814039735376e-6,"playground":5.006814039735376e-6,"wood":2.503407019867688e-6,"garden":2.503407019867688e-6,"railway":2.503407019867688e-6,"residential":2.503407019867688e-6,"static_caravan":2.503407019867688e-6,"water":2.503407019867688e-6,"farmland":2.503407019867688e-6,"building_density":0.0021153789317881963,"road_density":0.33650410300949396,"fraction_oneway":0.3303964757709251}