{"grass":0.00020791707975118215,"shrubbery":0.00011771444211509444,"residential":5.5925635334374375e-5,"scrub":5.1866516640750425e-5,"water":1.849154071539798e-5,"forest":1.2628369269052278e-5,"garden":1.17263428926914e-5,"wood":1.0824316516330523e-5,"pitch":8.56925057542833e-6,"commercial":6.314184634526139e-6,"retail":5.8631714463457e-6,"playground":3.1570923172630696e-6,"outdoor_seating":3.1570923172630696e-6,"sand":3.1570923172630696e-6,"industrial":3.1570923172630696e-6,"park":2.706079129082631e-6,"meadow":2.706079129082631e-6,"farmland":1.804052752721754e-6,"tree_row":1.3530395645413154e-6,"flowerbed":9.02026376360877e-7,"allotments":9.02026376360877e-7,"railway":9.02026376360877e-7,"religious":9.02026376360877e-7,"education":9.02026376360877e-7,"sports_centre":9.02026376360877e-7,"wetland":9.02026376360877e-7,"slipway":4.510131881804385e-7,"bandstand":4.510131881804385e-7,"swimming_pool":4.510131881804385e-7,"marina":4.510131881804385e-7,"plant_nursery":4.510131881804385e-7,"grassland":4.510131881804385e-7,"construction":4.510131881804385e-7,"building_density":0.003670796338600589,"road_density":0.4802853407548175,"edge_length":23.05084845057788,"fraction_oneway":0.3159340659340659}