{"shrubbery":6.156201826149378e-5,"scrub":2.7125027203340165e-5,"water":9.67066187249519e-6,"garden":6.13261484597256e-6,"wood":5.6608752424362085e-6,"pitch":4.481526233595332e-6,"sand":1.6510886123772275e-6,"playground":1.6510886123772275e-6,"outdoor_seating":1.6510886123772275e-6,"park":1.4152188106090521e-6,"tree_row":7.076094053045261e-7,"wetland":4.7173960353635074e-7,"sports_centre":4.7173960353635074e-7,"bandstand":2.3586980176817537e-7,"marina":2.3586980176817537e-7,"slipway":2.3586980176817537e-7,"swimming_pool":2.3586980176817537e-7,"grassland":2.3586980176817537e-7,"building_density":0.0019197443165911792,"road_density":0.25117848232561457,"fraction_oneway":0.3159340659340659}