{"grass":7.27543059739644e-5,"forest":7.997813777279774e-6,"shrubbery":6.965837806017868e-6,"playground":3.2249249101934574e-6,"pitch":2.8379339209702426e-6,"farmland":2.3219459353392892e-6,"water":1.0319759712619064e-6,"orchard":9.029789748541681e-7,"wood":7.739819784464297e-7,"dog_park":7.739819784464297e-7,"grassland":7.739819784464297e-7,"park":6.449849820386914e-7,"garden":5.159879856309532e-7,"sand":5.159879856309532e-7,"village_green":5.159879856309532e-7,"static_caravan":3.869909892232149e-7,"greenery":3.869909892232149e-7,"meadow":3.869909892232149e-7,"scrub":2.579939928154766e-7,"construction":2.579939928154766e-7,"flowerbed":2.579939928154766e-7,"cemetery":2.579939928154766e-7,"swimming_pool":2.579939928154766e-7,"tree_row":2.579939928154766e-7,"residential":1.289969964077383e-7,"industrial":1.289969964077383e-7,"farmyard":1.289969964077383e-7,"allotments":1.289969964077383e-7,"garages":1.289969964077383e-7,"sports_centre":1.289969964077383e-7,"building_density":0.002434947304192468,"road_density":0.3669202031661414,"fraction_oneway":0.30089485458612975}