{"grass":6.627410284179043e-5,"forest":2.9455156818573523e-5,"park":8.591087405417278e-6,"tree_row":8.591087405417278e-6,"playground":7.363789204643381e-6,"pitch":3.6818946023216904e-6,"static_caravan":3.6818946023216904e-6,"sports_centre":2.4545964015477937e-6,"water":1.2272982007738969e-6,"dog_park":1.2272982007738969e-6,"residential":1.2272982007738969e-6,"cemetery":1.2272982007738969e-6,"building_density":0.0030891095713478983,"road_density":0.4813076157505599,"fraction_oneway":0.4051948051948052}