{"grass":0.00013523987185415004,"swimming_pool":8.056843429608938e-5,"forest":7.769099021408619e-5,"farmland":2.5177635717527932e-5,"water":2.5177635717527932e-5,"scrub":6.4742491845071825e-6,"pitch":5.7548881640063845e-6,"wetland":3.5968051025039902e-6,"plant_nursery":3.5968051025039902e-6,"nature_reserve":2.1580830615023943e-6,"sand":2.1580830615023943e-6,"orchard":1.4387220410015961e-6,"allotments":1.4387220410015961e-6,"residential":7.193610205007981e-7,"golf_course":7.193610205007981e-7,"sports_centre":7.193610205007981e-7,"farmyard":7.193610205007981e-7,"cemetery":7.193610205007981e-7,"playground":7.193610205007981e-7,"building_density":0.0008934463874619912,"road_density":0.22160009421561955,"edge_length":32.8938916589657,"fraction_oneway":0.20114942528735633}