{"shrubbery":9.957380150935365e-6,"water":5.183293777199231e-6,"scrub":3.0008542920627128e-6,"wood":2.728049356420648e-6,"playground":1.773232081673421e-6,"pitch":1.2276222103892915e-6,"tree_row":9.548172747472268e-7,"grassland":4.092074034630972e-7,"nature_reserve":2.728049356420648e-7,"wetland":2.728049356420648e-7,"park":1.364024678210324e-7,"garden":1.364024678210324e-7,"building_density":0.00044494485003220767,"road_density":0.0849540159093354,"fraction_oneway":0.18361955085865259}