{"grass":9.700146934972433e-5,"residential":6.252987280395453e-5,"shrubbery":4.328991194119929e-5,"tree_row":1.6834965754910835e-5,"wood":8.01665035948135e-6,"forest":8.01665035948135e-6,"commercial":6.41332028758508e-6,"retail":4.008325179740675e-6,"scrub":4.008325179740675e-6,"education":2.404995107844405e-6,"sand":2.404995107844405e-6,"grassland":2.404995107844405e-6,"railway":1.60333007189627e-6,"water":1.60333007189627e-6,"industrial":1.60333007189627e-6,"pitch":8.01665035948135e-7,"static_caravan":8.01665035948135e-7,"garden":8.01665035948135e-7,"religious":8.01665035948135e-7,"playground":8.01665035948135e-7,"building_density":0.0029228707210669004,"road_density":0.4284686015045559,"fraction_oneway":0.221505376344086}