{"pitch":3.925888204302831e-6,"playground":3.4351521787649767e-6,"water":2.8217321468426597e-6,"tree_row":1.4722080766135616e-6,"dog_park":6.134200319223173e-7,"scrub":4.907360255378539e-7,"swimming_pool":4.907360255378539e-7,"sports_centre":3.680520191533904e-7,"outdoor_seating":1.2268400638446347e-7,"stadium":1.2268400638446347e-7,"fitness_station":1.2268400638446347e-7,"grassland":1.2268400638446347e-7,"park":1.2268400638446347e-7,"building_density":0.0020696791877058986,"road_density":0.2878898837431373,"fraction_oneway":0.3549172346640701}