{"grass":7.798558727324343e-5,"residential":3.271590490487285e-5,"shrubbery":1.9591501193034323e-5,"forest":1.4455864957967073e-5,"wood":7.988767476771278e-6,"water":4.374801237279509e-6,"pitch":3.994383738385639e-6,"retail":2.6629224922570925e-6,"wetland":2.4727137428101575e-6,"farmland":2.092296243916287e-6,"scrub":2.092296243916287e-6,"commercial":1.9020874944693519e-6,"garages":1.5216699955754815e-6,"sand":1.5216699955754815e-6,"education":1.3314612461285463e-6,"meadow":1.141252496681611e-6,"outdoor_seating":7.608349977877407e-7,"construction":7.608349977877407e-7,"garden":7.608349977877407e-7,"orchard":7.608349977877407e-7,"allotments":7.608349977877407e-7,"railway":5.706262483408055e-7,"industrial":5.706262483408055e-7,"cemetery":3.8041749889387037e-7,"religious":3.8041749889387037e-7,"sports_centre":3.8041749889387037e-7,"nature_reserve":1.9020874944693518e-7,"playground":1.9020874944693518e-7,"recreation_ground":1.9020874944693518e-7,"swimming_pool":1.9020874944693518e-7,"grassland":1.9020874944693518e-7,"farmyard":1.9020874944693518e-7,"park":1.9020874944693518e-7,"building_density":0.0008192290838679498,"road_density":0.1456571702598673,"fraction_oneway":0.3373860182370821}