{"swimming_pool":0.0001432680471074785,"grass":5.7989447638741304e-5,"forest":5.7989447638741304e-5,"sand":6.822287957498977e-6,"pitch":6.822287957498977e-6,"water":3.4111439787494885e-6,"residential":3.4111439787494885e-6,"allotments":3.4111439787494885e-6,"building_density":0.0012621232721373107,"road_density":0.33675785976726813,"fraction_oneway":0.24390243902439024}