{"grass":0.00026807187453320913,"forest":0.00014680126462532882,"playground":3.510465023649167e-5,"pitch":1.9147991038086365e-5,"park":9.573995519043182e-6,"water":6.382663679362122e-6,"sand":6.382663679362122e-6,"farmland":3.191331839681061e-6,"plant_nursery":3.191331839681061e-6,"dog_park":3.191331839681061e-6,"residential":3.191331839681061e-6,"allotments":3.191331839681061e-6,"scrub":3.191331839681061e-6,"orchard":3.191331839681061e-6,"building_density":0.005418881463778441,"road_density":0.6624841710766634,"edge_length":19.1325916621883,"fraction_oneway":0.402555910543131}