{"shrubbery":0.000771404368942218,"grass":0.0002642059963627096,"residential":0.00017935151577906565,"sand":3.8570218447110896e-5,"wood":2.8927663835333172e-5,"scrub":2.6999152912977626e-5,"water":9.642554611777724e-6,"forest":5.785532767066634e-6,"playground":3.85702184471109e-6,"garages":3.85702184471109e-6,"retail":1.928510922355545e-6,"pitch":1.928510922355545e-6,"building_density":0.002800197859260251,"road_density":0.31626269226335424,"fraction_oneway":0.22388059701492538}