{"shrubbery":0.001579018329679065,"grass":0.0005408137779150798,"residential":0.00036712176165038267,"sand":7.895091648395326e-5,"wood":5.921318736296494e-5,"scrub":5.526564153876728e-5,"water":1.9737729120988314e-5,"forest":1.1842637472592989e-5,"playground":7.895091648395326e-6,"garages":7.895091648395326e-6,"retail":3.947545824197663e-6,"pitch":3.947545824197663e-6,"building_density":0.005731836536735007,"road_density":0.647370702297503,"edge_length":16.450316753064012,"fraction_oneway":0.22388059701492538}