{"grass":0.0001221696455122098,"forest":2.9966139465259014e-5,"park":1.613561355821639e-5,"playground":1.3830525907042622e-5,"pitch":1.152543825586885e-5,"swimming_pool":1.152543825586885e-5,"scrub":9.22035060469508e-6,"dog_park":6.915262953521311e-6,"sports_centre":4.61017530234754e-6,"water":2.30508765117377e-6,"cemetery":2.30508765117377e-6,"construction":2.30508765117377e-6,"outdoor_seating":2.30508765117377e-6,"residential":2.30508765117377e-6,"sand":2.30508765117377e-6,"tree_row":2.30508765117377e-6,"village_green":2.30508765117377e-6,"allotments":2.30508765117377e-6,"building_density":0.009137367449252825,"road_density":1.2758131894324551,"edge_length":22.05878933033377,"fraction_oneway":0.26430976430976433}