{"grass":9.827803711962264e-5,"tree_row":3.4756866786208006e-5,"forest":1.7977689717004143e-5,"shrubbery":6.392067454934806e-6,"playground":3.995042159334254e-6,"pitch":3.196033727467403e-6,"farmland":3.196033727467403e-6,"water":1.997521079667127e-6,"industrial":1.5980168637337015e-6,"railway":1.1985126478002762e-6,"park":1.1985126478002762e-6,"cemetery":1.1985126478002762e-6,"wood":7.990084318668507e-7,"farmyard":7.990084318668507e-7,"allotments":7.990084318668507e-7,"residential":3.9950421593342537e-7,"scrub":3.9950421593342537e-7,"orchard":3.9950421593342537e-7,"flowerbed":3.9950421593342537e-7,"education":3.9950421593342537e-7,"wetland":3.9950421593342537e-7,"recreation_ground":3.9950421593342537e-7,"building_density":0.0016459573696457125,"road_density":0.31224787626593786,"fraction_oneway":0.23415492957746478}