{"grass":0.00020327438751485357,"residential":8.527608451842638e-5,"shrubbery":5.1066492473243706e-5,"forest":3.768013036860701e-5,"wood":2.0823229940545978e-5,"water":1.1403197348394226e-5,"pitch":1.0411614970272989e-5,"retail":6.941076646848659e-6,"wetland":6.4452854577880405e-6,"farmland":5.453703079666804e-6,"scrub":5.453703079666804e-6,"commercial":4.957911890606185e-6,"garages":3.966329512484948e-6,"sand":3.966329512484948e-6,"education":3.4705383234243295e-6,"meadow":2.974747134363711e-6,"outdoor_seating":1.983164756242474e-6,"construction":1.983164756242474e-6,"garden":1.983164756242474e-6,"orchard":1.983164756242474e-6,"allotments":1.983164756242474e-6,"railway":1.4873735671818555e-6,"industrial":1.4873735671818555e-6,"cemetery":9.91582378121237e-7,"religious":9.91582378121237e-7,"sports_centre":9.91582378121237e-7,"nature_reserve":4.957911890606185e-7,"playground":4.957911890606185e-7,"recreation_ground":4.957911890606185e-7,"swimming_pool":4.957911890606185e-7,"grassland":4.957911890606185e-7,"farmyard":4.957911890606185e-7,"park":4.957911890606185e-7,"building_density":0.002135372651284084,"road_density":0.37966466762608836,"edge_length":24.8104760255847,"fraction_oneway":0.3373860182370821}