{"playground":1.413850953655893e-5,"pitch":7.711914292668508e-6,"park":3.855957146334254e-6,"sand":2.570638097556169e-6,"water":2.570638097556169e-6,"dog_park":1.2853190487780845e-6,"scrub":1.2853190487780845e-6,"building_density":0.0021824717448251877,"road_density":0.26681760699755164,"fraction_oneway":0.402555910543131}