{"grass":9.248223151271373e-5,"forest":3.628358935454551e-5,"shrubbery":1.2549211355707468e-5,"water":4.9105609652768356e-6,"pitch":4.637752022761456e-6,"playground":3.5465162526999367e-6,"scrub":3.0008983676691772e-6,"orchard":2.7280894251537977e-6,"farmland":2.182471540123038e-6,"grassland":1.9096625976076583e-6,"wood":1.6368536550922786e-6,"allotments":1.6368536550922786e-6,"industrial":1.3640447125768989e-6,"railway":1.3640447125768989e-6,"static_caravan":1.3640447125768989e-6,"marina":8.184268275461393e-7,"swimming_pool":8.184268275461393e-7,"cemetery":8.184268275461393e-7,"dog_park":8.184268275461393e-7,"meadow":5.456178850307595e-7,"recreation_ground":5.456178850307595e-7,"tree_row":5.456178850307595e-7,"beach":5.456178850307595e-7,"religious":2.7280894251537973e-7,"plant_nursery":2.7280894251537973e-7,"park":2.7280894251537973e-7,"construction":2.7280894251537973e-7,"residential":2.7280894251537973e-7,"building_density":0.0033997450416266626,"road_density":0.5180297224536968,"edge_length":23.771280864713898,"fraction_oneway":0.3086085544125609}