{"grass":5.159679558380211e-5,"forest":2.024299059777487e-5,"shrubbery":7.001335093967248e-6,"water":2.739652862856749e-6,"pitch":2.587449926031374e-6,"playground":1.9786381787298745e-6,"scrub":1.6742323050791245e-6,"orchard":1.5220293682537495e-6,"farmland":1.2176234946029997e-6,"grassland":1.0654205577776247e-6,"wood":9.132176209522498e-7,"allotments":9.132176209522498e-7,"industrial":7.610146841268747e-7,"railway":7.610146841268747e-7,"static_caravan":7.610146841268747e-7,"marina":4.566088104761249e-7,"swimming_pool":4.566088104761249e-7,"cemetery":4.566088104761249e-7,"dog_park":4.566088104761249e-7,"meadow":3.044058736507499e-7,"recreation_ground":3.044058736507499e-7,"tree_row":3.044058736507499e-7,"beach":3.044058736507499e-7,"religious":1.5220293682537496e-7,"plant_nursery":1.5220293682537496e-7,"park":1.5220293682537496e-7,"construction":1.5220293682537496e-7,"residential":1.5220293682537496e-7,"building_density":0.0018967529987178227,"road_density":0.289014151784418,"fraction_oneway":0.3086085544125609}