{"grass":0.00031236086533663934,"forest":7.310573444049006e-5,"tree_row":5.3167806865810955e-5,"park":2.6583903432905478e-5,"scrub":2.6583903432905478e-5,"pitch":1.3291951716452739e-5,"playground":1.3291951716452739e-5,"wood":6.645975858226369e-6,"garden":6.645975858226369e-6,"railway":6.645975858226369e-6,"residential":6.645975858226369e-6,"static_caravan":6.645975858226369e-6,"water":6.645975858226369e-6,"farmland":6.645975858226369e-6,"building_density":0.005615849600201282,"road_density":0.8933418046073132,"edge_length":22.5761596683819,"fraction_oneway":0.3303964757709251}