{"shrubbery":0.00034564051662939636,"grass":0.00024728752409257626,"residential":0.00012177037171225346,"wood":3.372102601262404e-5,"sand":1.7797208173329353e-5,"forest":1.686051300631202e-5,"garden":1.498712267227735e-5,"water":1.311373233824268e-5,"scrub":6.55686616912134e-6,"garages":6.55686616912134e-6,"playground":2.810085501052003e-6,"education":1.8733903340346687e-6,"pitch":1.8733903340346687e-6,"recreation_ground":9.366951670173343e-7,"commercial":9.366951670173343e-7,"retail":9.366951670173343e-7,"sports_centre":9.366951670173343e-7,"building_density":0.003117321515833689,"road_density":0.42704691773618947,"fraction_oneway":0.24936386768447838}