{"grass":6.088038443498604e-5,"forest":4.475681230151942e-5,"farmland":1.8903498363374662e-5,"pitch":8.61777131271492e-6,"cemetery":8.339778689724115e-6,"water":8.06178606673331e-6,"scrub":1.6679557379448231e-6,"plant_nursery":1.6679557379448231e-6,"sand":1.3899631149540192e-6,"wetland":1.1119704919632155e-6,"orchard":1.1119704919632155e-6,"sports_centre":8.339778689724116e-7,"tree_row":5.559852459816077e-7,"grassland":5.559852459816077e-7,"nature_reserve":5.559852459816077e-7,"residential":2.7799262299080387e-7,"military":2.7799262299080387e-7,"outdoor_seating":2.7799262299080387e-7,"playground":2.7799262299080387e-7,"meadow":2.7799262299080387e-7,"swimming_pool":2.7799262299080387e-7,"building_density":0.00010619318198248707,"road_density":0.043682780691435955,"fraction_oneway":0.32848837209302323}