{"grass":0.00017190617056872512,"forest":9.701635368730031e-5,"water":5.4465321368308946e-5,"industrial":1.1914289049317582e-5,"railway":8.510206463798272e-6,"tree_row":5.106123878278964e-6,"allotments":3.404082585519309e-6,"farmland":3.404082585519309e-6,"pitch":1.7020412927596546e-6,"orchard":1.7020412927596546e-6,"residential":1.7020412927596546e-6,"sand":1.7020412927596546e-6,"shrubbery":1.7020412927596546e-6,"grassland":1.7020412927596546e-6,"commercial":1.7020412927596546e-6,"building_density":0.0019233066608184096,"road_density":0.3650932604937868,"edge_length":21.68012679798077,"fraction_oneway":0.48704663212435234}