{"grass":0.0003060138819877658,"forest":0.00013033924603182616,"pitch":2.2667694962056725e-5,"playground":2.2667694962056725e-5,"scrub":1.7000771221542544e-5,"park":1.1333847481028362e-5,"tree_row":1.1333847481028362e-5,"dog_park":1.1333847481028362e-5,"sand":1.1333847481028362e-5,"swimming_pool":1.1333847481028362e-5,"wetland":5.666923740514181e-6,"residential":5.666923740514181e-6,"construction":5.666923740514181e-6,"building_density":0.009497764189101768,"road_density":1.2346411405171975,"edge_length":20.308348670241223,"fraction_oneway":0.1902654867256637}