{"swimming_pool":0.0003192209443955678,"grass":0.00012920847749344413,"forest":0.00012920847749344413,"sand":1.5200997352169897e-5,"pitch":1.5200997352169897e-5,"water":7.600498676084948e-6,"residential":7.600498676084948e-6,"allotments":7.600498676084948e-6,"building_density":0.0028121845101514308,"road_density":0.7503429005833505,"edge_length":35.10769960780727,"fraction_oneway":0.24390243902439024}