{"water":9.970460655454306e-6,"garden":4.431315846868581e-6,"park":3.6927632057238175e-6,"shrubbery":2.954210564579054e-6,"playground":2.5849342440066722e-6,"pitch":2.5849342440066722e-6,"outdoor_seating":1.8463816028619087e-6,"grassland":1.477105282289527e-6,"scrub":7.385526411447635e-7,"tree_row":7.385526411447635e-7,"wood":7.385526411447635e-7,"building_density":0.005424669149208287,"road_density":0.6465931872953525,"fraction_oneway":0.5329000812347685}