{"forest":4.932093669149954e-5,"grass":4.7365481051748455e-5,"garden":2.2161830583845608e-5,"water":1.955455639751083e-5,"tree_row":1.4340008024841276e-5,"pitch":5.8663669192532495e-6,"playground":4.997275523808323e-6,"wetland":2.390001337473546e-6,"meadow":1.955455639751083e-6,"park":1.0863642443061573e-6,"commercial":8.690913954449259e-7,"residential":8.690913954449259e-7,"outdoor_seating":6.518185465836944e-7,"sports_centre":6.518185465836944e-7,"industrial":4.3454569772246293e-7,"scrub":4.3454569772246293e-7,"slipway":4.3454569772246293e-7,"greenfield":2.1727284886123146e-7,"grassland":2.1727284886123146e-7,"construction":2.1727284886123146e-7,"wood":2.1727284886123146e-7,"recreation_ground":2.1727284886123146e-7,"retail":2.1727284886123146e-7,"swimming_pool":2.1727284886123146e-7,"building_density":0.002132750284421848,"road_density":0.3516394202254547,"fraction_oneway":0.3337515683814304}