{"grass":5.5843994120054235e-5,"forest":2.646940761759796e-5,"water":1.2589108501052689e-5,"farmland":4.8419648080971875e-6,"orchard":2.259583577112021e-6,"industrial":1.6139882693657294e-6,"tree_row":6.455953077462918e-7,"pitch":6.455953077462918e-7,"residential":6.455953077462918e-7,"static_caravan":6.455953077462918e-7,"greenfield":3.227976538731459e-7,"scrub":3.227976538731459e-7,"building_density":0.00030439818760237655,"road_density":0.12359909045131338,"edge_length":41.54275724223159,"fraction_oneway":0.4728789986091794}