{"grass":0.0002990215440911133,"forest":0.0002990215440911133,"garden":0.0001714390186122383,"water":8.372603234551173e-5,"swimming_pool":1.5947815684859376e-5,"residential":1.5947815684859376e-5,"tree_row":1.1960861763644533e-5,"construction":7.973907842429688e-6,"pitch":3.986953921214844e-6,"park":3.986953921214844e-6,"commercial":3.986953921214844e-6,"playground":3.986953921214844e-6,"building_density":0.0037756453633904577,"road_density":0.5101785576553689,"fraction_oneway":0.4409090909090909}