{"garden":0.00012711716846284174,"grass":6.844770609537632e-5,"forest":2.933473118373271e-5,"playground":1.4667365591866354e-5,"pitch":9.778243727910902e-6,"park":9.778243727910902e-6,"recreation_ground":4.889121863955451e-6,"residential":4.889121863955451e-6,"building_density":0.01538117738400385,"road_density":1.7097187737431283,"fraction_oneway":0.7972027972027972}