{"garden":0.0005772560083609377,"grass":0.0002087002491766467,"shrubbery":0.00015763529459087144,"flowerbed":5.772560083609376e-5,"playground":3.996387750191107e-5,"pitch":3.552344666836539e-5,"forest":2.4422369584501208e-5,"outdoor_seating":1.7761723334182696e-5,"water":1.5541507917409858e-5,"park":1.5541507917409858e-5,"tree_row":1.3321292500637021e-5,"sand":4.440430833545674e-6,"wood":2.220215416772837e-6,"education":2.220215416772837e-6,"firepit":2.220215416772837e-6,"fitness_station":2.220215416772837e-6,"industrial":2.220215416772837e-6,"residential":2.220215416772837e-6,"sports_centre":2.220215416772837e-6,"sports_hall":2.220215416772837e-6,"wetland":2.220215416772837e-6,"commercial":2.220215416772837e-6,"building_density":0.017659593425011146,"road_density":2.396066646171864,"edge_length":26.588597401062465,"fraction_oneway":0.45080763582966227}