{"forest":5.5902124252885224e-5,"grass":4.997086438520509e-5,"farmland":1.0972830755208241e-5,"water":7.858919324676172e-6,"orchard":1.4828149669200325e-6,"tree_row":1.3345334702280293e-6,"pitch":1.186251973536026e-6,"meadow":1.186251973536026e-6,"heath":1.0379704768440227e-6,"construction":7.414074834600162e-7,"nature_reserve":5.93125986768013e-7,"residential":5.93125986768013e-7,"industrial":4.4484449007600976e-7,"swimming_pool":4.4484449007600976e-7,"allotments":2.965629933840065e-7,"cemetery":2.965629933840065e-7,"dog_park":2.965629933840065e-7,"playground":2.965629933840065e-7,"sand":2.965629933840065e-7,"outdoor_seating":1.4828149669200326e-7,"wood":1.4828149669200326e-7,"sports_centre":1.4828149669200326e-7,"farmyard":1.4828149669200326e-7,"commercial":1.4828149669200326e-7,"brownfield":1.4828149669200326e-7,"park":1.4828149669200326e-7,"wetland":1.4828149669200326e-7,"building_density":0.00043861666721494564,"road_density":0.08779844938669602,"fraction_oneway":0.289002557544757}