{"grass":3.67280920154926e-5,"shrubbery":3.3902854168147015e-5,"playground":2.8252378473455846e-5,"water":1.6951427084073508e-5,"pitch":1.1300951389382338e-5,"allotments":1.1300951389382338e-5,"garden":8.475713542036754e-6,"park":5.650475694691169e-6,"residential":2.8252378473455846e-6,"scrub":2.8252378473455846e-6,"building_density":0.025116364462902246,"road_density":4.194541461562735,"edge_length":31.22134119649787,"fraction_oneway":0.5}