{"garden":0.0002512164847788119,"grass":7.738121656961234e-5,"shrubbery":7.356664955561736e-5,"flowerbed":1.4168391766267046e-5,"playground":1.3623453621410622e-5,"forest":1.2533577331697772e-5,"pitch":1.0898762897128498e-5,"outdoor_seating":5.994319593420674e-6,"tree_row":5.449381448564249e-6,"park":4.904443303707824e-6,"water":3.814567013994974e-6,"sand":2.1797525794256996e-6,"industrial":1.6348144345692746e-6,"residential":1.6348144345692746e-6,"commercial":1.0898762897128498e-6,"recreation_ground":5.449381448564249e-7,"fitness_station":5.449381448564249e-7,"sports_centre":5.449381448564249e-7,"sports_hall":5.449381448564249e-7,"firepit":5.449381448564249e-7,"education":5.449381448564249e-7,"wetland":5.449381448564249e-7,"wood":5.449381448564249e-7,"building_density":0.00888467151373915,"road_density":1.1928782711737982,"fraction_oneway":0.4777415852334419}