{"grass":2.70485224687288e-5,"playground":1.236503884284745e-5,"pitch":7.728149276779658e-6,"water":6.9553343491016915e-6,"forest":6.9553343491016915e-6,"garden":4.636889566067794e-6,"residential":3.864074638389829e-6,"shrubbery":3.0912597107118627e-6,"retail":2.318444783033897e-6,"outdoor_seating":1.5456298553559314e-6,"scrub":1.5456298553559314e-6,"tree_row":1.5456298553559314e-6,"park":7.728149276779657e-7,"flowerbed":7.728149276779657e-7,"dog_park":7.728149276779657e-7,"building_density":0.015804838085942078,"road_density":2.454066305477101,"edge_length":34.1329452842439,"fraction_oneway":0.7263581488933601}