{"grass":0.000219394867504124,"water":5.27391508423375e-5,"forest":4.43008867075635e-5,"tree_row":2.5314792404321997e-5,"playground":1.6876528269547998e-5,"wetland":1.2657396202160999e-5,"pitch":8.438264134773999e-6,"park":6.328698101080499e-6,"grassland":6.328698101080499e-6,"orchard":4.2191320673869995e-6,"swimming_pool":4.2191320673869995e-6,"residential":4.2191320673869995e-6,"wood":2.1095660336934998e-6,"construction":2.1095660336934998e-6,"garden":2.1095660336934998e-6,"industrial":2.1095660336934998e-6,"nature_reserve":2.1095660336934998e-6,"sports_centre":2.1095660336934998e-6,"commercial":2.1095660336934998e-6,"building_density":0.0053350924992108615,"road_density":0.7706259774444109,"edge_length":22.615038294820103,"fraction_oneway":0.4123006833712984}