{"grass":0.00023606511928338014,"forest":0.0001735772935907207,"swimming_pool":9.621141416171376e-5,"water":4.661790170722213e-5,"tree_row":2.8764237223605144e-5,"pitch":2.5788626476335646e-5,"flowerbed":2.2813015729066148e-5,"farmland":1.190244298907799e-5,"orchard":5.951221494538995e-6,"outdoor_seating":4.9593512454491625e-6,"grassland":1.983740498179665e-6,"construction":1.983740498179665e-6,"dog_park":1.983740498179665e-6,"wetland":9.918702490898325e-7,"golf_course":9.918702490898325e-7,"heath":9.918702490898325e-7,"industrial":9.918702490898325e-7,"park":9.918702490898325e-7,"playground":9.918702490898325e-7,"residential":9.918702490898325e-7,"sand":9.918702490898325e-7,"scrub":9.918702490898325e-7,"bleachers":9.918702490898325e-7,"building_density":0.0011099028087315226,"road_density":0.22898632599028823,"edge_length":21.43974611704374,"fraction_oneway":0.28888888888888886}