{"grass":0.00011472841628408692,"forest":6.94408835403684e-5,"farmland":1.2680509168241185e-5,"pitch":9.057506548743704e-6,"water":5.434503929246223e-6,"tree_row":3.6230026194974817e-6,"orchard":2.4153350796649876e-6,"garden":1.8115013097487408e-6,"residential":1.8115013097487408e-6,"scrub":1.8115013097487408e-6,"shrubbery":1.2076675398324938e-6,"swimming_pool":1.2076675398324938e-6,"playground":6.038337699162469e-7,"sports_centre":6.038337699162469e-7,"flowerbed":6.038337699162469e-7,"industrial":6.038337699162469e-7,"construction":6.038337699162469e-7,"meadow":6.038337699162469e-7,"nature_reserve":6.038337699162469e-7,"cemetery":6.038337699162469e-7,"park":6.038337699162469e-7,"building_density":0.0025119484828515872,"road_density":0.41488585682258683,"edge_length":24.573898806533315,"fraction_oneway":0.3167785234899329}