{"water":3.170785590715385e-5,"grassland":3.523095100794872e-6,"playground":2.7401850783960115e-6,"wood":1.957275055997151e-6,"scrub":7.829100223988605e-7,"park":7.829100223988605e-7,"pitch":7.829100223988605e-7,"swimming_area":3.9145501119943025e-7,"slipway":3.9145501119943025e-7,"beach":3.9145501119943025e-7,"building_density":0.0007061848402037721,"road_density":0.11820378225839821,"fraction_oneway":0.3427495291902072}