{"garden":9.448684928079633e-5,"pitch":1.687265165728506e-5,"grass":1.3498121325828046e-5,"water":1.0123590994371035e-5,"park":1.0123590994371035e-5,"playground":1.0123590994371035e-5,"forest":6.749060662914023e-6,"dog_park":3.3745303314570116e-6,"recreation_ground":3.3745303314570116e-6,"residential":3.3745303314570116e-6,"retail":3.3745303314570116e-6,"tree_row":3.3745303314570116e-6,"building_density":0.018219089259536407,"road_density":2.4754932589660084,"fraction_oneway":0.625}