{"grass":0.00012731533659208601,"forest":9.735878680571284e-5,"water":5.9913099572746364e-5,"playground":2.2467412339779888e-5,"pitch":1.1233706169889944e-5,"garden":1.1233706169889944e-5,"cemetery":7.4891374465932954e-6,"scrub":7.4891374465932954e-6,"sand":3.7445687232966477e-6,"grassland":3.7445687232966477e-6,"building_density":0.005901440307915517,"road_density":1.02252528155444,"edge_length":26.67209466269263,"fraction_oneway":0.31076923076923074}