{"grass":0.0001742282696584407,"water":9.422549277446282e-5,"shrubbery":6.755790047980353e-5,"tree_row":1.6000555376795574e-5,"forest":1.0667036917863716e-5,"playground":8.889197431553096e-6,"residential":3.5556789726212386e-6,"sports_centre":1.7778394863106193e-6,"greenfield":1.7778394863106193e-6,"building_density":0.002810764227857089,"road_density":0.3485631096500863,"fraction_oneway":0.12173913043478261}