{"grass":0.00022881294246819556,"water":8.276212812679413e-5,"forest":2.4341802390233568e-5,"construction":4.868360478046714e-6,"farmland":4.868360478046714e-6,"pitch":4.868360478046714e-6,"tree_row":4.868360478046714e-6,"commercial":4.868360478046714e-6,"outdoor_seating":4.868360478046714e-6,"building_density":0.0010613025842141836,"road_density":0.40702978371717957,"edge_length":32.7742681324135,"fraction_oneway":0.4450402144772118}