{"playground":1.4792843086592835e-5,"tree_row":7.396421543296417e-6,"pitch":3.6982107716482087e-6,"water":3.6982107716482087e-6,"building_density":0.018694455450681696,"road_density":2.443503240400396,"fraction_oneway":0.6330275229357798}