{"tree_row":2.3523581682969812e-5,"garden":1.6466507178078867e-5,"water":7.0570745048909436e-6,"park":2.352358168296981e-6,"playground":2.352358168296981e-6,"building_density":0.007337005126918284,"road_density":1.1683273903927645,"fraction_oneway":0.6836734693877551}