{"water":4.135708221899606e-5,"garden":2.4814249331397637e-5,"pitch":8.271416443799212e-6,"playground":8.271416443799212e-6,"residential":4.135708221899606e-6,"building_density":0.020004420669328393,"road_density":2.3870116954559335,"fraction_oneway":0.5875706214689266}