{"grass":0.00022291239619897112,"water":0.00010761288092364123,"forest":4.611980611013196e-5,"playground":3.0746537406754636e-5,"residential":3.0746537406754636e-5,"pitch":7.686634351688659e-6,"retail":7.686634351688659e-6,"swimming_pool":7.686634351688659e-6,"garden":7.686634351688659e-6,"building_density":0.004535114267496309,"road_density":0.7483279192130935,"edge_length":22.99348883525224,"fraction_oneway":0.38235294117647056}