{"water":3.0768921846526564e-5,"tree_row":8.615298117027437e-6,"playground":6.153784369305313e-6,"garden":3.6922706215831875e-6,"pitch":2.461513747722125e-6,"shrubbery":2.461513747722125e-6,"building_density":0.0026682809025307835,"road_density":0.34564083011870544,"fraction_oneway":0.2603550295857988}