{"garden":0.00018316070782160588,"grass":9.862499651932624e-5,"forest":4.226785565113982e-5,"playground":2.113392782556991e-5,"pitch":1.4089285217046605e-5,"park":1.4089285217046605e-5,"recreation_ground":7.044642608523303e-6,"residential":7.044642608523303e-6,"building_density":0.02216244564641431,"road_density":2.4635012293104914,"edge_length":26.50034398220562,"fraction_oneway":0.7972027972027972}