{"water":5.0601637344593e-5,"tree_row":3.220104194655918e-5,"playground":1.8400595398033817e-5,"dog_park":9.200297699016909e-6,"park":4.600148849508454e-6,"pitch":4.600148849508454e-6,"building_density":0.014278862028874243,"road_density":1.6871396920624355,"fraction_oneway":0.7643312101910829}