{"water":1.5779756837253444e-5,"tree_row":5.259918945751149e-6,"pitch":3.155951367450689e-6,"garden":2.1039675783004595e-6,"building_density":0.0021407870109207174,"road_density":0.3286531748254873,"fraction_oneway":0.17590361445783131}