{"grass":9.087626111445997e-5,"forest":7.413589722495418e-5,"shrubbery":3.706794861247709e-5,"water":3.108924722336788e-5,"tree_row":2.032758472297131e-5,"garden":1.6740363889505783e-5,"pitch":1.554462361168394e-5,"construction":8.370181944752892e-6,"residential":4.782961111287367e-6,"playground":3.5872208334655253e-6,"orchard":3.5872208334655253e-6,"park":1.1957402778218417e-6,"commercial":1.1957402778218417e-6,"cemetery":1.1957402778218417e-6,"retail":1.1957402778218417e-6,"building_density":0.005238538157137489,"road_density":0.7017055426936869,"fraction_oneway":0.3371868978805395}