{"forest":9.612940124494592e-5,"tree_row":8.739036476813265e-5,"garden":6.117325533769286e-5,"grass":5.2434218860879594e-5,"water":2.6217109430439797e-5,"residential":8.739036476813266e-6,"playground":8.739036476813266e-6,"park":8.739036476813266e-6,"building_density":0.027257054771180574,"road_density":4.3403491097166205,"edge_length":30.18672601468423,"fraction_oneway":0.6836734693877551}