{"grass":0.00012562955907506612,"forest":7.311773279501202e-5,"pitch":1.728237320609375e-5,"static_caravan":8.641186603046875e-6,"water":7.97647994127404e-6,"playground":5.98235995595553e-6,"wood":4.652946632409856e-6,"park":4.652946632409856e-6,"shrubbery":4.652946632409856e-6,"track":3.98823997063702e-6,"garden":1.99411998531851e-6,"swimming_pool":1.99411998531851e-6,"commercial":1.329413323545673e-6,"dog_park":1.329413323545673e-6,"retail":1.329413323545673e-6,"construction":1.329413323545673e-6,"tree_row":1.329413323545673e-6,"grassland":1.329413323545673e-6,"industrial":1.329413323545673e-6,"allotments":6.647066617728366e-7,"sports_centre":6.647066617728366e-7,"residential":6.647066617728366e-7,"scrub":6.647066617728366e-7,"building_density":0.002936674031712392,"road_density":0.5223939957372811,"edge_length":28.207944794940026,"fraction_oneway":0.25880551301684535}