{"tree_row":1.7851744382601866e-5,"garden":1.3153916913496113e-5,"playground":7.516523950569207e-6,"pitch":5.637392962926905e-6,"park":2.8186964814634524e-6,"water":2.8186964814634524e-6,"scrub":9.395654938211508e-7,"building_density":0.009324247960681101,"road_density":1.3806359338736482,"fraction_oneway":0.6240963855421687}