{"grass":9.750007866341547e-5,"water":2.3437518909474874e-5,"forest":1.9687515883958893e-5,"tree_row":1.125000907654794e-5,"playground":7.50000605103196e-6,"wetland":5.62500453827397e-6,"pitch":3.75000302551598e-6,"park":2.812502269136985e-6,"grassland":2.812502269136985e-6,"orchard":1.87500151275799e-6,"swimming_pool":1.87500151275799e-6,"residential":1.87500151275799e-6,"wood":9.37500756378995e-7,"construction":9.37500756378995e-7,"garden":9.37500756378995e-7,"industrial":9.37500756378995e-7,"nature_reserve":9.37500756378995e-7,"sports_centre":9.37500756378995e-7,"commercial":9.37500756378995e-7,"building_density":0.002370939412882478,"road_density":0.34246969528350135,"fraction_oneway":0.4123006833712984}