{"grass":0.000115126024937551,"forest":6.306266334158845e-5,"water":3.2997905236877675e-5,"farmland":1.906545635908488e-5,"orchard":4.399720698250357e-6,"pitch":3.6664339152086306e-6,"residential":2.9331471321669047e-6,"nature_reserve":2.1998603491251783e-6,"plant_nursery":7.332867830417262e-7,"building_density":0.0012927845985025632,"road_density":0.31737234109037443,"edge_length":33.770906582624036,"fraction_oneway":0.2443820224719101}