{"tree_row":6.590471631517949e-5,"water":5.434248538269186e-5,"garden":1.2718454025736393e-5,"playground":3.468669279746289e-6,"grass":3.468669279746289e-6,"retail":2.312446186497526e-6,"outdoor_seating":2.312446186497526e-6,"pitch":1.156223093248763e-6,"residential":1.156223093248763e-6,"building_density":0.011601542517658088,"road_density":1.9771384776868726,"edge_length":40.30636170103987,"fraction_oneway":0.6137184115523465}