{"water":4.723285752108611e-6,"pitch":2.4221978215941595e-7,"tree_row":2.4221978215941595e-7,"scrub":1.2110989107970798e-7,"building_density":0.00011420662728816462,"road_density":0.04637292806344911,"fraction_oneway":0.4728789986091794}