{"scrub":0.0004835871321823953,"water":3.9555643530556795e-5,"garden":1.5124216644036421e-5,"playground":1.0470611522794445e-5,"sand":2.7146029873911524e-6,"pitch":1.939002133850823e-6,"dog_park":1.1634012803104938e-6,"sports_centre":3.8780042677016463e-7,"sports_hall":3.8780042677016463e-7,"nature_reserve":3.8780042677016463e-7,"building_density":0.00214414855961224,"road_density":0.30538193471184233,"fraction_oneway":0.2818181818181818}