{"forest":0.00011594883716477042,"grass":0.00010203497670499796,"water":3.4784651149431125e-5,"tree_row":1.1594883716477042e-5,"residential":9.275906973181634e-6,"pitch":6.956930229886225e-6,"garden":4.637953486590817e-6,"commercial":2.3189767432954084e-6,"allotments":2.3189767432954084e-6,"cemetery":2.3189767432954084e-6,"brownfield":2.3189767432954084e-6,"industrial":2.3189767432954084e-6,"building_density":0.004719117672606156,"road_density":0.7244779595378982,"edge_length":22.99181446879216,"fraction_oneway":0.17590361445783131}