{"garden":0.00016419347274866818,"tree_row":2.420381869203475e-5,"playground":1.1120673453097047e-5,"pitch":7.195729881415737e-6,"water":6.5415726194688514e-6,"park":2.616629047787541e-6,"sand":1.9624717858406555e-6,"wetland":1.3083145238937704e-6,"scrub":1.3083145238937704e-6,"fitness_station":6.541572619468852e-7,"dog_park":6.541572619468852e-7,"building_density":0.015899292251619044,"road_density":2.1333893818625844,"fraction_oneway":0.7370689655172413}