{"grass":7.582570754150507e-5,"garden":6.671590522203096e-5,"forest":5.465881391684464e-5,"tree_row":5.251533101814485e-5,"pitch":2.4114182610372634e-5,"water":1.6611992464923372e-5,"playground":9.377737681811581e-6,"park":6.966319420774317e-6,"flowerbed":1.8755475363623162e-6,"residential":1.8755475363623162e-6,"allotments":1.6076121740248424e-6,"swimming_pool":1.6076121740248424e-6,"sports_centre":1.0717414493498949e-6,"commercial":8.038060870124212e-7,"construction":8.038060870124212e-7,"scrub":5.358707246749474e-7,"marina":5.358707246749474e-7,"industrial":5.358707246749474e-7,"retail":5.358707246749474e-7,"outdoor_seating":5.358707246749474e-7,"railway":2.679353623374737e-7,"stadium":2.679353623374737e-7,"wetland":2.679353623374737e-7,"cemetery":2.679353623374737e-7,"bandstand":2.679353623374737e-7,"shrubbery":2.679353623374737e-7,"building_density":0.00861733712349783,"road_density":1.330846245546727,"edge_length":30.874205478607006,"fraction_oneway":0.5977927651747394}