{"scrub":5.929390604140865e-6,"swimming_pool":4.611748247665117e-6,"playground":3.623516480308306e-6,"water":3.623516480308306e-6,"outdoor_seating":1.9764635347136216e-6,"tree_row":1.6470529455946846e-6,"wood":1.3176423564757477e-6,"park":1.3176423564757477e-6,"garden":6.588211782378739e-7,"pitch":6.588211782378739e-7,"shrubbery":6.588211782378739e-7,"wetland":3.2941058911893693e-7,"sand":3.2941058911893693e-7,"dog_park":3.2941058911893693e-7,"sports_centre":3.2941058911893693e-7,"grassland":3.2941058911893693e-7,"building_density":0.003354717439587254,"road_density":0.417387773730275,"fraction_oneway":0.3580819798917247}