{"grass":4.969088433223082e-5,"tree_row":4.104899140488633e-5,"forest":3.240709847754184e-5,"garden":3.0246625245705716e-5,"playground":1.728378585468898e-5,"pitch":1.2962839391016737e-5,"park":6.481419695508368e-6,"water":6.481419695508368e-6,"residential":4.320946463672245e-6,"scrub":2.1604732318361226e-6,"industrial":2.1604732318361226e-6,"building_density":0.021440536352741683,"road_density":3.1746876589881174,"edge_length":29.825462105864464,"fraction_oneway":0.6240963855421687}