{"forest":5.259918945751148e-5,"grass":4.628728672261011e-5,"water":1.5779756837253444e-5,"tree_row":5.259918945751149e-6,"residential":4.207935156600919e-6,"pitch":3.155951367450689e-6,"garden":2.1039675783004595e-6,"commercial":1.0519837891502298e-6,"allotments":1.0519837891502298e-6,"cemetery":1.0519837891502298e-6,"brownfield":1.0519837891502298e-6,"industrial":1.0519837891502298e-6,"building_density":0.0021407870109207174,"road_density":0.3286531748254873,"fraction_oneway":0.17590361445783131}