{"grass":0.00010792018303588626,"pitch":8.393792013902265e-5,"garden":5.995565724215904e-5,"forest":3.597339434529542e-5,"residential":3.597339434529542e-5,"sports_centre":2.3982262896863616e-5,"park":2.3982262896863616e-5,"water":1.1991131448431808e-5,"building_density":0.013741836639902852,"road_density":1.6629191393998444,"edge_length":24.960238511190425,"fraction_oneway":0.732824427480916}