{"grass":0.00033902922174608614,"scrub":0.0003069831734008289,"water":5.870117266981703e-5,"forest":5.031529085984317e-5,"shrubbery":2.1863191861717568e-5,"playground":2.126420030386229e-5,"garden":1.767025095673064e-5,"residential":1.6771763619947723e-5,"pitch":8.086386031046223e-6,"flowerbed":5.091428241769845e-6,"wetland":2.695462010348741e-6,"park":2.3959662314211033e-6,"railway":2.0964704524934654e-6,"commercial":1.4974788946381895e-6,"allotments":8.984873367829138e-7,"meadow":8.984873367829138e-7,"orchard":8.984873367829138e-7,"tree_row":8.984873367829138e-7,"outdoor_seating":5.989915578552758e-7,"grassland":5.989915578552758e-7,"sand":5.989915578552758e-7,"sports_centre":5.989915578552758e-7,"beach":2.994957789276379e-7,"retail":2.994957789276379e-7,"brownfield":2.994957789276379e-7,"dog_park":2.994957789276379e-7,"construction":2.994957789276379e-7,"nature_reserve":2.994957789276379e-7,"industrial":2.994957789276379e-7,"ice_rink":2.994957789276379e-7,"greenhouse_horticulture":2.994957789276379e-7,"building_density":0.002706543354169064,"road_density":0.33990461049123977,"fraction_oneway":0.17180616740088106}