{"garden":0.00036209377571988694,"shrubbery":0.00013242286654898723,"grass":7.034964785414946e-5,"forest":1.2414643738967553e-5,"playground":8.276429159311702e-6,"tree_row":8.276429159311702e-6,"outdoor_seating":6.207321869483776e-6,"pitch":4.138214579655851e-6,"industrial":4.138214579655851e-6,"sand":4.138214579655851e-6,"residential":2.0691072898279255e-6,"commercial":2.0691072898279255e-6,"building_density":0.010767634336264525,"road_density":1.616558849052381,"fraction_oneway":0.3795620437956204}