{"garden":0.00021301440681754556,"forest":3.8189833891591836e-5,"grass":3.39465190147483e-5,"tree_row":3.1400530088642175e-5,"playground":1.4427270581268026e-5,"pitch":9.335292729055783e-6,"water":8.486629753687074e-6,"park":3.39465190147483e-6,"residential":2.5459889261061223e-6,"sand":2.5459889261061223e-6,"wetland":1.697325950737415e-6,"retail":1.697325950737415e-6,"scrub":1.697325950737415e-6,"fitness_station":8.486629753687075e-7,"dog_park":8.486629753687075e-7,"building_density":0.020626753616336434,"road_density":2.767726792549948,"edge_length":30.613140299029844,"fraction_oneway":0.7370689655172413}