{"grass":6.0483295799278236e-5,"forest":1.9047225748943975e-5,"water":1.4925896200926857e-5,"farmland":4.678265973424836e-6,"pitch":3.453005837527855e-6,"playground":2.784682127038593e-6,"meadow":2.004971131467787e-6,"wetland":1.0024855657338935e-6,"scrub":7.79710995570806e-7,"sports_centre":7.79710995570806e-7,"farmyard":5.569364254077186e-7,"industrial":4.4554914032617483e-7,"dog_park":4.4554914032617483e-7,"tree_row":4.4554914032617483e-7,"residential":4.4554914032617483e-7,"park":3.3416185524463114e-7,"retail":2.2277457016308742e-7,"beach":2.2277457016308742e-7,"grassland":2.2277457016308742e-7,"commercial":2.2277457016308742e-7,"wood":1.1138728508154371e-7,"golf_course":1.1138728508154371e-7,"greenfield":1.1138728508154371e-7,"marina":1.1138728508154371e-7,"plant_nursery":1.1138728508154371e-7,"sand":1.1138728508154371e-7,"swimming_pool":1.1138728508154371e-7,"allotments":1.1138728508154371e-7,"building_density":0.0008830783961264785,"road_density":0.12479412774682087,"fraction_oneway":0.3333333333333333}