{"water":5.20874885046846e-6,"scrub":2.038206071922441e-6,"sand":1.8117387305977254e-6,"pitch":1.358804047948294e-6,"beach":6.79402023974147e-7,"park":2.2646734132471567e-7,"sports_centre":2.2646734132471567e-7,"track":2.2646734132471567e-7,"nature_reserve":2.2646734132471567e-7,"building_density":0.000802826724996117,"road_density":0.10603457882486851,"fraction_oneway":0.277602523659306}