{"water":2.691326960628826e-5,"outdoor_seating":1.5831335062522506e-6,"pitch":1.5831335062522506e-6,"tree_row":1.5831335062522506e-6,"building_density":0.0003451231043629906,"road_density":0.13236129320148723,"fraction_oneway":0.4450402144772118}