{"grass":0.000171029462801712,"forest":0.00013096850755086052,"water":6.471385078983697e-5,"playground":2.6193701510172107e-5,"tree_row":2.0030477625425728e-5,"pitch":1.0785641798306162e-5,"shrubbery":6.163223884746378e-6,"residential":4.622417913559784e-6,"garden":1.5408059711865945e-6,"recreation_ground":1.5408059711865945e-6,"retail":1.5408059711865945e-6,"park":1.5408059711865945e-6,"building_density":0.005309617376709004,"road_density":0.6271094541611465,"edge_length":20.11768692200503,"fraction_oneway":0.24254473161033796}