{"grass":0.0001328542720062062,"water":9.439645642546231e-5,"forest":5.826941754658167e-5,"grassland":1.04884951583847e-5,"playground":8.157718456521433e-6,"wood":5.826941754658167e-6,"residential":4.661553403726533e-6,"pitch":2.3307767018632666e-6,"park":2.3307767018632666e-6,"scrub":2.3307767018632666e-6,"orchard":1.1653883509316333e-6,"construction":1.1653883509316333e-6,"slipway":1.1653883509316333e-6,"swimming_area":1.1653883509316333e-6,"industrial":1.1653883509316333e-6,"beach":1.1653883509316333e-6,"building_density":0.0021023605850806664,"road_density":0.3519007470562611,"edge_length":22.92091006293989,"fraction_oneway":0.3427495291902072}