{"garden":4.165783860226488e-5,"tree_row":3.2790909100577976e-5,"pitch":1.5057050097204173e-5,"water":1.0372634511407319e-5,"playground":5.855519482246067e-6,"park":4.349814472525649e-6,"swimming_pool":1.0038033398136115e-6,"sports_centre":6.692022265424076e-7,"scrub":3.346011132712038e-7,"outdoor_seating":3.346011132712038e-7,"marina":3.346011132712038e-7,"wetland":1.673005566356019e-7,"shrubbery":1.673005566356019e-7,"stadium":1.673005566356019e-7,"bandstand":1.673005566356019e-7,"building_density":0.0053807205025142284,"road_density":0.8309889211112471,"fraction_oneway":0.5977927651747394}