{"scrub":0.0003069831734008289,"water":5.870117266981703e-5,"shrubbery":2.1863191861717568e-5,"playground":2.126420030386229e-5,"garden":1.767025095673064e-5,"pitch":8.086386031046223e-6,"wetland":2.695462010348741e-6,"park":2.3959662314211033e-6,"tree_row":8.984873367829138e-7,"sand":5.989915578552758e-7,"grassland":5.989915578552758e-7,"outdoor_seating":5.989915578552758e-7,"sports_centre":5.989915578552758e-7,"beach":2.994957789276379e-7,"nature_reserve":2.994957789276379e-7,"dog_park":2.994957789276379e-7,"ice_rink":2.994957789276379e-7,"building_density":0.002706543354169064,"road_density":0.33990461049123977,"fraction_oneway":0.17180616740088106}