{"playground":3.51963463586217e-5,"water":3.51963463586217e-5,"park":1.759817317931085e-5,"building_density":0.018447285035212597,"road_density":2.311495654391945,"fraction_oneway":0.7338129496402878}