{"tree_row":3.800824967160324e-5,"scrub":2.3491209866477003e-5,"playground":1.05578471310009e-5,"sand":8.974170061350765e-6,"pitch":7.918385348250675e-6,"water":5.542869743775473e-6,"garden":5.014977387225428e-6,"wetland":2.639461782750225e-6,"park":2.1115694262001802e-6,"dog_park":1.0557847131000901e-6,"marina":5.278923565500451e-7,"sports_hall":2.6394617827502253e-7,"swimming_area":2.6394617827502253e-7,"grassland":2.6394617827502253e-7,"beach":2.6394617827502253e-7,"outdoor_seating":2.6394617827502253e-7,"sports_centre":2.6394617827502253e-7,"building_density":0.0031847745870664215,"road_density":0.4768981836126618,"fraction_oneway":0.18502202643171806}