{"grass":0.00010553932477444573,"tree_row":3.152473337418509e-5,"garden":2.055960872229462e-5,"water":2.055960872229462e-5,"forest":9.594484070404158e-6,"construction":8.22384348891785e-6,"farmland":5.482562325945232e-6,"industrial":2.741281162972616e-6,"wetland":1.370640581486308e-6,"meadow":1.370640581486308e-6,"park":1.370640581486308e-6,"playground":1.370640581486308e-6,"religious":1.370640581486308e-6,"residential":1.370640581486308e-6,"sports_centre":1.370640581486308e-6,"building_density":0.0004769829223572352,"road_density":0.13643446014128346,"fraction_oneway":0.42066420664206644}