{"grass":2.095201115678948e-5,"forest":9.931011068536053e-6,"water":4.723285752108611e-6,"farmland":1.8166483661956195e-6,"orchard":8.477692375579558e-7,"industrial":6.055494553985398e-7,"tree_row":2.4221978215941595e-7,"pitch":2.4221978215941595e-7,"residential":2.4221978215941595e-7,"static_caravan":2.4221978215941595e-7,"greenfield":1.2110989107970798e-7,"scrub":1.2110989107970798e-7,"building_density":0.00011420662728816462,"road_density":0.04637292806344911,"fraction_oneway":0.4728789986091794}