{"grass":0.00028323183192189856,"forest":0.0002310575470941804,"shrubbery":0.0001155287735470902,"water":9.689510039433372e-5,"tree_row":6.335448871937205e-5,"garden":5.217428482771815e-5,"pitch":4.844755019716686e-5,"construction":2.6087142413859076e-5,"residential":1.4906938522205187e-5,"playground":1.118020389165389e-5,"orchard":1.118020389165389e-5,"park":3.7267346305512968e-6,"commercial":3.7267346305512968e-6,"cemetery":3.7267346305512968e-6,"retail":3.7267346305512968e-6,"building_density":0.01632682441644523,"road_density":2.1869885918453473,"edge_length":25.564702987821256,"fraction_oneway":0.3371868978805395}