{"grass":0.00015254484117010653,"forest":0.00012872005035828945,"garden":7.709967026601913e-5,"water":5.1289480219883976e-5,"tree_row":2.581019004613516e-5,"playground":1.3566894767840277e-5,"pitch":1.0257896043976795e-5,"wetland":4.632598213408875e-6,"meadow":2.9780988514771337e-6,"residential":2.3162991067044376e-6,"park":1.9853992343180893e-6,"commercial":1.323599489545393e-6,"scrub":1.323599489545393e-6,"sports_centre":9.926996171590447e-7,"grassland":9.926996171590447e-7,"outdoor_seating":9.926996171590447e-7,"industrial":9.926996171590447e-7,"wood":6.617997447726965e-7,"slipway":6.617997447726965e-7,"swimming_pool":6.617997447726965e-7,"bandstand":3.3089987238634824e-7,"recreation_ground":3.3089987238634824e-7,"allotments":3.3089987238634824e-7,"greenfield":3.3089987238634824e-7,"construction":3.3089987238634824e-7,"sand":3.3089987238634824e-7,"retail":3.3089987238634824e-7,"building_density":0.005007176868950221,"road_density":0.8112997337826743,"edge_length":28.62143827963599,"fraction_oneway":0.368824531516184}