{"grass":0.00016670429592340776,"forest":5.249803794273063e-5,"water":4.1138813358631014e-5,"farmland":1.2894254933302259e-5,"pitch":9.51718816505643e-6,"playground":7.67515174601325e-6,"meadow":5.52610925712954e-6,"wetland":2.76305462856477e-6,"scrub":2.14904248888371e-6,"sports_centre":2.14904248888371e-6,"farmyard":1.5350303492026499e-6,"industrial":1.22802427936212e-6,"dog_park":1.22802427936212e-6,"tree_row":1.22802427936212e-6,"residential":1.22802427936212e-6,"park":9.210182095215899e-7,"retail":6.1401213968106e-7,"beach":6.1401213968106e-7,"grassland":6.1401213968106e-7,"commercial":6.1401213968106e-7,"wood":3.0700606984053e-7,"golf_course":3.0700606984053e-7,"greenfield":3.0700606984053e-7,"marina":3.0700606984053e-7,"plant_nursery":3.0700606984053e-7,"sand":3.0700606984053e-7,"swimming_pool":3.0700606984053e-7,"allotments":3.0700606984053e-7,"building_density":0.0024339441216957216,"road_density":0.3439580619159619,"edge_length":22.030959517292544,"fraction_oneway":0.3333333333333333}