{"grass":0.0003347302897821332,"forest":0.0003007721444419168,"garden":5.3362799820340073e-5,"water":3.880930896024733e-5,"tree_row":3.880930896024733e-5,"playground":2.9106981720185493e-5,"pitch":1.9404654480123663e-5,"shrubbery":9.702327240061832e-6,"residential":4.851163620030916e-6,"industrial":4.851163620030916e-6,"building_density":0.0064811545963613035,"road_density":0.7574459224030707,"edge_length":19.585669387006373,"fraction_oneway":0.3181818181818182}