{"water":3.3035472293057797e-5,"playground":1.3371500690047202e-5,"tree_row":1.0225265233565508e-5,"pitch":5.505912048842965e-6,"shrubbery":3.1462354564816944e-6,"recreation_ground":7.865588641204236e-7,"park":7.865588641204236e-7,"garden":7.865588641204236e-7,"building_density":0.00271048184575898,"road_density":0.32013018457106934,"fraction_oneway":0.24254473161033796}