{"garden":0.00017717269990030125,"grass":0.00012402088993021087,"pitch":0.00011959157243270336,"tree_row":0.00011294759618644205,"forest":0.00011073293743768829,"playground":2.8790563733798954e-5,"water":2.4361246236291424e-5,"sports_centre":8.858634995015063e-6,"park":6.643976246261298e-6,"allotments":4.4293174975075315e-6,"commercial":4.4293174975075315e-6,"residential":2.2146587487537657e-6,"outdoor_seating":2.2146587487537657e-6,"stadium":2.2146587487537657e-6,"marina":2.2146587487537657e-6,"building_density":0.015287789342647245,"road_density":2.156364243582363,"edge_length":27.956755590045773,"fraction_oneway":0.5985037406483791}