{"tree_row":0.00011754288941747856,"pitch":6.112230249708885e-5,"water":3.7613724613593135e-5,"playground":1.4105146730097427e-5,"garden":9.403431153398284e-6,"shrubbery":9.403431153398284e-6,"sports_centre":4.701715576699142e-6,"park":4.701715576699142e-6,"outdoor_seating":4.701715576699142e-6,"building_density":0.000794589932462155,"road_density":0.1690504701512719,"fraction_oneway":0.4608695652173913}