{"grass":6.942115844291929e-5,"garden":4.848461859505475e-5,"tree_row":3.9669233395953886e-5,"forest":2.8650001897077806e-5,"water":1.8732693548089333e-5,"park":1.542692409842651e-5,"flowerbed":7.713462049213256e-6,"swimming_pool":5.50961574943804e-6,"playground":3.305769449662824e-6,"residential":2.203846299775216e-6,"shrubbery":1.101923149887608e-6,"commercial":1.101923149887608e-6,"marina":1.101923149887608e-6,"building_density":0.0046589310777248065,"road_density":0.6997925330742804,"fraction_oneway":0.5318559556786704}