{"grass":0.0008808474250607397,"forest":0.0008808474250607397,"garden":0.0005050191903681574,"water":0.0002466372790170071,"swimming_pool":4.697852933657278e-5,"residential":4.697852933657278e-5,"tree_row":3.523389700242959e-5,"construction":2.348926466828639e-5,"pitch":1.1744632334143195e-5,"park":1.1744632334143195e-5,"commercial":1.1744632334143195e-5,"playground":1.1744632334143195e-5,"building_density":0.011122166820433606,"road_density":1.5028665248782298,"edge_length":21.65177495168997,"fraction_oneway":0.4409090909090909}