{"grass":0.00014836337527659717,"forest":3.1853645368863224e-5,"water":2.5540310250710152e-5,"flowerbed":1.8653035576361348e-5,"pitch":8.896063121033873e-6,"playground":7.748184008642405e-6,"garden":3.7306071152722694e-6,"grassland":3.1566675590765357e-6,"wetland":2.582728002880802e-6,"tree_row":2.582728002880802e-6,"farmland":2.2957582247829348e-6,"shrubbery":2.2957582247829348e-6,"dog_park":1.7218186685872013e-6,"industrial":1.7218186685872013e-6,"allotments":1.1478791123914674e-6,"residential":1.1478791123914674e-6,"construction":1.1478791123914674e-6,"sports_centre":1.1478791123914674e-6,"education":1.1478791123914674e-6,"wood":8.609093342936006e-7,"commercial":8.609093342936006e-7,"park":8.609093342936006e-7,"railway":8.609093342936006e-7,"brownfield":5.739395561957337e-7,"scrub":5.739395561957337e-7,"static_caravan":5.739395561957337e-7,"meadow":5.739395561957337e-7,"nature_reserve":2.8696977809786685e-7,"fitness_station":2.8696977809786685e-7,"retail":2.8696977809786685e-7,"sauna":2.8696977809786685e-7,"marina":2.8696977809786685e-7,"orchard":2.8696977809786685e-7,"building_density":0.004041108415174161,"road_density":0.6575371656996087,"edge_length":26.42530239388508,"fraction_oneway":0.2738810955243821}