{"forest":0.00010952025869410316,"grass":0.00010517804579433697,"garden":4.921174619735032e-5,"water":4.342212899766205e-5,"tree_row":3.18428945982855e-5,"pitch":1.3026638699298614e-5,"playground":1.1096766299402524e-5,"wetland":5.30714909971425e-6,"meadow":4.342212899766205e-6,"park":2.412340499870114e-6,"commercial":1.9298723998960913e-6,"residential":1.9298723998960913e-6,"outdoor_seating":1.4474042999220683e-6,"sports_centre":1.4474042999220683e-6,"industrial":9.649361999480456e-7,"scrub":9.649361999480456e-7,"slipway":9.649361999480456e-7,"greenfield":4.824680999740228e-7,"grassland":4.824680999740228e-7,"construction":4.824680999740228e-7,"wood":4.824680999740228e-7,"recreation_ground":4.824680999740228e-7,"retail":4.824680999740228e-7,"swimming_pool":4.824680999740228e-7,"building_density":0.004735906869345007,"road_density":0.7808375682527078,"edge_length":29.103096639716522,"fraction_oneway":0.3337515683814304}