{"grass":0.0002728405427853263,"tree_row":0.00012378876478223136,"garden":4.547342379755438e-5,"water":3.789451983129532e-5,"scrub":3.284191718712261e-5,"forest":3.0315615865036252e-5,"playground":2.5263013220863544e-5,"pitch":1.5157807932518126e-5,"flowerbed":1.2631506610431772e-5,"grassland":1.0105205288345417e-5,"park":7.578903966259063e-6,"residential":7.578903966259063e-6,"shrubbery":5.052602644172709e-6,"marina":5.052602644172709e-6,"sports_centre":2.5263013220863544e-6,"swimming_area":2.5263013220863544e-6,"track":2.5263013220863544e-6,"industrial":2.5263013220863544e-6,"outdoor_seating":2.5263013220863544e-6,"construction":2.5263013220863544e-6,"fitness_station":2.5263013220863544e-6,"building_density":0.008586898193771519,"road_density":1.3100582965603127,"edge_length":30.300789532357683,"fraction_oneway":0.4525316455696203}