{"grass":0.00011770603454599752,"tree_row":7.1546805312273e-5,"water":4.8467190695410745e-5,"garden":3.231146046360716e-5,"forest":2.5387576078548487e-5,"shrubbery":2.4233595347705372e-5,"playground":2.0771653155176034e-5,"pitch":1.615573023180358e-5,"scrub":1.3847768770117355e-5,"residential":4.615922923372452e-6,"wood":3.461942192529339e-6,"construction":3.461942192529339e-6,"park":3.461942192529339e-6,"railway":2.307961461686226e-6,"sand":2.307961461686226e-6,"wetland":2.307961461686226e-6,"marina":2.307961461686226e-6,"fitness_station":1.153980730843113e-6,"slipway":1.153980730843113e-6,"sports_hall":1.153980730843113e-6,"dog_park":1.153980730843113e-6,"commercial":1.153980730843113e-6,"outdoor_seating":1.153980730843113e-6,"allotments":1.153980730843113e-6,"meadow":1.153980730843113e-6,"retail":1.153980730843113e-6,"industrial":1.153980730843113e-6,"building_density":0.013923931498353002,"road_density":1.9249400319897798,"edge_length":27.81906551526761,"fraction_oneway":0.479646017699115}