{"grass":6.866932295193805e-5,"forest":1.3582943001482251e-5,"pitch":1.3582943001482251e-5,"sports_centre":1.5092158890535833e-6,"stadium":1.5092158890535833e-6,"residential":7.546079445267917e-7,"construction":7.546079445267917e-7,"water":7.546079445267917e-7,"education":7.546079445267917e-7,"industrial":7.546079445267917e-7,"park":7.546079445267917e-7,"playground":7.546079445267917e-7,"building_density":0.002973155301435559,"road_density":0.4879165382080912,"fraction_oneway":0.3879668049792531}