{"pitch":3.893230695592725e-5,"garden":2.7808790682805178e-5,"park":1.112351627312207e-5,"sports_centre":1.112351627312207e-5,"water":5.561758136561035e-6,"building_density":0.006373774824498946,"road_density":0.7712995303049326,"fraction_oneway":0.732824427480916}