{"tree_row":3.315619824269687e-5,"water":2.733932135801321e-5,"garden":6.398564573152028e-6,"playground":1.7450630654050986e-6,"outdoor_seating":1.1633753769367322e-6,"pitch":5.816876884683661e-7,"building_density":0.005836654266091586,"road_density":0.9946844320813963,"fraction_oneway":0.6137184115523465}