{"grass":0.0005172871341910574,"water":0.0001802667285817321,"forest":0.00014107830932483383,"tree_row":7.837683851379657e-5,"garden":3.135073540551863e-5,"scrub":2.3513051554138972e-5,"commercial":1.5675367702759315e-5,"construction":1.5675367702759315e-5,"park":1.5675367702759315e-5,"sand":7.837683851379657e-6,"retail":7.837683851379657e-6,"pitch":7.837683851379657e-6,"building_density":0.012164085337341228,"road_density":1.4874191304146682,"edge_length":21.313779581703532,"fraction_oneway":0.3691460055096419}