{"water":5.9633482806477086e-5,"playground":1.703813794470774e-5,"garden":4.259534486176935e-6,"pitch":4.259534486176935e-6,"swimming_pool":4.259534486176935e-6,"building_density":0.0025131253468443915,"road_density":0.41468455932952475,"fraction_oneway":0.38235294117647056}