{"grass":0.000192695266295375,"garden":5.0357696258524664e-5,"forest":4.9329988171616e-5,"tree_row":3.956676134598367e-5,"playground":2.9289680476897e-5,"pitch":1.2846351086358333e-5,"water":1.0277080869086667e-5,"swimming_pool":5.652394477997666e-6,"wetland":2.5692702172716667e-6,"shrubbery":2.0554161738173334e-6,"sports_centre":1.0277080869086667e-6,"retail":5.138540434543333e-7,"education":5.138540434543333e-7,"construction":5.138540434543333e-7,"beach":5.138540434543333e-7,"park":5.138540434543333e-7,"allotments":5.138540434543333e-7,"grassland":5.138540434543333e-7,"building_density":0.0036216432982661413,"road_density":0.5281153130222369,"edge_length":23.511931313902732,"fraction_oneway":0.23406478578892373}