{"water":0.0002815240652610351,"tree_row":0.00017915167789338596,"playground":0.00010237238736764912,"dog_park":5.118619368382456e-5,"residential":5.118619368382456e-5,"pitch":2.559309684191228e-5,"park":2.559309684191228e-5,"grass":2.559309684191228e-5,"building_density":0.07944097259729571,"road_density":9.386463555282965,"edge_length":26.317281179326162,"fraction_oneway":0.7643312101910829}