{"grass":0.0001235515397398782,"garden":8.628996426277207e-5,"tree_row":7.060087985135897e-5,"forest":5.098952433709259e-5,"water":3.3339304374252846e-5,"park":2.7455897719972934e-5,"flowerbed":1.3727948859986467e-5,"swimming_pool":9.80567775713319e-6,"playground":5.883406654279915e-6,"residential":3.9222711028532765e-6,"shrubbery":1.9611355514266383e-6,"commercial":1.9611355514266383e-6,"marina":1.9611355514266383e-6,"building_density":0.008291681111431826,"road_density":1.2454480290888263,"edge_length":28.558921388215175,"fraction_oneway":0.5318559556786704}