{"grass":7.39261177784773e-5,"forest":2.3905456564235866e-5,"water":5.022154740385686e-6,"orchard":4.017723792308549e-6,"pitch":3.415065223462267e-6,"farmland":2.4106342753851296e-6,"playground":2.209748085769702e-6,"tree_row":1.807975706538847e-6,"scrub":1.6070895169234196e-6,"meadow":1.0044309480771373e-6,"construction":1.0044309480771373e-6,"park":6.026585688462824e-7,"industrial":6.026585688462824e-7,"sports_centre":4.017723792308549e-7,"nature_reserve":4.017723792308549e-7,"railway":4.017723792308549e-7,"cemetery":2.0088618961542745e-7,"allotments":2.0088618961542745e-7,"residential":2.0088618961542745e-7,"swimming_pool":2.0088618961542745e-7,"greenfield":2.0088618961542745e-7,"building_density":0.0010225107051425257,"road_density":0.17266134911715547,"fraction_oneway":0.2552083333333333}