{"grass":0.0003892131717036449,"water":0.00021049283775809367,"shrubbery":0.00015091939310957658,"tree_row":3.574406678911025e-5,"forest":2.382937785940683e-5,"playground":1.9857814882839025e-5,"residential":7.94312595313561e-6,"sports_centre":3.971562976567805e-6,"greenfield":3.971562976567805e-6,"building_density":0.0062790410659537,"road_density":0.778664413712858,"edge_length":18.599748006044774,"fraction_oneway":0.12173913043478261}