{"garden":0.00012711716846284174,"playground":1.4667365591866354e-5,"park":9.778243727910902e-6,"pitch":9.778243727910902e-6,"building_density":0.01538117738400385,"road_density":1.7097187737431283,"fraction_oneway":0.7972027972027972}