{"garden":0.0011380743726475972,"shrubbery":0.00041621005628254983,"grass":0.00022111159240010457,"forest":3.901969277648904e-5,"playground":2.6013128517659364e-5,"tree_row":2.6013128517659364e-5,"outdoor_seating":1.950984638824452e-5,"pitch":1.3006564258829682e-5,"industrial":1.3006564258829682e-5,"sand":1.3006564258829682e-5,"residential":6.503282129414841e-6,"commercial":6.503282129414841e-6,"building_density":0.033843080201474834,"road_density":5.080905338197358,"edge_length":25.468876021802355,"fraction_oneway":0.3795620437956204}