{"grass":1.958782356441665e-5,"forest":1.958782356441665e-5,"garden":1.1193042036809513e-5,"pitch":8.394781527607136e-6,"residential":5.596521018404757e-6,"park":5.596521018404757e-6,"playground":5.596521018404757e-6,"water_park":2.7982605092023784e-6,"water":2.7982605092023784e-6,"construction":2.7982605092023784e-6,"building_density":0.015225335430570142,"road_density":1.8884659911898463,"fraction_oneway":0.6982248520710059}