{"forest":7.440350743195515e-5,"grass":4.9292323673670286e-5,"water":3.813179755887701e-5,"pitch":1.7670833015089347e-5,"tree_row":1.395065764349159e-5,"garden":1.1160526114793272e-5,"playground":1.8600876857988786e-6,"commercial":1.8600876857988786e-6,"sports_centre":1.8600876857988786e-6,"park":9.300438428994393e-7,"farmland":9.300438428994393e-7,"orchard":9.300438428994393e-7,"allotments":9.300438428994393e-7,"residential":9.300438428994393e-7,"retail":9.300438428994393e-7,"building_density":0.002458105876783218,"road_density":0.34874383034949835,"fraction_oneway":0.3073286052009456}