{"garden":0.00021866241991983317,"grass":7.905487489409354e-5,"shrubbery":5.971166082426214e-5,"flowerbed":2.186624199198332e-5,"playground":1.5138167532911529e-5,"pitch":1.345614891814358e-5,"forest":9.251102381223711e-6,"outdoor_seating":6.72807445907179e-6,"water":5.887065151687816e-6,"park":5.887065151687816e-6,"tree_row":5.046055844303843e-6,"sand":1.6820186147679475e-6,"wood":8.410093073839738e-7,"education":8.410093073839738e-7,"firepit":8.410093073839738e-7,"fitness_station":8.410093073839738e-7,"industrial":8.410093073839738e-7,"residential":8.410093073839738e-7,"sports_centre":8.410093073839738e-7,"sports_hall":8.410093073839738e-7,"wetland":8.410093073839738e-7,"commercial":8.410093073839738e-7,"building_density":0.006689388030932128,"road_density":0.9076210962771718,"fraction_oneway":0.45080763582966227}