{"grass":6.718989453638996e-5,"forest":3.797689691187259e-5,"garden":3.213429738696911e-5,"park":2.9212997624517373e-5,"water":2.33703980996139e-5,"playground":2.044909833716216e-5,"residential":1.168519904980695e-5,"scrub":1.168519904980695e-5,"tree_row":8.763899287355212e-6,"grassland":5.842599524903475e-6,"marina":5.842599524903475e-6,"sports_centre":2.9212997624517376e-6,"dog_park":2.9212997624517376e-6,"recreation_ground":2.9212997624517376e-6,"building_density":0.015623111129591891,"road_density":2.2851201555819913,"fraction_oneway":0.6305220883534136}