{"garden":3.687558019860068e-5,"water":2.453096536816783e-5,"tree_row":1.2344614830432845e-5,"playground":6.488836000612136e-6,"pitch":4.9061930736335666e-6,"wetland":2.215700097769998e-6,"park":9.49585756187142e-7,"scrub":6.33057170791428e-7,"sports_centre":4.74792878093571e-7,"outdoor_seating":4.74792878093571e-7,"grassland":4.74792878093571e-7,"wood":3.16528585395714e-7,"slipway":3.16528585395714e-7,"swimming_pool":3.16528585395714e-7,"sand":1.58264292697857e-7,"bandstand":1.58264292697857e-7,"building_density":0.0023948552771039717,"road_density":0.3880321186197349,"fraction_oneway":0.368824531516184}