{"garden":3.4539265607277596e-5,"water":1.7269632803638798e-5,"playground":1.2952224602729098e-5,"tree_row":1.2952224602729098e-5,"park":8.634816401819399e-6,"building_density":0.010702854930055144,"road_density":1.583160780458478,"fraction_oneway":0.58}