{"garden":0.0001328163851943401,"pitch":2.371721164184645e-5,"grass":1.897376931347716e-5,"water":1.423032698510787e-5,"park":1.423032698510787e-5,"playground":1.423032698510787e-5,"forest":9.48688465673858e-6,"dog_park":4.74344232836929e-6,"recreation_ground":4.74344232836929e-6,"residential":4.74344232836929e-6,"retail":4.74344232836929e-6,"tree_row":4.74344232836929e-6,"building_density":0.025609845130865797,"road_density":3.479701871016296,"edge_length":30.176123822273528,"fraction_oneway":0.625}