{"tree_row":6.983476033385024e-5,"garden":5.819563361154186e-5,"water":1.8913580923751106e-5,"pitch":1.3821462982741192e-5,"playground":6.54700878129846e-6,"park":3.6372271007213664e-6,"wetland":7.274454201442733e-7,"outdoor_seating":7.274454201442733e-7,"scrub":7.274454201442733e-7,"swimming_pool":7.274454201442733e-7,"bandstand":7.274454201442733e-7,"building_density":0.005965779890603186,"road_density":1.0448009185012224,"fraction_oneway":0.6387096774193548}