{"swimming_pool":4.336008765319086e-5,"water":2.1009527007216192e-5,"tree_row":1.2963325174665309e-5,"pitch":1.1622291535906828e-5,"outdoor_seating":2.2350560645974673e-6,"grassland":8.940224258389868e-7,"dog_park":8.940224258389868e-7,"bleachers":4.470112129194934e-7,"wetland":4.470112129194934e-7,"golf_course":4.470112129194934e-7,"heath":4.470112129194934e-7,"park":4.470112129194934e-7,"playground":4.470112129194934e-7,"sand":4.470112129194934e-7,"scrub":4.470112129194934e-7,"building_density":0.0005002055472569132,"road_density":0.10319843287650288,"fraction_oneway":0.28888888888888886}