{"grass":0.000131463802890773,"forest":5.780677857608459e-5,"playground":1.9579715324157682e-5,"water":1.3985510945826915e-5,"static_caravan":1.3053143549438455e-5,"garden":1.2120776153049994e-5,"grassland":8.391306567496149e-6,"pitch":6.526571774719227e-6,"tree_row":6.526571774719227e-6,"residential":2.7971021891653833e-6,"park":1.864734792776922e-6,"retail":9.32367396388461e-7,"fitness_station":9.32367396388461e-7,"construction":9.32367396388461e-7,"building_density":0.0074337652514052,"road_density":1.001770504948523,"edge_length":24.683824463619434,"fraction_oneway":0.3051948051948052}