{"grass":7.752171105419302e-5,"forest":4.511845616910704e-5,"pitch":1.0664362367243482e-5,"static_caravan":5.332181183621741e-6,"water":4.922013400266223e-6,"playground":3.6915100501996672e-6,"wood":2.87117448348863e-6,"park":2.87117448348863e-6,"shrubbery":2.87117448348863e-6,"track":2.4610067001331116e-6,"garden":1.2305033500665558e-6,"swimming_pool":1.2305033500665558e-6,"commercial":8.203355667110372e-7,"dog_park":8.203355667110372e-7,"retail":8.203355667110372e-7,"construction":8.203355667110372e-7,"tree_row":8.203355667110372e-7,"grassland":8.203355667110372e-7,"industrial":8.203355667110372e-7,"allotments":4.101677833555186e-7,"sports_centre":4.101677833555186e-7,"residential":4.101677833555186e-7,"scrub":4.101677833555186e-7,"building_density":0.001812121266864681,"road_density":0.3223514966712027,"fraction_oneway":0.25880551301684535}