{"forest":0.00020296363026159523,"grass":0.0001193047862469592,"water":1.6731768802927207e-5,"farmland":1.091202313234383e-5,"scrub":6.547213879406298e-6,"sand":5.819745670583376e-6,"pitch":4.364809252937532e-6,"beach":2.182404626468766e-6,"residential":2.182404626468766e-6,"orchard":1.454936417645844e-6,"meadow":7.27468208822922e-7,"nature_reserve":7.27468208822922e-7,"sports_centre":7.27468208822922e-7,"track":7.27468208822922e-7,"park":7.27468208822922e-7,"building_density":0.0025788748002772586,"road_density":0.3406088696048186,"edge_length":19.84114528866217,"fraction_oneway":0.277602523659306}