{"shrubbery":2.2179113660407213e-5,"playground":1.8482594717006012e-5,"water":1.1089556830203606e-5,"pitch":7.393037886802404e-6,"garden":5.544778415101803e-6,"park":3.696518943401202e-6,"scrub":1.848259471700601e-6,"building_density":0.016431026703418346,"road_density":2.7440525027151477,"fraction_oneway":0.5}