{"garden":2.6825568918723375e-5,"tree_row":2.107723272185408e-5,"playground":1.56026268200738e-5,"pitch":6.843257377225351e-6,"water":5.47460590178028e-6,"swimming_pool":3.0110332459791543e-6,"wetland":1.36865147544507e-6,"shrubbery":1.094921180356056e-6,"sports_centre":5.47460590178028e-7,"beach":2.73730295089014e-7,"park":2.73730295089014e-7,"grassland":2.73730295089014e-7,"building_density":0.0019292511197873709,"road_density":0.2813272802191177,"fraction_oneway":0.23406478578892373}