{"grass":0.00010191714505661077,"tree_row":7.473923970818123e-5,"forest":5.435581069685908e-5,"water":2.2648254457024618e-5,"garden":9.059301782809846e-6,"industrial":4.529650891404923e-6,"pitch":4.529650891404923e-6,"building_density":0.002027018773903703,"road_density":0.30275509809037204,"fraction_oneway":0.32085561497326204}