{"forest":0.00028881377621466195,"grass":0.00018670789573473098,"water":7.293277177137928e-5,"tree_row":2.04211760959862e-5,"playground":1.4586554354275856e-5,"garden":8.751932612565514e-6,"pitch":5.834621741710343e-6,"shrubbery":5.834621741710343e-6,"residential":2.9173108708551715e-6,"industrial":2.9173108708551715e-6,"building_density":0.006324729968014011,"road_density":0.8192858984028185,"edge_length":21.298042928972148,"fraction_oneway":0.2603550295857988}