{"grass":0.00013212766521684637,"tree_row":5.994681107060623e-5,"garden":2.2021277536141063e-5,"water":1.8351064613450886e-5,"scrub":1.59042559983241e-5,"forest":1.468085169076071e-5,"playground":1.2234043075633924e-5,"pitch":7.340425845380355e-6,"flowerbed":6.117021537816962e-6,"grassland":4.8936172302535695e-6,"park":3.6702129226901774e-6,"residential":3.6702129226901774e-6,"shrubbery":2.4468086151267848e-6,"marina":2.4468086151267848e-6,"sports_centre":1.2234043075633924e-6,"swimming_area":1.2234043075633924e-6,"track":1.2234043075633924e-6,"industrial":1.2234043075633924e-6,"outdoor_seating":1.2234043075633924e-6,"construction":1.2234043075633924e-6,"fitness_station":1.2234043075633924e-6,"building_density":0.004158351241407971,"road_density":0.6344179726935447,"fraction_oneway":0.4525316455696203}