{"water":3.166990038614789e-5,"playground":7.917475096536972e-6,"tree_row":7.917475096536972e-6,"garden":6.92779070946985e-6,"pitch":3.958737548268486e-6,"residential":3.958737548268486e-6,"park":3.958737548268486e-6,"scrub":9.896843870671215e-7,"sports_centre":9.896843870671215e-7,"grass":9.896843870671215e-7,"building_density":0.015132274278256287,"road_density":1.8535692612429255,"fraction_oneway":0.6742857142857143}