{"tree_row":2.0682657995347942e-5,"water":1.4010832835558284e-5,"garden":9.340555223705523e-6,"shrubbery":7.005416417779142e-6,"playground":6.004642643810693e-6,"pitch":4.670277611852762e-6,"scrub":4.003095095873795e-6,"park":1.0007737739684488e-6,"wood":1.0007737739684488e-6,"sand":6.671825159789659e-7,"marina":6.671825159789659e-7,"wetland":6.671825159789659e-7,"sports_hall":3.3359125798948294e-7,"dog_park":3.3359125798948294e-7,"outdoor_seating":3.3359125798948294e-7,"fitness_station":3.3359125798948294e-7,"slipway":3.3359125798948294e-7,"building_density":0.004025112118901102,"road_density":0.5564591761914675,"fraction_oneway":0.479646017699115}