{"shrubbery":3.706794861247709e-5,"water":3.108924722336788e-5,"tree_row":2.032758472297131e-5,"garden":1.6740363889505783e-5,"pitch":1.554462361168394e-5,"playground":3.5872208334655253e-6,"park":1.1957402778218417e-6,"building_density":0.005238538157137489,"road_density":0.7017055426936869,"fraction_oneway":0.3371868978805395}