{"garden":0.00036455109826862437,"grass":0.00011229122766625739,"shrubbery":0.00010675574461228695,"flowerbed":2.0560365629033045e-5,"playground":1.9769582335608696e-5,"forest":1.818801574876e-5,"pitch":1.5815665868486956e-5,"outdoor_seating":8.698616227667827e-6,"tree_row":7.907832934243478e-6,"park":7.11704964081913e-6,"water":5.535483053970435e-6,"sand":3.1631331736973912e-6,"industrial":2.3723498802730434e-6,"residential":2.3723498802730434e-6,"commercial":1.5815665868486956e-6,"recreation_ground":7.907832934243478e-7,"fitness_station":7.907832934243478e-7,"sports_centre":7.907832934243478e-7,"sports_hall":7.907832934243478e-7,"firepit":7.907832934243478e-7,"education":7.907832934243478e-7,"wetland":7.907832934243478e-7,"wood":7.907832934243478e-7,"building_density":0.012892930815990567,"road_density":1.7310372137404555,"edge_length":26.317879122405625,"fraction_oneway":0.4777415852334419}