{"garden":3.044282240286291e-5,"tree_row":2.214023447480939e-5,"water":2.214023447480939e-5,"playground":1.660517585610704e-5,"pitch":1.1070117237404694e-5,"shrubbery":5.535058618702347e-6,"building_density":0.003697419157293168,"road_density":0.43211360298040696,"fraction_oneway":0.3181818181818182}