{"grass":0.00011542052473958942,"forest":8.07943673177126e-5,"water":2.647882626378816e-5,"playground":1.7652550842525442e-5,"pitch":1.493677378982922e-5,"tree_row":1.2899941000307053e-5,"shrubbery":1.0863108210784887e-5,"garden":7.46838689491461e-6,"wood":3.394721315870277e-6,"residential":1.3578885263481109e-6,"static_caravan":1.3578885263481109e-6,"sports_centre":6.789442631740554e-7,"meadow":6.789442631740554e-7,"allotments":6.789442631740554e-7,"orchard":6.789442631740554e-7,"retail":6.789442631740554e-7,"building_density":0.0029798863710709294,"road_density":0.3444713205199536,"fraction_oneway":0.27440147329650094}