{"grass":0.00013597409282695372,"tree_row":0.0001243191705846434,"garden":0.00010359930882053616,"forest":9.453436929873924e-5,"water":3.366977536667425e-5,"pitch":2.4604835844877338e-5,"playground":1.1654922242310318e-5,"park":6.47495680128351e-6,"residential":3.884974080770106e-6,"retail":2.589982720513404e-6,"wetland":1.294991360256702e-6,"construction":1.294991360256702e-6,"outdoor_seating":1.294991360256702e-6,"scrub":1.294991360256702e-6,"swimming_pool":1.294991360256702e-6,"bandstand":1.294991360256702e-6,"building_density":0.010620224145465212,"road_density":1.859944574781994,"edge_length":34.3635807032872,"fraction_oneway":0.6387096774193548}