{"grass":2.2980726178867852e-5,"playground":1.0505474824625304e-5,"pitch":6.565921765390814e-6,"water":5.909329588851734e-6,"forest":5.909329588851734e-6,"garden":3.939553059234489e-6,"residential":3.282960882695407e-6,"shrubbery":2.626368706156326e-6,"retail":1.9697765296172444e-6,"outdoor_seating":1.313184353078163e-6,"scrub":1.313184353078163e-6,"tree_row":1.313184353078163e-6,"park":6.565921765390815e-7,"flowerbed":6.565921765390815e-7,"dog_park":6.565921765390815e-7,"building_density":0.013427966602400756,"road_density":2.0850020867555945,"fraction_oneway":0.7263581488933601}