{"grass":0.00031317756674900855,"tree_row":0.00022966354894927296,"forest":0.00016702803559947123,"water":6.959501483311301e-5,"garden":2.7838005933245205e-5,"industrial":1.3919002966622602e-5,"pitch":1.3919002966622602e-5,"building_density":0.006228753827563615,"road_density":0.9303253627064777,"edge_length":27.13152261313489,"fraction_oneway":0.32085561497326204}