{"tree_row":2.7811456590173854e-5,"water":2.2249165272139083e-5,"garden":1.58525302563991e-5,"playground":1.1680811767873019e-5,"shrubbery":9.734009806560849e-6,"pitch":7.509093279346941e-6,"wetland":1.9468019613121697e-6,"fitness_station":1.3905728295086927e-6,"beach":5.562291318034771e-7,"sports_centre":5.562291318034771e-7,"swimming_area":5.562291318034771e-7,"wood":5.562291318034771e-7,"sand":2.7811456590173855e-7,"park":2.7811456590173855e-7,"scrub":2.7811456590173855e-7,"building_density":0.0022285320165706312,"road_density":0.290248253605165,"fraction_oneway":0.2619047619047619}