{"grass":0.00014015642569746925,"forest":7.921884930726522e-5,"garden":6.703133402922442e-5,"park":6.0937576390204015e-5,"water":4.8750061112163215e-5,"playground":4.2656303473142814e-5,"residential":2.4375030556081607e-5,"scrub":2.4375030556081607e-5,"tree_row":1.8281272917061204e-5,"grassland":1.2187515278040804e-5,"marina":1.2187515278040804e-5,"sports_centre":6.093757639020402e-6,"dog_park":6.093757639020402e-6,"recreation_ground":6.093757639020402e-6,"building_density":0.03258941585348111,"road_density":4.76670302142172,"edge_length":31.33546478965442,"fraction_oneway":0.6305220883534136}