{"grass":0.00010316778981898805,"forest":4.5364560062250064e-5,"playground":1.5365415504955667e-5,"water":1.0975296789254047e-5,"static_caravan":1.0243610336637111e-5,"garden":9.511923884020175e-6,"grassland":6.585178073552429e-6,"pitch":5.1218051683185555e-6,"tree_row":5.1218051683185555e-6,"residential":2.1950593578508097e-6,"park":1.4633729052338731e-6,"retail":7.316864526169366e-7,"fitness_station":7.316864526169366e-7,"construction":7.316864526169366e-7,"building_density":0.005833736086714835,"road_density":0.786151371166858,"fraction_oneway":0.3051948051948052}