{"grass":0.00013461930032641534,"water":4.6912786477387163e-5,"forest":3.671435463447691e-5,"tree_row":2.0396863685820507e-5,"garden":8.158745474328203e-6,"scrub":6.119059105746152e-6,"commercial":4.079372737164102e-6,"construction":4.079372737164102e-6,"park":4.079372737164102e-6,"sand":2.039686368582051e-6,"retail":2.039686368582051e-6,"pitch":2.039686368582051e-6,"building_density":0.0031655932440393425,"road_density":0.38708738221699496,"fraction_oneway":0.3691460055096419}