{"water":5.483199902424021e-5,"garden":3.289919941454413e-5,"pitch":1.0966399804848041e-5,"playground":1.0966399804848041e-5,"residential":5.483199902424021e-6,"building_density":0.026522237928024987,"road_density":3.164745091615095,"edge_length":27.333358798730472,"fraction_oneway":0.5875706214689266}