{"water":4.016222081477054e-5,"playground":1.0040555203692635e-5,"tree_row":1.0040555203692635e-5,"garden":8.785485803231056e-6,"pitch":5.020277601846318e-6,"residential":5.020277601846318e-6,"park":5.020277601846318e-6,"scrub":1.2550694004615794e-6,"sports_centre":1.2550694004615794e-6,"grass":1.2550694004615794e-6,"building_density":0.019190011133057547,"road_density":2.3506060031079334,"edge_length":27.681711873469414,"fraction_oneway":0.6742857142857143}