{"scrub":0.00102562104373815,"grass":0.000881688659893582,"forest":8.389201801226246e-5,"water":8.389201801226246e-5,"garden":3.2076359828218e-5,"playground":2.220671065030477e-5,"sand":5.757295353782718e-6,"pitch":4.112353824130513e-6,"dog_park":2.467412294478308e-6,"farmland":2.467412294478308e-6,"nature_reserve":8.224707648261027e-7,"construction":8.224707648261027e-7,"greenfield":8.224707648261027e-7,"industrial":8.224707648261027e-7,"commercial":8.224707648261027e-7,"residential":8.224707648261027e-7,"sports_centre":8.224707648261027e-7,"sports_hall":8.224707648261027e-7,"building_density":0.004547440858723522,"road_density":0.6476726070118071,"edge_length":22.55074138680607,"fraction_oneway":0.2818181818181818}