{"grass":0.00020622687779735274,"forest":4.54398205316201e-5,"water":3.3206022696183915e-5,"farmland":2.971065188605929e-5,"tree_row":1.1068674232061305e-5,"pitch":5.825618016874371e-6,"construction":5.243056215186934e-6,"playground":4.07793261181206e-6,"meadow":2.9128090084371854e-6,"scrub":2.9128090084371854e-6,"swimming_pool":2.3302472067497483e-6,"industrial":2.3302472067497483e-6,"wetland":1.7476854050623112e-6,"park":1.7476854050623112e-6,"railway":1.7476854050623112e-6,"residential":1.7476854050623112e-6,"dog_park":1.7476854050623112e-6,"orchard":5.825618016874371e-7,"track":5.825618016874371e-7,"greenfield":5.825618016874371e-7,"nature_reserve":5.825618016874371e-7,"sports_centre":5.825618016874371e-7,"building_density":0.002756099883783265,"road_density":0.45894146204900005,"edge_length":24.254141034664094,"fraction_oneway":0.2271689497716895}