{"grass":0.0005655553903851586,"scrub":0.0005120974162056426,"water":9.792301812322534e-5,"forest":8.393401553419314e-5,"shrubbery":3.647132817854821e-5,"playground":3.5472113707903053e-5,"garden":2.9476826884032115e-5,"residential":2.797800517806438e-5,"pitch":1.3489395353709612e-5,"flowerbed":8.49332300048383e-6,"wetland":4.496465117903204e-6,"park":3.996857882580626e-6,"railway":3.4972506472580475e-6,"commercial":2.498036176612891e-6,"allotments":1.4988217059677347e-6,"meadow":1.4988217059677347e-6,"orchard":1.4988217059677347e-6,"tree_row":1.4988217059677347e-6,"outdoor_seating":9.992144706451565e-7,"grassland":9.992144706451565e-7,"sand":9.992144706451565e-7,"sports_centre":9.992144706451565e-7,"beach":4.996072353225782e-7,"retail":4.996072353225782e-7,"brownfield":4.996072353225782e-7,"dog_park":4.996072353225782e-7,"construction":4.996072353225782e-7,"nature_reserve":4.996072353225782e-7,"industrial":4.996072353225782e-7,"ice_rink":4.996072353225782e-7,"greenhouse_horticulture":4.996072353225782e-7,"building_density":0.00451495058561014,"road_density":0.567015679917,"edge_length":19.96978594925129,"fraction_oneway":0.17180616740088106}