{"playground":0.0001221437038549029,"water":0.0001221437038549029,"park":6.107185192745145e-5,"residential":4.580388894558858e-5,"forest":3.0535925963725724e-5,"building_density":0.06401856878295098,"road_density":8.021703099383894,"edge_length":27.498924716144863,"fraction_oneway":0.7338129496402878}