{"grass":9.262675840622429e-5,"forest":2.0409285750523996e-5,"water":1.4914478048459843e-5,"farmland":1.3344532990727228e-5,"tree_row":4.9714926828199475e-6,"pitch":2.616575096221025e-6,"construction":2.3549175865989228e-6,"playground":1.8316025673547176e-6,"meadow":1.3082875481105126e-6,"scrub":1.3082875481105126e-6,"swimming_pool":1.04663003848841e-6,"industrial":1.04663003848841e-6,"wetland":7.849725288663075e-7,"park":7.849725288663075e-7,"railway":7.849725288663075e-7,"residential":7.849725288663075e-7,"dog_park":7.849725288663075e-7,"orchard":2.616575096221025e-7,"track":2.616575096221025e-7,"greenfield":2.616575096221025e-7,"nature_reserve":2.616575096221025e-7,"sports_centre":2.616575096221025e-7,"building_density":0.0012379016780221669,"road_density":0.20613346030280524,"fraction_oneway":0.2271689497716895}