{"garden":3.115052236595075e-5,"pitch":1.765196267403876e-5,"water":1.4536910437443684e-5,"playground":6.230104473190151e-6,"park":2.0767014910633834e-6,"scrub":1.0383507455316917e-6,"building_density":0.007308950897797578,"road_density":1.106526301051208,"fraction_oneway":0.5764192139737991}