{"water":5.022154740385686e-6,"pitch":3.415065223462267e-6,"playground":2.209748085769702e-6,"tree_row":1.807975706538847e-6,"scrub":1.6070895169234196e-6,"park":6.026585688462824e-7,"sports_centre":4.017723792308549e-7,"nature_reserve":4.017723792308549e-7,"swimming_pool":2.0088618961542745e-7,"building_density":0.0010225107051425257,"road_density":0.17266134911715547,"fraction_oneway":0.2552083333333333}