{"grass":0.000120779780224763,"forest":2.389050597852455e-5,"pitch":2.389050597852455e-5,"sports_centre":2.6545006642805056e-6,"stadium":2.6545006642805056e-6,"residential":1.3272503321402528e-6,"construction":1.3272503321402528e-6,"water":1.3272503321402528e-6,"education":1.3272503321402528e-6,"industrial":1.3272503321402528e-6,"park":1.3272503321402528e-6,"playground":1.3272503321402528e-6,"building_density":0.005229366308632596,"road_density":0.8581772721721185,"edge_length":26.404068409470018,"fraction_oneway":0.3879668049792531}