{"grass":4.126779754506862e-5,"forest":2.260529037500574e-5,"water":1.1828349614828584e-5,"farmland":6.8341575552342936e-6,"orchard":1.5771132819771445e-6,"pitch":1.3142610683142872e-6,"residential":1.0514088546514297e-6,"nature_reserve":7.885566409885723e-7,"plant_nursery":2.628522136628574e-7,"building_density":0.00046340845268761765,"road_density":0.11376452479468925,"fraction_oneway":0.2443820224719101}