{"grass":0.00015016491094348213,"forest":4.85587619627021e-5,"water":1.0201420580399601e-5,"orchard":8.161136464319681e-6,"pitch":6.936965994671728e-6,"farmland":4.896681878591808e-6,"playground":4.488625055375825e-6,"tree_row":3.6725114089438563e-6,"scrub":3.2644545857278725e-6,"meadow":2.0402841160799203e-6,"construction":2.0402841160799203e-6,"park":1.224170469647952e-6,"industrial":1.224170469647952e-6,"sports_centre":8.161136464319681e-7,"nature_reserve":8.161136464319681e-7,"railway":8.161136464319681e-7,"cemetery":4.0805682321598406e-7,"allotments":4.0805682321598406e-7,"residential":4.0805682321598406e-7,"swimming_pool":4.0805682321598406e-7,"greenfield":4.0805682321598406e-7,"building_density":0.0020770092301693587,"road_density":0.35072416748912055,"edge_length":26.07701313747572,"fraction_oneway":0.2552083333333333}