{"water":1.4914478048459843e-5,"tree_row":4.9714926828199475e-6,"pitch":2.616575096221025e-6,"playground":1.8316025673547176e-6,"scrub":1.3082875481105126e-6,"swimming_pool":1.04663003848841e-6,"dog_park":7.849725288663075e-7,"park":7.849725288663075e-7,"wetland":7.849725288663075e-7,"sports_centre":2.616575096221025e-7,"nature_reserve":2.616575096221025e-7,"track":2.616575096221025e-7,"building_density":0.0012379016780221669,"road_density":0.20613346030280524,"fraction_oneway":0.2271689497716895}