{"water":2.7734365860143812e-5,"playground":1.040038719755393e-5,"pitch":5.200193598776965e-6,"garden":5.200193598776965e-6,"scrub":3.4667957325179765e-6,"sand":1.7333978662589882e-6,"grassland":1.7333978662589882e-6,"building_density":0.0027318350372241653,"road_density":0.4733370575402103,"fraction_oneway":0.31076923076923074}