{"forest":9.752114302365041e-5,"garden":9.752114302365041e-5,"water":4.8760571511825204e-5,"playground":3.65704286338689e-5,"grass":3.65704286338689e-5,"tree_row":3.65704286338689e-5,"park":2.4380285755912602e-5,"industrial":1.2190142877956301e-5,"construction":1.2190142877956301e-5,"allotments":1.2190142877956301e-5,"railway":1.2190142877956301e-5,"building_density":0.03021936419445367,"road_density":4.470032763753789,"edge_length":32.18011419666099,"fraction_oneway":0.58}