{"grass":0.0002616819701586979,"tree_row":7.816474433311755e-5,"garden":5.097700717377232e-5,"water":5.097700717377232e-5,"forest":2.3789270014427083e-5,"construction":2.0390802869508926e-5,"farmland":1.3593868579672618e-5,"industrial":6.796934289836309e-6,"wetland":3.3984671449181545e-6,"meadow":3.3984671449181545e-6,"park":3.3984671449181545e-6,"playground":3.3984671449181545e-6,"religious":3.3984671449181545e-6,"residential":3.3984671449181545e-6,"sports_centre":3.3984671449181545e-6,"building_density":0.0011826665664315178,"road_density":0.3382856428502946,"edge_length":28.628315844280976,"fraction_oneway":0.42066420664206644}