{"grass":0.00010376350054805536,"forest":7.782262541104152e-5,"garden":5.9863558008493476e-5,"pitch":3.3922682871479637e-5,"water":2.793632707063029e-5,"playground":1.1972711601698695e-5,"allotments":5.986355800849348e-6,"park":3.990903867232898e-6,"industrial":1.995451933616449e-6,"construction":1.995451933616449e-6,"scrub":1.995451933616449e-6,"cemetery":1.995451933616449e-6,"building_density":0.014045986160726186,"road_density":2.1264683985944117,"edge_length":30.684947447782434,"fraction_oneway":0.5764192139737991}