{"forest":0.00017888929105651285,"grass":0.00011851415532493976,"water":9.168076166646283e-5,"pitch":4.24862066259218e-5,"tree_row":3.354174207309616e-5,"garden":2.6833393658476925e-5,"playground":4.472232276412821e-6,"commercial":4.472232276412821e-6,"sports_centre":4.472232276412821e-6,"park":2.2361161382064104e-6,"farmland":2.2361161382064104e-6,"orchard":2.2361161382064104e-6,"allotments":2.2361161382064104e-6,"residential":2.2361161382064104e-6,"retail":2.2361161382064104e-6,"building_density":0.0059100549532795435,"road_density":0.8384891885454382,"edge_length":23.245656718419962,"fraction_oneway":0.3073286052009456}