{"grass":0.00011441733078416837,"scrub":9.534777565347364e-6,"swimming_pool":7.415938106381283e-6,"forest":7.415938106381283e-6,"water":5.8268085121567225e-6,"playground":5.8268085121567225e-6,"construction":4.237678917932162e-6,"outdoor_seating":3.1782591884491213e-6,"tree_row":2.648549323707601e-6,"industrial":2.118839458966081e-6,"cemetery":2.118839458966081e-6,"wood":2.118839458966081e-6,"park":2.118839458966081e-6,"brownfield":1.5891295942245607e-6,"meadow":1.5891295942245607e-6,"pitch":1.0594197294830405e-6,"garden":1.0594197294830405e-6,"shrubbery":1.0594197294830405e-6,"static_caravan":5.297098647415203e-7,"grassland":5.297098647415203e-7,"village_green":5.297098647415203e-7,"flowerbed":5.297098647415203e-7,"wetland":5.297098647415203e-7,"residential":5.297098647415203e-7,"dog_park":5.297098647415203e-7,"sand":5.297098647415203e-7,"sports_centre":5.297098647415203e-7,"building_density":0.005394565262527642,"road_density":0.671181888107428,"edge_length":21.574938263256893,"fraction_oneway":0.3580819798917247}