{"forest":0.00014030578833957525,"grass":0.00012541923254757786,"farmland":2.754012821519514e-5,"water":1.972468642439652e-5,"orchard":3.7216389479993435e-6,"tree_row":3.349475053199409e-6,"pitch":2.9773111583994746e-6,"meadow":2.9773111583994746e-6,"heath":2.6051472635995404e-6,"construction":1.8608194739996717e-6,"nature_reserve":1.4886555791997373e-6,"residential":1.4886555791997373e-6,"industrial":1.116491684399803e-6,"swimming_pool":1.116491684399803e-6,"allotments":7.443277895998686e-7,"cemetery":7.443277895998686e-7,"dog_park":7.443277895998686e-7,"playground":7.443277895998686e-7,"sand":7.443277895998686e-7,"outdoor_seating":3.721638947999343e-7,"wood":3.721638947999343e-7,"sports_centre":3.721638947999343e-7,"farmyard":3.721638947999343e-7,"commercial":3.721638947999343e-7,"brownfield":3.721638947999343e-7,"park":3.721638947999343e-7,"wetland":3.721638947999343e-7,"building_density":0.0011008608008182057,"road_density":0.22036068970235764,"edge_length":27.689233850029307,"fraction_oneway":0.289002557544757}