{"pitch":4.174273121544981e-6,"water":2.5045638729269886e-6,"tree_row":1.6697092486179922e-6,"scrub":8.348546243089961e-7,"garden":8.348546243089961e-7,"shrubbery":5.565697495393308e-7,"swimming_pool":5.565697495393308e-7,"nature_reserve":2.782848747696654e-7,"sports_centre":2.782848747696654e-7,"park":2.782848747696654e-7,"playground":2.782848747696654e-7,"building_density":0.001157665079041808,"road_density":0.19120570008132035,"fraction_oneway":0.3167785234899329}