{"grass":0.0001235265000991311,"water":5.9633482806477086e-5,"forest":2.555720691706161e-5,"playground":1.703813794470774e-5,"residential":1.703813794470774e-5,"pitch":4.259534486176935e-6,"retail":4.259534486176935e-6,"swimming_pool":4.259534486176935e-6,"garden":4.259534486176935e-6,"building_density":0.0025131253468443915,"road_density":0.41468455932952475,"fraction_oneway":0.38235294117647056}