{"water":1.1828349614828584e-5,"pitch":1.3142610683142872e-6,"nature_reserve":7.885566409885723e-7,"building_density":0.00046340845268761765,"road_density":0.11376452479468925,"fraction_oneway":0.2443820224719101}