{"garden":7.617786636962612e-5,"pitch":5.142005979949763e-5,"tree_row":4.8563389810636646e-5,"playground":1.2378903285064243e-5,"water":1.047445662582359e-5,"sports_centre":3.8088933184813055e-6,"park":2.856669988860979e-6,"outdoor_seating":9.522233296203264e-7,"stadium":9.522233296203264e-7,"marina":9.522233296203264e-7,"building_density":0.006573197644369113,"road_density":0.9271587963850735,"fraction_oneway":0.5985037406483791}