{"water":4.6098740373199826e-5,"tree_row":1.9297147132967368e-5,"shrubbery":3.2161911888278947e-6,"wetland":1.0720637296092982e-6,"building_density":0.00054996869328957,"road_density":0.10980991264500585,"fraction_oneway":0.507908611599297}