{"grass":4.444762687785929e-5,"forest":4.444762687785929e-5,"garden":2.539864393020531e-5,"pitch":1.904898294765398e-5,"residential":1.2699321965102655e-5,"park":1.2699321965102655e-5,"playground":1.2699321965102655e-5,"water_park":6.3496609825513275e-6,"water":6.3496609825513275e-6,"construction":6.3496609825513275e-6,"building_density":0.034548505406061775,"road_density":4.285204605396535,"edge_length":25.94362054936919,"fraction_oneway":0.6982248520710059}