{"tree_row":9.147942563214771e-5,"scrub":5.6539367230980185e-5,"grass":5.399827207453163e-5,"playground":2.5410951564485474e-5,"sand":2.1599308829812652e-5,"pitch":1.9058213673364107e-5,"water":1.3340749571354875e-5,"garden":1.20702019931306e-5,"wetland":6.3527378911213685e-6,"park":5.082190312897095e-6,"construction":5.082190312897095e-6,"dog_park":2.5410951564485475e-6,"forest":1.9058213673364107e-6,"residential":1.2705475782242737e-6,"marina":1.2705475782242737e-6,"swimming_area":6.352737891121369e-7,"outdoor_seating":6.352737891121369e-7,"beach":6.352737891121369e-7,"industrial":6.352737891121369e-7,"retail":6.352737891121369e-7,"grassland":6.352737891121369e-7,"sports_centre":6.352737891121369e-7,"sports_hall":6.352737891121369e-7,"building_density":0.0076652135394270435,"road_density":1.14781323262289,"edge_length":26.793618448924853,"fraction_oneway":0.18502202643171806}