{"forest":0.00012632509370473068,"playground":5.6144486090991416e-5,"tree_row":2.8072243045495708e-5,"pitch":1.4036121522747854e-5,"grass":1.4036121522747854e-5,"industrial":1.4036121522747854e-5,"retail":1.4036121522747854e-5,"water":1.4036121522747854e-5,"residential":1.4036121522747854e-5,"building_density":0.0709525942974904,"road_density":9.274027507145728,"edge_length":29.71691066907357,"fraction_oneway":0.6330275229357798}