{"grass":0.00040412948323731847,"water":0.00018486774233196482,"forest":0.00012037899500686082,"tree_row":7.738649679012482e-5,"meadow":1.7196999286694404e-5,"commercial":1.7196999286694404e-5,"farmland":1.2897749465020803e-5,"shrubbery":1.2897749465020803e-5,"wetland":4.299249821673601e-6,"farmyard":4.299249821673601e-6,"industrial":4.299249821673601e-6,"recreation_ground":4.299249821673601e-6,"brownfield":4.299249821673601e-6,"building_density":0.002205515158518557,"road_density":0.4403658423637621,"edge_length":23.048724280843842,"fraction_oneway":0.507908611599297}