{"grass":0.00016894373222174354,"forest":0.00011826061255522046,"water":3.875767974498822e-5,"playground":2.583845316332548e-5,"pitch":2.186330652281387e-5,"tree_row":1.8881946542430157e-5,"shrubbery":1.590058656204645e-5,"garden":1.0931653261406935e-5,"wood":4.968933300639516e-6,"residential":1.987573320255806e-6,"static_caravan":1.987573320255806e-6,"sports_centre":9.93786660127903e-7,"meadow":9.93786660127903e-7,"allotments":9.93786660127903e-7,"orchard":9.93786660127903e-7,"retail":9.93786660127903e-7,"building_density":0.004361729651301367,"road_density":0.5042107602897773,"edge_length":18.918049896220634,"fraction_oneway":0.27440147329650094}