{"tree_row":0.0002907229798888926,"grass":0.0002558362223022255,"forest":0.00019769162632444698,"pitch":0.00015117594954222415,"water":9.303135356444564e-5,"residential":4.651567678222282e-5,"playground":3.488675758666711e-5,"shrubbery":2.325783839111141e-5,"meadow":2.325783839111141e-5,"garden":2.325783839111141e-5,"sports_centre":1.1628919195555704e-5,"outdoor_seating":1.1628919195555704e-5,"park":1.1628919195555704e-5,"building_density":0.001965287344048914,"road_density":0.4181184985119819,"edge_length":23.701424492136216,"fraction_oneway":0.4608695652173913}