{"water":1.0308798954451929e-5,"pitch":3.5907052537978628e-6,"playground":3.127388446856203e-6,"garden":1.505779622560394e-6,"grassland":1.2741212190895642e-6,"wetland":1.0424628156187344e-6,"tree_row":1.0424628156187344e-6,"shrubbery":9.266336138833194e-7,"dog_park":6.949752104124896e-7,"sports_centre":4.633168069416597e-7,"park":3.474876052062448e-7,"wood":3.474876052062448e-7,"scrub":2.3165840347082986e-7,"nature_reserve":1.1582920173541493e-7,"sauna":1.1582920173541493e-7,"marina":1.1582920173541493e-7,"fitness_station":1.1582920173541493e-7,"building_density":0.001631106818838113,"road_density":0.26540078721592414,"fraction_oneway":0.2738810955243821}