{"grass":0.0003475292446042145,"forest":0.0001125717652787738,"tree_row":5.772911039937118e-5,"water":4.618328831949695e-5,"garden":3.290559292764157e-5,"playground":2.4246226367735898e-5,"shrubbery":2.0205188639779914e-5,"pitch":1.558685980783022e-5,"wetland":4.041037727955983e-6,"fitness_station":2.8864555199685592e-6,"farmland":1.7318733119811354e-6,"wood":1.1545822079874236e-6,"beach":1.1545822079874236e-6,"farmyard":1.1545822079874236e-6,"industrial":1.1545822079874236e-6,"residential":1.1545822079874236e-6,"sports_centre":1.1545822079874236e-6,"swimming_area":1.1545822079874236e-6,"retail":5.772911039937118e-7,"construction":5.772911039937118e-7,"allotments":5.772911039937118e-7,"recreation_ground":5.772911039937118e-7,"park":5.772911039937118e-7,"sand":5.772911039937118e-7,"scrub":5.772911039937118e-7,"building_density":0.004625833616301612,"road_density":0.6024773791070434,"edge_length":21.115394619333703,"fraction_oneway":0.2619047619047619}