{"scrub":2.065284990125634e-5,"shrubbery":1.0605517516861365e-5,"playground":7.814591854529426e-6,"pitch":6.140036457130264e-6,"water":2.2327405298655506e-6,"scree":1.674555397399163e-6,"sports_centre":1.1163702649327753e-6,"wood":5.581851324663876e-7,"park":5.581851324663876e-7,"swimming_pool":5.581851324663876e-7,"wetland":5.581851324663876e-7,"dog_park":5.581851324663876e-7,"building_density":0.0029382865373030645,"road_density":0.4375460257495815,"fraction_oneway":0.19273743016759776}