{"grass":0.00015633428227253588,"forest":1.5500566230987978e-5,"water":6.643099813280561e-6,"shrubbery":6.643099813280561e-6,"pitch":6.20022649239519e-6,"residential":3.985859887968337e-6,"playground":2.6572399253122244e-6,"sports_centre":8.857466417707415e-7,"meadow":8.857466417707415e-7,"allotments":8.857466417707415e-7,"scree":4.4287332088537074e-7,"scrub":4.4287332088537074e-7,"farmland":4.4287332088537074e-7,"static_caravan":4.4287332088537074e-7,"fitness_station":4.4287332088537074e-7,"education":4.4287332088537074e-7,"grassland":4.4287332088537074e-7,"industrial":4.4287332088537074e-7,"park":4.4287332088537074e-7,"retail":4.4287332088537074e-7,"building_density":0.0021647647924876922,"road_density":0.3042898685918772,"fraction_oneway":0.13333333333333333}