{"grass":0.00037050670386643713,"shrubbery":0.00020723256317953261,"residential":0.00016170419702645348,"garages":3.610870419037311e-5,"water":2.354915490676507e-5,"forest":1.726938026496105e-5,"playground":9.419661962706029e-6,"retail":7.849718302255023e-6,"static_caravan":6.279774641804019e-6,"industrial":4.709830981353014e-6,"park":3.1398873209020096e-6,"railway":3.1398873209020096e-6,"education":3.1398873209020096e-6,"garden":3.1398873209020096e-6,"scrub":3.1398873209020096e-6,"pitch":3.1398873209020096e-6,"tree_row":3.1398873209020096e-6,"wood":1.5699436604510048e-6,"grassland":1.5699436604510048e-6,"religious":1.5699436604510048e-6,"dog_park":1.5699436604510048e-6,"building_density":0.0031304676589393034,"road_density":0.4229747255821436,"fraction_oneway":0.26198083067092653}