{"grass":0.00010397375711269372,"shrubbery":0.00010148336772077292,"residential":0.00010023817302481251,"forest":2.1168309831326866e-5,"playground":9.338960219703029e-6,"static_caravan":5.603376131821817e-6,"water":4.980778783841616e-6,"pitch":4.358181435861414e-6,"railway":4.358181435861414e-6,"retail":3.7355840878812114e-6,"education":2.490389391920808e-6,"garages":2.490389391920808e-6,"scrub":1.8677920439406057e-6,"garden":1.8677920439406057e-6,"religious":1.245194695960404e-6,"tree_row":1.245194695960404e-6,"sports_centre":6.22597347980202e-7,"park":6.22597347980202e-7,"building_density":0.003988358611161174,"road_density":0.6277352092784679,"fraction_oneway":0.15370018975332067}