{"grass":0.0006226077899610323,"residential":0.0001116478745035337,"forest":4.557056102185049e-5,"playground":1.9367488434286458e-5,"garden":1.3671168306555147e-5,"pitch":1.0823008242689491e-5,"sand":9.683744217143229e-6,"water":7.4052161660507045e-6,"scrub":5.12668811495818e-6,"farmland":2.2785280510925245e-6,"allotments":1.1392640255462622e-6,"greenfield":5.696320127731311e-7,"religious":5.696320127731311e-7,"education":5.696320127731311e-7,"retail":5.696320127731311e-7,"dog_park":5.696320127731311e-7,"commercial":5.696320127731311e-7,"cemetery":5.696320127731311e-7,"building_density":0.0016559202611314923,"road_density":0.24475865838555283,"fraction_oneway":0.15331807780320367}