{"shrubbery":0.00042298183406506095,"grass":0.00032836747644524473,"water":2.4117385275639442e-5,"industrial":2.040701831015645e-5,"forest":1.4841467861931964e-5,"residential":1.2986284379190468e-5,"wood":9.275917413707478e-6,"retail":7.420733930965982e-6,"scrub":5.565550448224486e-6,"commercial":5.565550448224486e-6,"outdoor_seating":1.8551834827414954e-6,"garden":1.8551834827414954e-6,"building_density":0.000842253301164639,"road_density":0.2530668433313382,"edge_length":24.9973761365395,"fraction_oneway":0.3056}