{"shrubbery":1.0743408915594816e-6,"water":6.757950769487062e-7,"garden":3.9854581461077543e-7,"park":2.2526502564956872e-7,"playground":1.7328078896120672e-7,"scrub":1.5595271006508604e-7,"wood":8.664039448060336e-8,"grassland":6.931231558448268e-8,"pitch":5.198423668836202e-8,"wetland":5.198423668836202e-8,"tree_row":3.465615779224134e-8,"sports_centre":1.732807889612067e-8,"outdoor_seating":1.732807889612067e-8,"dog_park":1.732807889612067e-8,"building_density":0.00011226862316796583,"road_density":0.011832582441493497,"fraction_oneway":0.28160535117056856}