{"grass":5.795597203240863e-5,"forest":3.380765035223837e-5,"pitch":4.024720280028377e-6,"playground":4.024720280028377e-6,"flowerbed":3.2197762240227016e-6,"garden":2.414832168017026e-6,"water":1.6098881120113508e-6,"orchard":8.049440560056754e-7,"education":8.049440560056754e-7,"industrial":8.049440560056754e-7,"allotments":8.049440560056754e-7,"park":8.049440560056754e-7,"plant_nursery":8.049440560056754e-7,"residential":8.049440560056754e-7,"building_density":0.00209768420995079,"road_density":0.3815497280813266,"fraction_oneway":0.15903614457831325}