{"grass":0.00014528535916196304,"forest":3.608999367717553e-5,"farmland":1.1104613439130932e-5,"residential":1.0641921212500476e-5,"meadow":6.477691172826377e-6,"water":5.552306719565466e-6,"orchard":5.089614492935011e-6,"playground":3.701537813043644e-6,"pitch":3.2388455864131884e-6,"scrub":1.850768906521822e-6,"education":1.3880766798913665e-6,"wetland":9.25384453260911e-7,"construction":9.25384453260911e-7,"retail":9.25384453260911e-7,"tree_row":9.25384453260911e-7,"commercial":9.25384453260911e-7,"garden":4.626922266304555e-7,"shrubbery":4.626922266304555e-7,"sports_centre":4.626922266304555e-7,"recreation_ground":4.626922266304555e-7,"park":4.626922266304555e-7,"farmyard":4.626922266304555e-7,"building_density":0.0019854123444712846,"road_density":0.3486692294877053,"edge_length":24.162831116815326,"fraction_oneway":0.0772626931567329}