{"sand":1.8533235369873247e-5,"playground":1.4826588295898597e-5,"pitch":7.4132941479492985e-6,"scrub":3.7066470739746492e-6,"building_density":0.002264761362198511,"road_density":0.3824740728638219,"fraction_oneway":0.1657754010695187}