{"grass":0.00014552833321005454,"tree_row":2.878582415143936e-5,"water":1.1194487170004195e-5,"forest":6.396849811430969e-6,"playground":3.1984249057154847e-6,"residential":1.5992124528577423e-6,"sand":1.5992124528577423e-6,"pitch":1.5992124528577423e-6,"park":1.5992124528577423e-6,"building_density":0.0014216998705905328,"road_density":0.22799825760680578,"fraction_oneway":0.11678832116788321}