{"grass":5.666638024172274e-5,"forest":2.0341777522669703e-5,"pitch":7.264920543810607e-6,"water":5.085444380667426e-6,"playground":3.6324602719053037e-6,"meadow":2.905968217524243e-6,"static_caravan":1.4529841087621216e-6,"residential":1.4529841087621216e-6,"stadium":7.264920543810608e-7,"tree_row":7.264920543810608e-7,"nature_reserve":7.264920543810608e-7,"education":7.264920543810608e-7,"dog_park":7.264920543810608e-7,"retail":7.264920543810608e-7,"building_density":0.002880540995620906,"road_density":0.42984591430148017,"fraction_oneway":0.22929936305732485}