{"grass":0.00023734938547866327,"shrubbery":0.00019816789962186806,"residential":0.00011679096745775495,"forest":8.514438272726652e-5,"water":2.787913416733505e-5,"pitch":1.3562822027352187e-5,"playground":1.054886157682948e-5,"garden":9.041881351568125e-6,"retail":6.781411013676093e-6,"flowerbed":5.27443078841474e-6,"railway":5.27443078841474e-6,"scrub":5.27443078841474e-6,"wood":4.5209406757840624e-6,"meadow":4.5209406757840624e-6,"park":3.7674505631533852e-6,"farmland":3.7674505631533852e-6,"commercial":3.7674505631533852e-6,"tree_row":3.7674505631533852e-6,"wetland":3.7674505631533852e-6,"sports_centre":2.2604703378920312e-6,"religious":2.2604703378920312e-6,"construction":2.2604703378920312e-6,"education":2.2604703378920312e-6,"allotments":1.5069802252613542e-6,"cemetery":1.5069802252613542e-6,"static_caravan":1.5069802252613542e-6,"grassland":1.5069802252613542e-6,"stadium":7.534901126306771e-7,"recreation_ground":7.534901126306771e-7,"orchard":7.534901126306771e-7,"building_density":0.00395054866052264,"road_density":0.5512900142467845,"edge_length":21.169776264034148,"fraction_oneway":0.2625}