{"grass":0.00015296856513101386,"forest":3.102664292751696e-5,"water":1.4430996710473005e-5,"shrubbery":1.2266347203902055e-5,"scrub":1.0101697697331104e-5,"playground":4.329299013141902e-6,"meadow":3.6077491776182512e-6,"farmland":3.6077491776182512e-6,"commercial":2.8861993420946012e-6,"retail":2.8861993420946012e-6,"residential":2.8861993420946012e-6,"pitch":2.8861993420946012e-6,"industrial":1.4430996710473006e-6,"railway":7.215498355236503e-7,"allotments":7.215498355236503e-7,"recreation_ground":7.215498355236503e-7,"sports_centre":7.215498355236503e-7,"track":7.215498355236503e-7,"building_density":0.001070779955917097,"road_density":0.17555266594818741,"fraction_oneway":0.15738498789346247}