{"shrubbery":0.00020723256317953261,"water":2.354915490676507e-5,"playground":9.419661962706029e-6,"tree_row":3.1398873209020096e-6,"scrub":3.1398873209020096e-6,"pitch":3.1398873209020096e-6,"garden":3.1398873209020096e-6,"park":3.1398873209020096e-6,"wood":1.5699436604510048e-6,"grassland":1.5699436604510048e-6,"dog_park":1.5699436604510048e-6,"building_density":0.0031304676589393034,"road_density":0.4229747255821436,"fraction_oneway":0.26198083067092653}