{"grass":4.608525554851714e-5,"forest":2.9585596154603593e-5,"water":1.5361751849505713e-5,"pitch":7.965352810854814e-6,"playground":5.120583949835237e-6,"meadow":3.982676405427407e-6,"allotments":1.7068613166117458e-6,"industrial":1.7068613166117458e-6,"construction":1.1379075444078305e-6,"residential":1.1379075444078305e-6,"wood":1.1379075444078305e-6,"dog_park":5.689537722039152e-7,"sports_centre":5.689537722039152e-7,"cemetery":5.689537722039152e-7,"building_density":0.002008975769652025,"road_density":0.26154708478197985,"fraction_oneway":0.18166089965397925}