{"garden":6.273429711242316e-5,"water":1.6264447399517115e-5,"playground":1.045571618540386e-5,"valley":1.7426193642339768e-6,"swimming_pool":1.1617462428226512e-6,"pitch":1.1617462428226512e-6,"tree_row":5.808731214113256e-7,"scrub":5.808731214113256e-7,"sports_centre":5.808731214113256e-7,"building_density":0.001830331205567087,"road_density":0.2906878154413192,"fraction_oneway":0.20169851380042464}