{"grass":0.00012923452900603311,"forest":2.8399686621078882e-5,"water":2.393232018630243e-5,"scrub":2.0422246558978074e-5,"playground":1.4997587316749522e-5,"static_caravan":9.25383047203694e-6,"pitch":8.296537664584843e-6,"wood":2.552780819872259e-6,"grassland":2.552780819872259e-6,"sand":1.9145856149041945e-6,"garden":1.9145856149041945e-6,"allotments":1.595488012420162e-6,"sports_centre":9.572928074520973e-7,"residential":9.572928074520973e-7,"shrubbery":6.381952049680648e-7,"dog_park":6.381952049680648e-7,"firepit":3.190976024840324e-7,"industrial":3.190976024840324e-7,"wetland":3.190976024840324e-7,"park":3.190976024840324e-7,"building_density":0.00214688866951257,"road_density":0.26427010694588665,"fraction_oneway":0.12903225806451613}