{"water":0.0004497793415162945,"grass":0.00035607531203373313,"forest":0.00011244483537907362,"playground":7.496322358604908e-5,"park":5.622241768953681e-5,"allotments":5.622241768953681e-5,"residential":1.874080589651227e-5,"industrial":1.874080589651227e-5,"building_density":0.005228684845126923,"road_density":0.9082546364213818,"edge_length":22.426659745438176,"fraction_oneway":0.05128205128205128}