{"water":0.0001579976115407595,"grass":0.00012508144246976791,"forest":3.949940288518987e-5,"playground":2.6332935256793246e-5,"park":1.9749701442594936e-5,"allotments":1.9749701442594936e-5,"residential":6.5832338141983116e-6,"industrial":6.5832338141983116e-6,"building_density":0.001836722234161329,"road_density":0.31904992066026333,"fraction_oneway":0.05128205128205128}