{"grass":4.62411037090045e-5,"forest":2.1825800950650125e-5,"water":1.1837722549505152e-5,"playground":9.618149571472936e-6,"scrub":2.219572978032216e-6,"pitch":2.034608563196198e-6,"farmland":1.479715318688144e-6,"meadow":1.2947509038521261e-6,"residential":1.109786489016108e-6,"allotments":9.248220741800901e-7,"industrial":9.248220741800901e-7,"park":9.248220741800901e-7,"recreation_ground":7.39857659344072e-7,"vineyard":3.69928829672036e-7,"retail":1.84964414836018e-7,"grassland":1.84964414836018e-7,"stadium":1.84964414836018e-7,"tree_row":1.84964414836018e-7,"brownfield":1.84964414836018e-7,"wood":1.84964414836018e-7,"orchard":1.84964414836018e-7,"building_density":0.0011107113110902882,"road_density":0.17867686630591886,"fraction_oneway":0.20013755158184318}