{"grassland":4.926280489056199e-5,"water":1.3435310424698722e-5,"shrubbery":2.239218404116454e-6,"building_density":0.0003941024391244959,"road_density":0.16703529776941906,"fraction_oneway":0.3798076923076923}