{"grass":0.00011348598157398652,"forest":2.9422291519181693e-5,"water":8.406369005480483e-6,"park":8.406369005480483e-6,"residential":8.406369005480483e-6,"allotments":4.203184502740241e-6,"pitch":4.203184502740241e-6,"playground":4.203184502740241e-6,"flowerbed":4.203184502740241e-6,"construction":4.203184502740241e-6,"building_density":0.007422823831839267,"road_density":1.0925244679864454,"edge_length":22.17057251750448,"fraction_oneway":0.22153846153846155}