{"water":1.1599217388941489e-5,"pitch":6.669549998641356e-6,"scrub":2.6098239125118352e-6,"playground":2.6098239125118352e-6,"shrubbery":1.449902173617686e-6,"scree":5.799608694470745e-7,"park":5.799608694470745e-7,"sports_centre":5.799608694470745e-7,"dog_park":2.8998043472353723e-7,"grassland":2.8998043472353723e-7,"stadium":2.8998043472353723e-7,"swimming_pool":2.8998043472353723e-7,"tree_row":2.8998043472353723e-7,"bleachers":2.8998043472353723e-7,"building_density":0.0013550785714630895,"road_density":0.19930759126873568,"fraction_oneway":0.19806763285024154}