{"forest":0.00013002572106699523,"grass":6.590958964430449e-5,"pitch":1.165747844048923e-5,"playground":8.070561997261774e-6,"water":6.725468331051478e-6,"garden":3.586916443227455e-6,"shrubbery":1.7934582216137275e-6,"residential":1.3450936662102956e-6,"park":8.967291108068637e-7,"farmland":4.4836455540343187e-7,"flowerbed":4.4836455540343187e-7,"building_density":0.0021866739367025372,"road_density":0.2973386951995847,"fraction_oneway":0.1630971993410214}