{"grass":0.00010068418869911048,"forest":3.421307382979482e-5,"playground":9.123486354611953e-6,"shrubbery":6.516775967579967e-6,"water":5.86509837082197e-6,"residential":4.887581975684975e-6,"pitch":4.887581975684975e-6,"meadow":1.6291939918949917e-6,"farmland":1.3033551935159933e-6,"grassland":1.3033551935159933e-6,"education":9.77516395136995e-7,"wood":6.516775967579966e-7,"industrial":6.516775967579966e-7,"sports_centre":6.516775967579966e-7,"allotments":6.516775967579966e-7,"scrub":3.258387983789983e-7,"recreation_ground":3.258387983789983e-7,"park":3.258387983789983e-7,"retail":3.258387983789983e-7,"sand":3.258387983789983e-7,"building_density":0.001770282191593098,"road_density":0.2034188637290681,"fraction_oneway":0.14631463146314633}