{"shrubbery":4.9420208763569255e-5,"wood":1.5443815238615392e-5,"water":6.563621476411542e-6,"scrub":2.7026676667576936e-6,"park":1.1582861428961544e-6,"wetland":7.721907619307696e-7,"garden":3.860953809653848e-7,"building_density":0.00024555666229398476,"road_density":0.07486079286751408,"fraction_oneway":0.2093973442288049}