{"grass":0.00018980802271640785,"forest":6.449787179683762e-5,"playground":1.7199432479156697e-5,"shrubbery":1.2285308913683355e-5,"water":1.105677802231502e-5,"residential":9.213981685262517e-6,"pitch":9.213981685262517e-6,"meadow":3.071327228420839e-6,"farmland":2.457061782736671e-6,"grassland":2.457061782736671e-6,"education":1.8427963370525032e-6,"wood":1.2285308913683356e-6,"industrial":1.2285308913683356e-6,"sports_centre":1.2285308913683356e-6,"allotments":1.2285308913683356e-6,"scrub":6.142654456841678e-7,"recreation_ground":6.142654456841678e-7,"park":6.142654456841678e-7,"retail":6.142654456841678e-7,"sand":6.142654456841678e-7,"building_density":0.0033373041664020837,"road_density":0.383481585405812,"edge_length":17.031125794664405,"fraction_oneway":0.14631463146314633}