{"grass":0.00015935308628274472,"forest":0.00010140650945265573,"water":2.6903767813969888e-5,"farmland":1.4486644207522247e-5,"playground":1.2417123606447641e-5,"meadow":1.2417123606447641e-5,"scrub":8.278082404298428e-6,"grassland":8.278082404298428e-6,"wood":6.208561803223821e-6,"sports_centre":4.139041202149214e-6,"tree_row":4.139041202149214e-6,"retail":2.069520601074607e-6,"residential":2.069520601074607e-6,"industrial":2.069520601074607e-6,"pitch":2.069520601074607e-6,"building_density":0.0027607404818335256,"road_density":0.35019054855595066,"edge_length":17.88157738490023,"fraction_oneway":0.21235521235521235}