{"grass":8.40304894888993e-5,"forest":4.384199451594746e-5,"water":2.374774702947154e-5,"outdoor_seating":7.306999085991243e-6,"playground":5.480249314493433e-6,"residential":5.480249314493433e-6,"pitch":3.6534995429956217e-6,"meadow":1.8267497714978108e-6,"park":1.8267497714978108e-6,"sports_centre":1.8267497714978108e-6,"orchard":1.8267497714978108e-6,"building_density":0.0030488453686298464,"road_density":0.509546330764727,"edge_length":24.789906765949308,"fraction_oneway":0.2261904761904762}