{"grass":0.00014060482451607432,"shrubbery":0.0001372370442881444,"residential":0.00013555315417417943,"forest":2.8626131937404354e-5,"playground":1.2629175854737214e-5,"static_caravan":7.577505512842329e-6,"water":6.7355604558598475e-6,"pitch":5.893615398877367e-6,"railway":5.893615398877367e-6,"retail":5.051670341894885e-6,"education":3.3677802279299237e-6,"garages":3.3677802279299237e-6,"scrub":2.5258351709474427e-6,"garden":2.5258351709474427e-6,"religious":1.6838901139649619e-6,"tree_row":1.6838901139649619e-6,"sports_centre":8.419450569824809e-7,"park":8.419450569824809e-7,"building_density":0.005393500035029773,"road_density":0.8488930418037627,"edge_length":26.103619467523046,"fraction_oneway":0.15370018975332067}