{"shrubbery":0.00013049609479415125,"grass":0.00010130617885335427,"water":7.440566808438449e-6,"industrial":6.295864222524841e-6,"forest":4.57881034365443e-6,"residential":4.0064590506976265e-6,"wood":2.8617564647840187e-6,"retail":2.289405171827215e-6,"scrub":1.7170538788704113e-6,"commercial":1.7170538788704113e-6,"outdoor_seating":5.723512929568038e-7,"garden":5.723512929568038e-7,"building_density":0.0002598474870023889,"road_density":0.07807482997376977,"fraction_oneway":0.3056}