{"grass":0.0002164702213037341,"water":4.290400782596532e-5,"farmland":1.5601457391260116e-5,"meadow":1.36512752173526e-5,"forest":7.800728695630058e-6,"construction":5.8505465217225435e-6,"pitch":5.8505465217225435e-6,"playground":5.8505465217225435e-6,"scrub":5.8505465217225435e-6,"garden":3.900364347815029e-6,"park":3.900364347815029e-6,"commercial":1.9501821739075145e-6,"residential":1.9501821739075145e-6,"building_density":0.0035278795525986936,"road_density":0.6469856483072222,"edge_length":26.606505607791117,"fraction_oneway":0.2079207920792079}