{"garden":0.00010155904106206872,"grass":8.933434167496787e-5,"forest":5.266024351366527e-5,"water":2.6330121756832634e-5,"playground":1.6926506843678122e-5,"residential":2.8210844739463538e-6,"valley":2.8210844739463538e-6,"swimming_pool":1.8807229826309025e-6,"pitch":1.8807229826309025e-6,"sports_centre":9.403614913154513e-7,"cemetery":9.403614913154513e-7,"tree_row":9.403614913154513e-7,"greenfield":9.403614913154513e-7,"scrub":9.403614913154513e-7,"building_density":0.002963079059134987,"road_density":0.47058749589149074,"edge_length":24.248112543474832,"fraction_oneway":0.20169851380042464}