{"grass":0.0001771050293646218,"forest":6.307850360931736e-5,"water":3.639144438999078e-5,"scrub":3.639144438999078e-5,"residential":3.153925180465868e-5,"retail":1.9408770341328417e-5,"farmland":7.278288877998156e-6,"pitch":7.278288877998156e-6,"sports_centre":7.278288877998156e-6,"orchard":2.426096292666052e-6,"industrial":2.426096292666052e-6,"playground":2.426096292666052e-6,"building_density":0.0004997758362892068,"road_density":0.29963178726975703,"edge_length":46.360235148449476,"fraction_oneway":0.252212389380531}