{"shrubbery":0.00031711368948905927,"scrub":4.991604371587044e-5,"pitch":2.9362378656394378e-5,"water":2.642614079075494e-5,"playground":2.3489902925115503e-5,"park":2.936237865639438e-6,"sports_centre":2.936237865639438e-6,"dog_park":2.936237865639438e-6,"building_density":0.002078856408872722,"road_density":0.39787022657222193,"fraction_oneway":0.5297297297297298}