{"grass":4.5585092752978026e-5,"forest":2.6936645717668833e-5,"water":1.6576397364719283e-5,"pitch":1.0360248352949551e-5,"playground":8.288198682359641e-6,"meadow":4.144099341179821e-6,"park":4.144099341179821e-6,"farmland":4.144099341179821e-6,"sports_centre":4.144099341179821e-6,"tree_row":4.144099341179821e-6,"residential":2.0720496705899104e-6,"scrub":2.0720496705899104e-6,"garden":2.0720496705899104e-6,"plant_nursery":2.0720496705899104e-6,"construction":2.0720496705899104e-6,"building_density":0.007871716698571068,"road_density":1.005033047940847,"edge_length":20.271782180214807,"fraction_oneway":0.2719665271966527}