{"grass":0.000576478710193264,"shrubbery":0.0001817469825239847,"forest":6.10556269416511e-5,"wood":5.6795932038745215e-5,"water":2.4138271116466718e-5,"industrial":1.7038779611623565e-5,"static_caravan":1.5618881310654936e-5,"scrub":9.939288106780413e-6,"retail":9.939288106780413e-6,"commercial":7.099491504843152e-6,"railway":4.259694902905891e-6,"park":4.259694902905891e-6,"meadow":2.8397966019372608e-6,"wetland":2.8397966019372608e-6,"residential":1.4198983009686304e-6,"garden":1.4198983009686304e-6,"building_density":0.000903055319416049,"road_density":0.2753068745240379,"edge_length":23.357663776235412,"fraction_oneway":0.2093973442288049}