{"grass":0.00012827880334758882,"forest":8.235182437129158e-5,"water":4.275960111586294e-5,"pitch":2.217164502304004e-5,"playground":1.4253200371954313e-5,"meadow":1.108582251152002e-5,"allotments":4.751066790651437e-6,"industrial":4.751066790651437e-6,"construction":3.1673778604342917e-6,"residential":3.1673778604342917e-6,"wood":3.1673778604342917e-6,"dog_park":1.5836889302171458e-6,"sports_centre":1.5836889302171458e-6,"cemetery":1.5836889302171458e-6,"building_density":0.005592005612596742,"road_density":0.728019117080979,"edge_length":19.944392604209686,"fraction_oneway":0.18166089965397925}