{"grass":0.00021347521133359206,"shrubbery":0.00015053225381782604,"residential":9.631030848797937e-5,"forest":2.0096245471901207e-5,"water":7.58348885732121e-6,"pitch":6.82513997158909e-6,"playground":4.9292677572587866e-6,"garages":4.170918871526666e-6,"track":3.412569985794545e-6,"static_caravan":3.0333955429284842e-6,"wetland":3.0333955429284842e-6,"construction":2.275046657196363e-6,"education":2.275046657196363e-6,"park":2.275046657196363e-6,"scrub":1.8958722143303025e-6,"meadow":1.8958722143303025e-6,"sports_centre":1.8958722143303025e-6,"swimming_pool":1.5166977714642421e-6,"retail":1.1375233285981815e-6,"garden":1.1375233285981815e-6,"religious":7.583488857321211e-7,"commercial":7.583488857321211e-7,"grassland":7.583488857321211e-7,"cemetery":7.583488857321211e-7,"wood":3.7917444286606053e-7,"fitness_station":3.7917444286606053e-7,"orchard":3.7917444286606053e-7,"recreation_ground":3.7917444286606053e-7,"allotments":3.7917444286606053e-7,"building_density":0.0026212329235330762,"road_density":0.43219905292110034,"fraction_oneway":0.15892420537897312}