{"shrubbery":0.00013049609479415125,"water":7.440566808438449e-6,"wood":2.8617564647840187e-6,"scrub":1.7170538788704113e-6,"garden":5.723512929568038e-7,"outdoor_seating":5.723512929568038e-7,"building_density":0.0002598474870023889,"road_density":0.07807482997376977,"fraction_oneway":0.3056}