{"grass":6.536945817468373e-5,"forest":2.328227277454489e-5,"water":1.343208044685282e-5,"scrub":1.343208044685282e-5,"residential":1.1641136387272445e-5,"retail":7.163776238321504e-6,"farmland":2.686416089370564e-6,"pitch":2.686416089370564e-6,"sports_centre":2.686416089370564e-6,"orchard":8.95472029790188e-7,"industrial":8.95472029790188e-7,"playground":8.95472029790188e-7,"building_density":0.00018446723813677872,"road_density":0.11059407886950011,"fraction_oneway":0.252212389380531}