{"grass":0.00031550457860085167,"tree_row":6.240749906390473e-5,"water":2.426958296929628e-5,"forest":1.3868333125312161e-5,"playground":6.9341665626560805e-6,"residential":3.4670832813280402e-6,"sand":3.4670832813280402e-6,"pitch":3.4670832813280402e-6,"park":3.4670832813280402e-6,"building_density":0.003082237037100628,"road_density":0.494298894251293,"edge_length":23.197052705316647,"fraction_oneway":0.11678832116788321}