{"grass":0.00024780479601649297,"forest":2.4569880624864742e-5,"water":1.0529948839227747e-5,"shrubbery":1.0529948839227747e-5,"pitch":9.827952249945897e-6,"residential":6.317969303536648e-6,"playground":4.211979535691099e-6,"sports_centre":1.4039931785636996e-6,"meadow":1.4039931785636996e-6,"allotments":1.4039931785636996e-6,"scree":7.019965892818498e-7,"scrub":7.019965892818498e-7,"farmland":7.019965892818498e-7,"static_caravan":7.019965892818498e-7,"fitness_station":7.019965892818498e-7,"education":7.019965892818498e-7,"grassland":7.019965892818498e-7,"industrial":7.019965892818498e-7,"park":7.019965892818498e-7,"retail":7.019965892818498e-7,"building_density":0.0034313593284096815,"road_density":0.48232855724404544,"edge_length":23.144172705400642,"fraction_oneway":0.13333333333333333}