{"water":2.6035184231002406e-6,"playground":1.7356789487334937e-6,"pitch":1.518719080141807e-6,"scrub":8.678394743667469e-7,"tree_row":4.3391973718337343e-7,"wetland":4.3391973718337343e-7,"shrubbery":2.1695986859168672e-7,"park":2.1695986859168672e-7,"garden":2.1695986859168672e-7,"sports_centre":2.1695986859168672e-7,"building_density":0.0009309747961269277,"road_density":0.1634936267732792,"fraction_oneway":0.0772626931567329}