{"water":4.102661239407833e-5,"scrub":3.555639740820122e-5,"shrubbery":2.735107492938555e-5,"playground":5.4702149858771104e-6,"fitness_station":2.7351074929385552e-6,"building_density":0.0022427881442096155,"road_density":0.35459331297219043,"fraction_oneway":0.2445414847161572}