{"grass":0.00011782444495356096,"forest":4.22959545987142e-5,"pitch":1.5105698070969355e-5,"water":1.057398864967855e-5,"playground":7.552849035484677e-6,"meadow":6.042279228387742e-6,"static_caravan":3.021139614193871e-6,"residential":3.021139614193871e-6,"stadium":1.5105698070969356e-6,"tree_row":1.5105698070969356e-6,"nature_reserve":1.5105698070969356e-6,"education":1.5105698070969356e-6,"dog_park":1.5105698070969356e-6,"retail":1.5105698070969356e-6,"building_density":0.005989409285139349,"road_density":0.8937637458416228,"edge_length":23.26582710690704,"fraction_oneway":0.22929936305732485}