{"grass":0.0002901186310178327,"grassland":0.0001139751764712914,"industrial":5.1806898396041545e-5,"residential":4.6626208556437396e-5,"forest":4.6626208556437396e-5,"commercial":4.144551871683324e-5,"water":3.108413903762493e-5,"retail":2.5903449198020773e-5,"meadow":1.5542069518812464e-5,"shrubbery":5.180689839604155e-6,"building_density":0.0009118014117703312,"road_density":0.3864554115929281,"edge_length":37.16759226499889,"fraction_oneway":0.3798076923076923}