{"park":3.6114029575307867e-6,"water":3.6114029575307867e-6,"pitch":1.8057014787653934e-6,"playground":1.8057014787653934e-6,"building_density":0.0031888688114996844,"road_density":0.4693519987391372,"fraction_oneway":0.22153846153846155}