{"grass":0.0001253962306305214,"grassland":4.926280489056199e-5,"industrial":2.239218404116454e-5,"residential":2.0152965637048085e-5,"forest":2.0152965637048085e-5,"commercial":1.791374723293163e-5,"water":1.3435310424698722e-5,"retail":1.119609202058227e-5,"meadow":6.717655212349361e-6,"shrubbery":2.239218404116454e-6,"building_density":0.0003941024391244959,"road_density":0.16703529776941906,"fraction_oneway":0.3798076923076923}