{"grass":0.00041619513535903817,"shrubbery":0.0002934804062833715,"residential":0.00018776832039288756,"forest":3.918000386150803e-5,"water":1.4784907117550201e-5,"pitch":1.3306416405795181e-5,"playground":9.61018962640763e-6,"garages":8.13169891465261e-6,"track":6.653208202897591e-6,"static_caravan":5.913962847020081e-6,"wetland":5.913962847020081e-6,"construction":4.435472135265061e-6,"education":4.435472135265061e-6,"park":4.435472135265061e-6,"scrub":3.6962267793875503e-6,"meadow":3.6962267793875503e-6,"sports_centre":3.6962267793875503e-6,"swimming_pool":2.9569814235100403e-6,"retail":2.2177360676325304e-6,"garden":2.2177360676325304e-6,"religious":1.4784907117550202e-6,"commercial":1.4784907117550202e-6,"grassland":1.4784907117550202e-6,"cemetery":1.4784907117550202e-6,"wood":7.392453558775101e-7,"fitness_station":7.392453558775101e-7,"orchard":7.392453558775101e-7,"recreation_ground":7.392453558775101e-7,"allotments":7.392453558775101e-7,"building_density":0.005110403145181227,"road_density":0.8426230952475933,"edge_length":27.133287091882437,"fraction_oneway":0.15892420537897312}