{"water":1.3650745994234066e-5,"playground":6.300344305031107e-6,"grassland":4.200229536687405e-6,"scrub":4.200229536687405e-6,"wood":3.1501721525155535e-6,"tree_row":2.1001147683437025e-6,"sports_centre":2.1001147683437025e-6,"pitch":1.0500573841718512e-6,"building_density":0.0014007765504852495,"road_density":0.177683745301896,"fraction_oneway":0.21235521235521235}