{"shrubbery":0.00010148336772077292,"playground":9.338960219703029e-6,"water":4.980778783841616e-6,"pitch":4.358181435861414e-6,"scrub":1.8677920439406057e-6,"garden":1.8677920439406057e-6,"tree_row":1.245194695960404e-6,"sports_centre":6.22597347980202e-7,"park":6.22597347980202e-7,"building_density":0.003988358611161174,"road_density":0.6277352092784679,"fraction_oneway":0.15370018975332067}