{"pitch":4.024720280028377e-6,"playground":4.024720280028377e-6,"garden":2.414832168017026e-6,"water":1.6098881120113508e-6,"park":8.049440560056754e-7,"building_density":0.00209768420995079,"road_density":0.3815497280813266,"fraction_oneway":0.15903614457831325}