{"grass":0.00021198239560458248,"forest":4.65837857007601e-5,"water":3.9255999186033794e-5,"scrub":3.349845263874883e-5,"playground":2.4600426156581176e-5,"static_caravan":1.5178986351933067e-5,"pitch":1.3608746384491714e-5,"wood":4.187306579843604e-6,"grassland":4.187306579843604e-6,"sand":3.1404799348827033e-6,"garden":3.1404799348827033e-6,"allotments":2.617066612402253e-6,"sports_centre":1.5702399674413516e-6,"residential":1.5702399674413516e-6,"shrubbery":1.046826644960901e-6,"dog_park":1.046826644960901e-6,"firepit":5.234133224804505e-7,"industrial":5.234133224804505e-7,"wetland":5.234133224804505e-7,"park":5.234133224804505e-7,"building_density":0.0035215248336484713,"road_density":0.4334802067832276,"edge_length":19.131408535457183,"fraction_oneway":0.12903225806451613}