{"water":2.080127109778071e-5,"pitch":2.8365369678791874e-6,"playground":2.8365369678791874e-6,"scrub":2.8365369678791874e-6,"garden":1.8910246452527916e-6,"park":1.8910246452527916e-6,"building_density":0.00171043179163115,"road_density":0.313679876281095,"fraction_oneway":0.2079207920792079}