{"water":2.089054883286807e-5,"park":1.3056593020542544e-6,"tree_row":1.3056593020542544e-6,"building_density":0.0010223312335084812,"road_density":0.15735056005604484,"fraction_oneway":0.22186495176848875}