{"grass":4.875393992666562e-5,"forest":1.2639910351357754e-5,"water":3.6114029575307867e-6,"park":3.6114029575307867e-6,"residential":3.6114029575307867e-6,"allotments":1.8057014787653934e-6,"pitch":1.8057014787653934e-6,"playground":1.8057014787653934e-6,"flowerbed":1.8057014787653934e-6,"construction":1.8057014787653934e-6,"building_density":0.0031888688114996844,"road_density":0.4693519987391372,"fraction_oneway":0.22153846153846155}