{"grass":0.001427194469183486,"residential":0.0002014862780023745,"commercial":5.0371569500593625e-5,"sand":4.197630791716135e-5,"playground":3.3581046333729086e-5,"pitch":1.6790523166864543e-5,"forest":1.6790523166864543e-5,"retail":1.6790523166864543e-5,"scrub":8.395261583432271e-6,"farmland":8.395261583432271e-6,"meadow":8.395261583432271e-6,"building_density":0.005129504827477117,"road_density":0.8662734343168491,"edge_length":20.79105313974181,"fraction_oneway":0.1657754010695187}