{"pitch":7.264920543810607e-6,"water":5.085444380667426e-6,"playground":3.6324602719053037e-6,"dog_park":7.264920543810608e-7,"stadium":7.264920543810608e-7,"tree_row":7.264920543810608e-7,"nature_reserve":7.264920543810608e-7,"building_density":0.002880540995620906,"road_density":0.42984591430148017,"fraction_oneway":0.22929936305732485}