{"grass":0.0003120117505335174,"water":0.00012649125021629084,"scrub":0.00010962575018745206,"shrubbery":8.432750014419389e-5,"forest":5.0596500086516334e-5,"playground":1.6865500028838778e-5,"railway":8.432750014419389e-6,"commercial":8.432750014419389e-6,"industrial":8.432750014419389e-6,"fitness_station":8.432750014419389e-6,"building_density":0.006914855011823899,"road_density":1.0932648068857573,"edge_length":21.101092193111842,"fraction_oneway":0.2445414847161572}