{"grass":9.564395966067878e-5,"shrubbery":7.985511552621753e-5,"residential":4.706290078541337e-5,"forest":3.4310372830656195e-5,"water":1.1234369864905126e-5,"pitch":5.465369123467359e-6,"playground":4.250842651585724e-6,"garden":3.643579415644906e-6,"retail":2.7326845617336795e-6,"flowerbed":2.125421325792862e-6,"railway":2.125421325792862e-6,"scrub":2.125421325792862e-6,"wood":1.821789707822453e-6,"meadow":1.821789707822453e-6,"park":1.518158089852044e-6,"farmland":1.518158089852044e-6,"commercial":1.518158089852044e-6,"tree_row":1.518158089852044e-6,"wetland":1.518158089852044e-6,"sports_centre":9.108948539112265e-7,"religious":9.108948539112265e-7,"construction":9.108948539112265e-7,"education":9.108948539112265e-7,"allotments":6.072632359408176e-7,"cemetery":6.072632359408176e-7,"static_caravan":6.072632359408176e-7,"grassland":6.072632359408176e-7,"stadium":3.036316179704088e-7,"recreation_ground":3.036316179704088e-7,"orchard":3.036316179704088e-7,"building_density":0.0015919405730188535,"road_density":0.22215165957821478,"fraction_oneway":0.2625}