{"grass":0.00010495186781152993,"water":2.080127109778071e-5,"farmland":7.564098581011166e-6,"meadow":6.61858625838477e-6,"forest":3.782049290505583e-6,"construction":2.8365369678791874e-6,"pitch":2.8365369678791874e-6,"playground":2.8365369678791874e-6,"scrub":2.8365369678791874e-6,"garden":1.8910246452527916e-6,"park":1.8910246452527916e-6,"commercial":9.455123226263958e-7,"residential":9.455123226263958e-7,"building_density":0.00171043179163115,"road_density":0.313679876281095,"fraction_oneway":0.2079207920792079}