{"grass":0.00010986187722715991,"forest":6.408609504917661e-5,"pitch":7.629297029663883e-6,"playground":7.629297029663883e-6,"flowerbed":6.103437623731106e-6,"garden":4.5775782177983295e-6,"water":3.051718811865553e-6,"orchard":1.5258594059327765e-6,"education":1.5258594059327765e-6,"industrial":1.5258594059327765e-6,"allotments":1.5258594059327765e-6,"park":1.5258594059327765e-6,"plant_nursery":1.5258594059327765e-6,"residential":1.5258594059327765e-6,"building_density":0.003976389611860816,"road_density":0.7232691975054234,"edge_length":27.61156631719778,"fraction_oneway":0.15903614457831325}