{"grass":0.0007831241555639211,"shrubbery":0.000438018595484905,"residential":0.0003417872373859486,"garages":7.632142194055163e-5,"water":4.977484039601193e-5,"forest":3.650154962374208e-5,"playground":1.9909936158404772e-5,"retail":1.659161346533731e-5,"static_caravan":1.3273290772269848e-5,"industrial":9.954968079202386e-6,"park":6.636645386134924e-6,"railway":6.636645386134924e-6,"education":6.636645386134924e-6,"garden":6.636645386134924e-6,"scrub":6.636645386134924e-6,"pitch":6.636645386134924e-6,"tree_row":6.636645386134924e-6,"wood":3.318322693067462e-6,"grassland":3.318322693067462e-6,"religious":3.318322693067462e-6,"dog_park":3.318322693067462e-6,"building_density":0.006616735449976519,"road_density":0.8940235664826347,"edge_length":21.142613309444855,"fraction_oneway":0.26198083067092653}