{"water":1.5361751849505713e-5,"pitch":7.965352810854814e-6,"playground":5.120583949835237e-6,"wood":1.1379075444078305e-6,"dog_park":5.689537722039152e-7,"sports_centre":5.689537722039152e-7,"building_density":0.002008975769652025,"road_density":0.26154708478197985,"fraction_oneway":0.18166089965397925}