{"grass":0.0006301300025756904,"residential":8.895952977539158e-5,"commercial":2.2239882443847895e-5,"sand":1.8533235369873247e-5,"playground":1.4826588295898597e-5,"pitch":7.4132941479492985e-6,"forest":7.4132941479492985e-6,"retail":7.4132941479492985e-6,"scrub":3.7066470739746492e-6,"farmland":3.7066470739746492e-6,"meadow":3.7066470739746492e-6,"building_density":0.002264761362198511,"road_density":0.3824740728638219,"fraction_oneway":0.1657754010695187}