{"forest":0.00025408924306494094,"grass":0.0001287969611398149,"pitch":2.2780414895477463e-5,"playground":1.5771056466099783e-5,"water":1.3142547055083152e-5,"garden":7.009358429377681e-6,"shrubbery":3.5046792146888405e-6,"residential":2.6285094110166305e-6,"park":1.7523396073444203e-6,"farmland":8.761698036722101e-7,"flowerbed":8.761698036722101e-7,"building_density":0.004273080132509369,"road_density":0.5810432226578658,"edge_length":22.320447063895568,"fraction_oneway":0.1630971993410214}