{"grass":0.00015675472467194623,"shrubbery":4.9420208763569255e-5,"forest":1.6602101381511548e-5,"wood":1.5443815238615392e-5,"water":6.563621476411542e-6,"industrial":4.633144571584618e-6,"static_caravan":4.247049190619233e-6,"scrub":2.7026676667576936e-6,"retail":2.7026676667576936e-6,"commercial":1.930476904826924e-6,"railway":1.1582861428961544e-6,"park":1.1582861428961544e-6,"meadow":7.721907619307696e-7,"wetland":7.721907619307696e-7,"residential":3.860953809653848e-7,"garden":3.860953809653848e-7,"building_density":0.00024555666229398476,"road_density":0.07486079286751408,"fraction_oneway":0.2093973442288049}