{"playground":1.5309895728618243e-5,"sand":1.2247916582894595e-5,"water":9.696267294791554e-6,"scrub":5.103298576206081e-6,"pitch":4.592968718585473e-6,"garden":1.0206597152412162e-6,"dog_park":1.0206597152412162e-6,"building_density":0.0010813889682980686,"road_density":0.20209769461690483,"fraction_oneway":0.026246719160104987}