{"grass":8.40531956174775e-5,"forest":3.967310833144938e-5,"water":2.151761807807424e-5,"playground":1.7483064688435322e-5,"scrub":4.03455338963892e-6,"pitch":3.69834060716901e-6,"farmland":2.68970225975928e-6,"meadow":2.35348947728937e-6,"residential":2.01727669481946e-6,"allotments":1.68106391234955e-6,"industrial":1.68106391234955e-6,"park":1.68106391234955e-6,"recreation_ground":1.34485112987964e-6,"vineyard":6.7242556493982e-7,"retail":3.3621278246991e-7,"grassland":3.3621278246991e-7,"stadium":3.3621278246991e-7,"tree_row":3.3621278246991e-7,"brownfield":3.3621278246991e-7,"wood":3.3621278246991e-7,"orchard":3.3621278246991e-7,"building_density":0.0020189577587318096,"road_density":0.32478380469549123,"edge_length":22.776193914689724,"fraction_oneway":0.20013755158184318}