{"grass":1.8945911909725418e-5,"forest":1.1195311583019565e-5,"water":6.889422512627424e-6,"pitch":4.305889070392141e-6,"playground":3.444711256313712e-6,"meadow":1.722355628156856e-6,"park":1.722355628156856e-6,"farmland":1.722355628156856e-6,"sports_centre":1.722355628156856e-6,"tree_row":1.722355628156856e-6,"residential":8.61177814078428e-7,"scrub":8.61177814078428e-7,"garden":8.61177814078428e-7,"plant_nursery":8.61177814078428e-7,"construction":8.61177814078428e-7,"building_density":0.003271614515683948,"road_density":0.4177082121085776,"fraction_oneway":0.2719665271966527}