{"water":1.0577250957236958e-5,"outdoor_seating":3.25453875607291e-6,"playground":2.4409040670546826e-6,"pitch":1.627269378036455e-6,"park":8.136346890182275e-7,"sports_centre":8.136346890182275e-7,"building_density":0.0013579562959714216,"road_density":0.22695203078208478,"fraction_oneway":0.2261904761904762}