{"grass":0.00010957200728281732,"meadow":6.142673135551881e-5,"forest":3.486382049907824e-5,"scrub":3.0713365677759404e-5,"shrubbery":1.5771728321011586e-5,"playground":1.1621273499692746e-5,"pitch":9.131000606901444e-6,"residential":4.150454821318838e-6,"water":3.3203638570550704e-6,"scree":2.490272892791303e-6,"sports_centre":1.6601819285275352e-6,"wood":8.300909642637676e-7,"commercial":8.300909642637676e-7,"construction":8.300909642637676e-7,"dog_park":8.300909642637676e-7,"education":8.300909642637676e-7,"industrial":8.300909642637676e-7,"park":8.300909642637676e-7,"retail":8.300909642637676e-7,"swimming_pool":8.300909642637676e-7,"wetland":8.300909642637676e-7,"cemetery":8.300909642637676e-7,"building_density":0.0043695988358844725,"road_density":0.650685554485134,"edge_length":23.287955747841785,"fraction_oneway":0.19273743016759776}