{"grass":0.00021871730573887332,"forest":5.635660638670355e-5,"water":2.6836479231763595e-5,"pitch":1.5430975558264067e-5,"flowerbed":1.4089151596675888e-5,"farmland":1.0734591692705439e-5,"meadow":6.038207827146809e-6,"playground":6.038207827146809e-6,"scrub":6.038207827146809e-6,"static_caravan":4.696383865558629e-6,"industrial":4.0254718847645395e-6,"shrubbery":3.3545599039704494e-6,"construction":2.6836479231763598e-6,"residential":2.6836479231763598e-6,"orchard":2.0127359423822697e-6,"park":1.3418239615881799e-6,"basin":1.3418239615881799e-6,"scree":1.3418239615881799e-6,"greenfield":1.3418239615881799e-6,"sports_centre":1.3418239615881799e-6,"landfill":1.3418239615881799e-6,"bleachers":6.709119807940899e-7,"swimming_pool":6.709119807940899e-7,"dog_park":6.709119807940899e-7,"stadium":6.709119807940899e-7,"brownfield":6.709119807940899e-7,"tree_row":6.709119807940899e-7,"commercial":6.709119807940899e-7,"grassland":6.709119807940899e-7,"building_density":0.0031351716862507823,"road_density":0.46112714801910965,"edge_length":23.01942282617367,"fraction_oneway":0.19806763285024154}