{"shrubbery":0.00031711368948905927,"grass":0.00022315407778859727,"scrub":4.991604371587044e-5,"pitch":2.9362378656394378e-5,"water":2.642614079075494e-5,"playground":2.3489902925115503e-5,"forest":5.872475731278876e-6,"industrial":5.872475731278876e-6,"farmyard":2.936237865639438e-6,"dog_park":2.936237865639438e-6,"sports_centre":2.936237865639438e-6,"allotments":2.936237865639438e-6,"park":2.936237865639438e-6,"railway":2.936237865639438e-6,"building_density":0.002078856408872722,"road_density":0.39787022657222193,"fraction_oneway":0.5297297297297298}