{"grass":0.00027578530402114546,"forest":5.593758524957196e-5,"water":2.6017481511428818e-5,"shrubbery":2.2114859284714494e-5,"scrub":1.8212237058000174e-5,"playground":7.805244453428646e-6,"meadow":6.5043703778572045e-6,"farmland":6.5043703778572045e-6,"commercial":5.203496302285764e-6,"retail":5.203496302285764e-6,"residential":5.203496302285764e-6,"pitch":5.203496302285764e-6,"industrial":2.601748151142882e-6,"railway":1.300874075571441e-6,"allotments":1.300874075571441e-6,"recreation_ground":1.300874075571441e-6,"sports_centre":1.300874075571441e-6,"track":1.300874075571441e-6,"building_density":0.0019304971281480184,"road_density":0.3165019251424456,"edge_length":20.993997162522355,"fraction_oneway":0.15738498789346247}