{"grass":5.614334998833294e-5,"forest":2.350186743697658e-5,"water":2.089054883286807e-5,"meadow":7.833955812325527e-6,"farmland":7.833955812325527e-6,"retail":6.5282965102712725e-6,"commercial":3.916977906162763e-6,"farmyard":2.6113186041085088e-6,"cemetery":1.3056593020542544e-6,"orchard":1.3056593020542544e-6,"park":1.3056593020542544e-6,"recreation_ground":1.3056593020542544e-6,"residential":1.3056593020542544e-6,"industrial":1.3056593020542544e-6,"tree_row":1.3056593020542544e-6,"construction":1.3056593020542544e-6,"building_density":0.0010223312335084812,"road_density":0.15735056005604484,"fraction_oneway":0.22186495176848875}