{"scrub":1.343208044685282e-5,"water":1.343208044685282e-5,"pitch":2.686416089370564e-6,"sports_centre":2.686416089370564e-6,"playground":8.95472029790188e-7,"building_density":0.00018446723813677872,"road_density":0.11059407886950011,"fraction_oneway":0.252212389380531}