{"grass":0.00038785069179166217,"residential":6.88945307787821e-5,"forest":2.7557812311512838e-5,"playground":1.5309895728618243e-5,"sand":1.2247916582894595e-5,"water":9.696267294791554e-6,"scrub":5.103298576206081e-6,"pitch":4.592968718585473e-6,"farmland":3.572309003344257e-6,"orchard":1.5309895728618244e-6,"dog_park":1.0206597152412162e-6,"garden":1.0206597152412162e-6,"meadow":5.103298576206081e-7,"animal_keeping":5.103298576206081e-7,"construction":5.103298576206081e-7,"allotments":5.103298576206081e-7,"retail":5.103298576206081e-7,"building_density":0.0010813889682980686,"road_density":0.20209769461690483,"fraction_oneway":0.026246719160104987}