{"grass":0.0009311836796336554,"residential":0.00016540762730334668,"forest":6.616305092133868e-5,"playground":3.675725051185482e-5,"sand":2.9405800409483854e-5,"water":2.3279591990841383e-5,"scrub":1.2252416837284938e-5,"pitch":1.1027175153556445e-5,"farmland":8.576691786099458e-6,"orchard":3.6757250511854817e-6,"dog_park":2.450483367456988e-6,"garden":2.450483367456988e-6,"meadow":1.225241683728494e-6,"animal_keeping":1.225241683728494e-6,"construction":1.225241683728494e-6,"allotments":1.225241683728494e-6,"retail":1.225241683728494e-6,"building_density":0.0025962871278206786,"road_density":0.48521268338986584,"edge_length":25.207756571775406,"fraction_oneway":0.026246719160104987}