{"grass":0.0010923417214880684,"residential":0.00019588195554589332,"forest":7.995181859016053e-5,"playground":3.397952290081823e-5,"garden":2.3985545577048164e-5,"pitch":1.8988556915163127e-5,"sand":1.6989761450409114e-5,"water":1.2992170520901089e-5,"scrub":8.99457959139306e-6,"farmland":3.997590929508027e-6,"allotments":1.9987954647540134e-6,"greenfield":9.993977323770067e-7,"religious":9.993977323770067e-7,"education":9.993977323770067e-7,"retail":9.993977323770067e-7,"dog_park":9.993977323770067e-7,"commercial":9.993977323770067e-7,"cemetery":9.993977323770067e-7,"building_density":0.002905249208019959,"road_density":0.4294197704572863,"edge_length":22.241241882986326,"fraction_oneway":0.15331807780320367}