{"shrubbery":0.0007459849096084271,"grass":0.0005249523437985228,"scrub":0.00011742355058651168,"pitch":6.907267681559511e-5,"water":6.21654091340356e-5,"playground":5.525814145247609e-5,"forest":1.3814535363119022e-5,"industrial":1.3814535363119022e-5,"farmyard":6.907267681559511e-6,"dog_park":6.907267681559511e-6,"sports_centre":6.907267681559511e-6,"allotments":6.907267681559511e-6,"park":6.907267681559511e-6,"railway":6.907267681559511e-6,"building_density":0.004890345518544134,"road_density":0.9359582851297987,"edge_length":28.39551640418312,"fraction_oneway":0.5297297297297298}