{"grass":0.0001021016962450988,"forest":4.27402449398088e-5,"water":3.79913288353856e-5,"meadow":1.42467483132696e-5,"farmland":1.42467483132696e-5,"retail":1.1872290261058e-5,"commercial":7.1233741566348e-6,"farmyard":4.7489161044232e-6,"cemetery":2.3744580522116e-6,"orchard":2.3744580522116e-6,"park":2.3744580522116e-6,"recreation_ground":2.3744580522116e-6,"residential":2.3744580522116e-6,"industrial":2.3744580522116e-6,"tree_row":2.3744580522116e-6,"construction":2.3744580522116e-6,"building_density":0.0018592006548816828,"road_density":0.28615604680121626,"edge_length":21.6052808390865,"fraction_oneway":0.22186495176848875}