{"shrubbery":5.463633098153875e-5,"residential":4.3709064785231004e-5,"grass":3.278179858892325e-5,"scrub":3.278179858892325e-5,"cemetery":1.0927266196307751e-5,"commercial":1.0927266196307751e-5,"building_density":0.01700282620145486,"road_density":1.6927528637006568,"edge_length":18.97255607830894,"fraction_oneway":0.5966386554621849}