{"grass":0.00015733809404578822,"forest":5.9175831831380525e-5,"water":5.49987142903419e-5,"scrub":3.689787161250786e-5,"shrubbery":3.202456781462946e-5,"pitch":2.8543636530430606e-5,"flowerbed":1.1138980109436333e-5,"playground":1.1138980109436333e-5,"garden":1.0442793852596563e-5,"wetland":6.961862568397709e-6,"tree_row":6.265676311557938e-6,"meadow":5.5694900547181665e-6,"sports_centre":4.177117541038625e-6,"residential":3.4809312841988545e-6,"allotments":2.7847450273590833e-6,"park":2.7847450273590833e-6,"sand":2.7847450273590833e-6,"wood":6.961862568397708e-7,"beach":6.961862568397708e-7,"bleachers":6.961862568397708e-7,"commercial":6.961862568397708e-7,"farmland":6.961862568397708e-7,"farmyard":6.961862568397708e-7,"grassland":6.961862568397708e-7,"heath":6.961862568397708e-7,"orchard":6.961862568397708e-7,"retail":6.961862568397708e-7,"building_density":0.002433867153911839,"road_density":0.33131837882831705,"fraction_oneway":0.08869179600886919}