{"grass":0.00021977733297242878,"shrubbery":9.503884669078001e-5,"scrub":6.533920709991125e-5,"water":4.9499399318114594e-5,"commercial":1.7819783754521254e-5,"construction":1.3859831809072085e-5,"forest":9.899879863622918e-6,"railway":9.899879863622918e-6,"meadow":9.899879863622918e-6,"garden":7.919903890898334e-6,"tree_row":7.919903890898334e-6,"grassland":7.919903890898334e-6,"outdoor_seating":5.9399279181737505e-6,"park":5.9399279181737505e-6,"fitness_station":3.959951945449167e-6,"pitch":3.959951945449167e-6,"flowerbed":3.959951945449167e-6,"wetland":1.9799759727245835e-6,"industrial":1.9799759727245835e-6,"playground":1.9799759727245835e-6,"residential":1.9799759727245835e-6,"sand":1.9799759727245835e-6,"sports_centre":1.9799759727245835e-6,"brownfield":1.9799759727245835e-6,"building_density":0.0033520993218227203,"road_density":0.49000698436101525,"edge_length":29.97956124918751,"fraction_oneway":0.502865329512894}