{"grass":3.53441329955705e-5,"forest":1.6269521537643563e-5,"playground":7.854251776793444e-6,"pitch":6.732215808680095e-6,"shrubbery":3.3661079043400474e-6,"water":2.805089920283373e-6,"meadow":2.805089920283373e-6,"scrub":2.2440719362266983e-6,"railway":1.6830539521700237e-6,"retail":1.6830539521700237e-6,"park":1.6830539521700237e-6,"sports_centre":1.6830539521700237e-6,"cemetery":1.1220359681133491e-6,"allotments":1.1220359681133491e-6,"dog_park":5.610179840566746e-7,"construction":5.610179840566746e-7,"commercial":5.610179840566746e-7,"recreation_ground":5.610179840566746e-7,"residential":5.610179840566746e-7,"industrial":5.610179840566746e-7,"building_density":0.0034923369507527994,"road_density":0.5265331665843008,"fraction_oneway":0.39436619718309857}