{"water":2.7926927090287972e-5,"park":7.757479747302215e-6,"tree_row":4.654487848381328e-6,"garden":1.5514959494604428e-6,"pitch":1.5514959494604428e-6,"playground":1.5514959494604428e-6,"building_density":0.006634196679892853,"road_density":0.5712059638738345,"fraction_oneway":0.48409090909090907}