{"grass":0.00028504438581746736,"scrub":0.00019036181010886807,"residential":9.169259963359091e-5,"water":3.189307813342292e-5,"wetland":3.189307813342292e-5,"forest":2.8903102058414526e-5,"playground":2.2923149908397728e-5,"pitch":1.2956562991703063e-5,"retail":5.979952150016798e-6,"garden":4.983293458347332e-6,"commercial":2.989976075008399e-6,"religious":2.989976075008399e-6,"education":2.989976075008399e-6,"allotments":1.9933173833389327e-6,"park":9.966586916694664e-7,"sports_centre":9.966586916694664e-7,"tree_row":9.966586916694664e-7,"construction":9.966586916694664e-7,"flowerbed":9.966586916694664e-7,"building_density":0.00494940706283057,"road_density":0.5316774445988406,"fraction_oneway":0.2578125}