{"grass":0.000104941304886682,"forest":3.8160474504248e-5,"scrub":3.236825962413893e-5,"water":1.4650896461452357e-5,"meadow":9.880837148421357e-6,"pitch":5.451496357749714e-6,"industrial":3.4071852235935715e-6,"railway":3.0664667012342144e-6,"playground":2.3850296565155e-6,"garden":2.044311134156143e-6,"residential":1.7035926117967858e-6,"tree_row":1.7035926117967858e-6,"orchard":1.3628740894374286e-6,"construction":1.3628740894374286e-6,"park":1.0221555670780715e-6,"wood":6.814370447187143e-7,"grassland":6.814370447187143e-7,"outdoor_seating":6.814370447187143e-7,"sports_centre":3.4071852235935715e-7,"retail":3.4071852235935715e-7,"dog_park":3.4071852235935715e-7,"allotments":3.4071852235935715e-7,"building_density":0.0016575956112782726,"road_density":0.279949130158477,"edge_length":26.96034304656371,"fraction_oneway":0.408179012345679}