{"grass":0.00011274714775377369,"water":0.00010174742602169821,"forest":2.4749373897169834e-5,"industrial":8.249791299056612e-6,"construction":8.249791299056612e-6,"pitch":5.499860866037741e-6,"residential":2.7499304330188705e-6,"scrub":2.7499304330188705e-6,"education":2.7499304330188705e-6,"building_density":0.0032201685370650975,"road_density":0.590338217576601,"edge_length":30.38554471028241,"fraction_oneway":0.4061624649859944}