{"grass":0.00014504208916579049,"forest":7.347526885372281e-5,"scrub":4.771121354137845e-5,"pitch":2.862672812482707e-5,"water":1.7176036874896243e-5,"wood":7.633794166620552e-6,"residential":7.633794166620552e-6,"playground":5.725345624965414e-6,"park":4.7711213541378446e-6,"shrubbery":4.7711213541378446e-6,"commercial":2.862672812482707e-6,"grassland":2.862672812482707e-6,"garden":2.862672812482707e-6,"sports_centre":2.862672812482707e-6,"swimming_pool":1.908448541655138e-6,"wetland":1.908448541655138e-6,"allotments":1.908448541655138e-6,"retail":1.908448541655138e-6,"farmland":9.54224270827569e-7,"meadow":9.54224270827569e-7,"water_park":9.54224270827569e-7,"outdoor_seating":9.54224270827569e-7,"nature_reserve":9.54224270827569e-7,"tree_row":9.54224270827569e-7,"building_density":0.003956213826851101,"road_density":0.4811177997423379,"fraction_oneway":0.3972055888223553}