{"grass":7.283490147272783e-5,"forest":3.352717686839853e-5,"playground":1.6185533660606186e-5,"pitch":1.3873314566233875e-5,"shrubbery":6.936657283116937e-6,"water":5.780547735930781e-6,"meadow":5.780547735930781e-6,"scrub":4.624438188744624e-6,"railway":3.4683286415584687e-6,"retail":3.4683286415584687e-6,"park":3.4683286415584687e-6,"sports_centre":3.4683286415584687e-6,"cemetery":2.312219094372312e-6,"allotments":2.312219094372312e-6,"dog_park":1.156109547186156e-6,"construction":1.156109547186156e-6,"commercial":1.156109547186156e-6,"recreation_ground":1.156109547186156e-6,"residential":1.156109547186156e-6,"industrial":1.156109547186156e-6,"building_density":0.007196781931233822,"road_density":1.0850454675206533,"edge_length":26.045003680412716,"fraction_oneway":0.39436619718309857}