{"grass":0.00015507978502827925,"water":2.618230136841078e-5,"playground":1.8126208639669003e-5,"shrubbery":1.611218545748356e-5,"forest":1.1077127502019946e-5,"garden":9.063104319834502e-6,"residential":8.05609272874178e-6,"pitch":5.035057955463612e-6,"education":4.02804636437089e-6,"meadow":3.021034773278167e-6,"scrub":3.021034773278167e-6,"beach":1.0070115910927224e-6,"farmland":1.0070115910927224e-6,"flowerbed":1.0070115910927224e-6,"park":1.0070115910927224e-6,"building_density":0.005913172062896466,"road_density":0.7618046197977024,"edge_length":21.07302010337831,"fraction_oneway":0.2892857142857143}