{"scrub":0.00051133669497085,"grass":0.00022190082989301038,"residential":0.0001505066498404766,"forest":3.859144867704528e-5,"wetland":3.4732303809340755e-5,"water":2.8943586507783963e-5,"playground":2.315486920622717e-5,"flowerbed":1.350700703696585e-5,"pitch":9.64786216926132e-6,"farmyard":7.718289735409057e-6,"wood":5.788717301556792e-6,"farmland":5.788717301556792e-6,"religious":1.929572433852264e-6,"nature_reserve":1.929572433852264e-6,"garden":1.929572433852264e-6,"allotments":1.929572433852264e-6,"building_density":0.005231070868173488,"road_density":0.5744974530346991,"fraction_oneway":0.38485804416403785}