{"shrubbery":1.876199691096584e-5,"scrub":1.1257198146579503e-5,"building_density":0.005838733438692569,"road_density":0.5812876419266073,"fraction_oneway":0.5966386554621849}