{"water":3.642564143888125e-5,"pitch":1.9689535912908783e-6,"scrub":9.844767956454392e-7,"building_density":0.0011528223277008092,"road_density":0.2113414469721111,"fraction_oneway":0.4061624649859944}