{"grass":9.064709103522842e-5,"water":3.3992659138210656e-5,"forest":3.156461205690989e-5,"pitch":1.3758933460704312e-5,"playground":1.0521537352303297e-5,"meadow":8.093490271002537e-6,"shrubbery":4.856094162601522e-6,"scrub":4.856094162601522e-6,"flowerbed":2.428047081300761e-6,"residential":2.428047081300761e-6,"allotments":1.6186980542005073e-6,"park":8.093490271002537e-7,"sports_centre":8.093490271002537e-7,"cemetery":8.093490271002537e-7,"building_density":0.003647736065140843,"road_density":0.5440528583414738,"edge_length":22.927467887927794,"fraction_oneway":0.19966722129783693}