{"water":6.950799787411501e-6,"scrub":4.07460677193088e-6,"grassland":2.03730338596544e-6,"wetland":9.587310051602071e-7,"nature_reserve":4.793655025801036e-7,"wood":3.5952412693507765e-7,"tree_row":3.5952412693507765e-7,"pitch":1.198413756450259e-7,"garden":1.198413756450259e-7,"building_density":6.687148760992445e-5,"road_density":0.019092429474407032,"fraction_oneway":0.48833333333333334}