{"scrub":1.3228522097266224e-5,"water":1.2889329222977347e-5,"playground":5.42708598862204e-6,"wetland":2.0351572457332652e-6,"park":1.35677149715551e-6,"garden":1.35677149715551e-6,"pitch":6.78385748577755e-7,"tree_row":3.391928742888775e-7,"nature_reserve":3.391928742888775e-7,"building_density":0.0015558777143630813,"road_density":0.2102394254805472,"fraction_oneway":0.3565459610027855}