{"scrub":0.00019036181010886807,"wetland":3.189307813342292e-5,"water":3.189307813342292e-5,"playground":2.2923149908397728e-5,"pitch":1.2956562991703063e-5,"garden":4.983293458347332e-6,"park":9.966586916694664e-7,"sports_centre":9.966586916694664e-7,"tree_row":9.966586916694664e-7,"building_density":0.00494940706283057,"road_density":0.5316774445988406,"fraction_oneway":0.2578125}