{"grass":0.0005460412329289552,"scrub":0.00015481628826338194,"forest":0.00010669771218151999,"water":8.996081615304627e-5,"shrubbery":5.648702409609882e-5,"playground":3.556590406050666e-5,"pitch":3.347379205694745e-5,"tree_row":1.0460560017796078e-5,"wood":4.184224007118431e-6,"park":4.184224007118431e-6,"residential":4.184224007118431e-6,"sand":4.184224007118431e-6,"track":4.184224007118431e-6,"sports_centre":2.0921120035592157e-6,"wetland":2.0921120035592157e-6,"commercial":2.0921120035592157e-6,"building_density":0.007203141628254379,"road_density":0.9009247740898805,"edge_length":19.527903238466813,"fraction_oneway":0.27586206896551724}