{"grass":3.102991898920886e-5,"water":2.7926927090287972e-5,"forest":9.308975696762657e-6,"park":7.757479747302215e-6,"residential":7.757479747302215e-6,"tree_row":4.654487848381328e-6,"cemetery":3.1029918989208856e-6,"pitch":1.5514959494604428e-6,"playground":1.5514959494604428e-6,"garden":1.5514959494604428e-6,"industrial":1.5514959494604428e-6,"building_density":0.006634196679892853,"road_density":0.5712059638738345,"fraction_oneway":0.48409090909090907}