{"water":1.3155283044887687e-5,"pitch":9.151501248617522e-6,"shrubbery":2.2878753121543806e-6,"grassland":5.719688280385952e-7,"scrub":5.719688280385952e-7,"sports_centre":5.719688280385952e-7,"building_density":7.378397881697877e-5,"road_density":0.04727144140954409,"fraction_oneway":0.552212389380531}