{"grass":0.00047110817549971803,"water":6.449695259817567e-5,"construction":4.486744528568743e-5,"forest":4.486744528568743e-5,"pitch":4.486744528568743e-5,"shrubbery":1.1216861321421857e-5,"industrial":8.412645991066393e-6,"farmland":8.412645991066393e-6,"greenfield":5.6084306607109285e-6,"meadow":5.6084306607109285e-6,"residential":5.6084306607109285e-6,"retail":2.8042153303554643e-6,"scrub":2.8042153303554643e-6,"landfill":2.8042153303554643e-6,"sports_centre":2.8042153303554643e-6,"grassland":2.8042153303554643e-6,"building_density":0.0003617437776158549,"road_density":0.23175965925139347,"edge_length":23.44592455240979,"fraction_oneway":0.552212389380531}