{"scrub":0.00051133669497085,"wetland":3.4732303809340755e-5,"water":2.8943586507783963e-5,"playground":2.315486920622717e-5,"pitch":9.64786216926132e-6,"wood":5.788717301556792e-6,"nature_reserve":1.929572433852264e-6,"garden":1.929572433852264e-6,"building_density":0.005231070868173488,"road_density":0.5744974530346991,"fraction_oneway":0.38485804416403785}