{"grass":0.0004202269396160591,"forest":0.00038400047930432985,"scrub":0.00036226460311729233,"residential":0.0002970569745561797,"water":0.000188377593620992,"wetland":0.00014490584124691693,"playground":2.8981168249383385e-5,"pitch":2.173587618703754e-5,"flowerbed":1.8113230155864616e-5,"tree_row":7.245292062345846e-6,"park":7.245292062345846e-6,"allotments":3.622646031172923e-6,"building_density":0.005781743065751985,"road_density":0.6870822390846237,"edge_length":18.25614493009183,"fraction_oneway":0.26902173913043476}