{"grass":4.933675629430949e-5,"forest":3.887138374703172e-5,"pitch":2.990106442079363e-5,"water":1.046537254727777e-5,"playground":5.980212884158726e-6,"sports_centre":2.990106442079363e-6,"park":1.4950532210396815e-6,"scrub":1.4950532210396815e-6,"allotments":1.4950532210396815e-6,"residential":1.4950532210396815e-6,"education":1.4950532210396815e-6,"building_density":0.004610744133686378,"road_density":0.5528170855617027,"edge_length":21.883420216057385,"fraction_oneway":0.4339622641509434}