{"grass":0.00015325331618141179,"forest":9.479586567922378e-5,"water":5.213772612357308e-5,"playground":1.2639448757229838e-5,"garden":1.1059517662576108e-5,"shrubbery":7.899655473268648e-6,"wetland":4.7397932839611895e-6,"residential":4.7397932839611895e-6,"scrub":4.7397932839611895e-6,"allotments":3.1598621893074594e-6,"construction":3.1598621893074594e-6,"grassland":3.1598621893074594e-6,"park":3.1598621893074594e-6,"pitch":3.1598621893074594e-6,"outdoor_seating":1.5799310946537297e-6,"religious":1.5799310946537297e-6,"orchard":1.5799310946537297e-6,"industrial":1.5799310946537297e-6,"farmland":1.5799310946537297e-6,"swimming_pool":1.5799310946537297e-6,"dog_park":1.5799310946537297e-6,"commercial":1.5799310946537297e-6,"building_density":0.0066325507353563575,"road_density":0.8525262988109741,"edge_length":23.2144699364011,"fraction_oneway":0.3023255813953488}