{"water":1.4712209442375e-5,"playground":4.0124207570113635e-6,"pitch":4.0124207570113635e-6,"park":6.687367928352273e-7,"horse_riding":6.687367928352273e-7,"fitness_station":6.687367928352273e-7,"sand":6.687367928352273e-7,"scrub":6.687367928352273e-7,"shrubbery":6.687367928352273e-7,"sports_centre":6.687367928352273e-7,"outdoor_seating":6.687367928352273e-7,"building_density":0.0017447342925071081,"road_density":0.30769312099497226,"fraction_oneway":0.2973523421588595}