{"grass":0.0005615937426490368,"scrub":0.00037505036659428676,"residential":0.00018065253260038944,"water":6.283566351317893e-5,"wetland":6.283566351317893e-5,"forest":5.694482005881841e-5,"playground":4.516313315009736e-5,"pitch":2.5526988302228944e-5,"retail":1.178168690872105e-5,"garden":9.818072423934208e-6,"commercial":5.890843454360525e-6,"religious":5.890843454360525e-6,"education":5.890843454360525e-6,"allotments":3.927228969573683e-6,"park":1.9636144847868417e-6,"sports_centre":1.9636144847868417e-6,"tree_row":1.9636144847868417e-6,"construction":1.9636144847868417e-6,"flowerbed":1.9636144847868417e-6,"building_density":0.009751309531451455,"road_density":1.0475095839478958,"edge_length":18.13009443318533,"fraction_oneway":0.2578125}