{"scrub":0.00017476224259373792,"water":9.087636614874372e-5,"wetland":6.990489703749516e-5,"playground":1.3980979407499033e-5,"pitch":1.0485734555624275e-5,"park":3.4952448518747582e-6,"tree_row":3.4952448518747582e-6,"building_density":0.0027892053917960573,"road_density":0.33145946889511035,"fraction_oneway":0.26902173913043476}