{"grass":0.000948097157785579,"water":9.564873981199647e-5,"playground":4.698534587255967e-5,"forest":3.859510553817402e-5,"scrub":3.859510553817402e-5,"tree_row":2.1814624869402703e-5,"pitch":1.8458528735648443e-5,"dog_park":1.678048066877131e-5,"swimming_pool":1.1746336468139917e-5,"sand":1.1746336468139917e-5,"park":1.0068288401262787e-5,"garden":1.0068288401262787e-5,"track":5.034144200631394e-6,"grassland":3.3560961337542623e-6,"outdoor_seating":3.3560961337542623e-6,"construction":1.6780480668771311e-6,"allotments":1.6780480668771311e-6,"residential":1.6780480668771311e-6,"retail":1.6780480668771311e-6,"sports_hall":1.6780480668771311e-6,"orchard":1.6780480668771311e-6,"building_density":0.005708719523516,"road_density":0.865570345157345,"edge_length":23.939284190081086,"fraction_oneway":0.08547008547008547}