{"water":2.5469757185030255e-6,"playground":1.2734878592515127e-6,"park":6.367439296257564e-7,"pitch":6.367439296257564e-7,"shrubbery":6.367439296257564e-7,"building_density":0.002033760111224666,"road_density":0.33406944877864453,"fraction_oneway":0.3424317617866005}