{"grass":0.00010699464115047027,"meadow":3.983012188813127e-5,"scrub":3.0458328502688615e-5,"water":2.9677345720568395e-5,"farmland":2.1867517899366187e-5,"residential":1.2495724513923534e-5,"playground":1.2495724513923534e-5,"construction":1.0152776167562873e-5,"forest":1.0152776167562873e-5,"wetland":4.685896692721325e-6,"garden":3.1239311284808836e-6,"park":3.1239311284808836e-6,"pitch":1.5619655642404418e-6,"greenfield":1.5619655642404418e-6,"commercial":1.5619655642404418e-6,"industrial":7.809827821202209e-7,"allotments":7.809827821202209e-7,"nature_reserve":7.809827821202209e-7,"religious":7.809827821202209e-7,"farmyard":7.809827821202209e-7,"tree_row":7.809827821202209e-7,"building_density":0.0035823680215854533,"road_density":0.4840708159550469,"edge_length":23.651033993609644,"fraction_oneway":0.3565459610027855}