{"water":1.9925179693754458e-5,"pitch":8.539362725894767e-6,"playground":4.269681362947383e-6,"garden":4.269681362947383e-6,"wood":2.8464542419649227e-6,"shrubbery":1.4232271209824613e-6,"marina":1.4232271209824613e-6,"building_density":0.0034669812667132757,"road_density":0.4411787210399682,"fraction_oneway":0.2648809523809524}