{"shrubbery":1.876199691096584e-5,"residential":1.500959752877267e-5,"grass":1.1257198146579503e-5,"scrub":1.1257198146579503e-5,"cemetery":3.7523993821931675e-6,"commercial":3.7523993821931675e-6,"building_density":0.005838733438692569,"road_density":0.5812876419266073,"fraction_oneway":0.5966386554621849}