{"grass":9.137836855684211e-5,"water":2.2513511093714723e-5,"playground":1.6554052274790238e-5,"garden":1.39054039108238e-5,"forest":1.1256755546857362e-5,"residential":1.0594593455865752e-5,"meadow":6.6216209099160956e-6,"pitch":3.9729725459496575e-6,"tree_row":1.324324181983219e-6,"grassland":1.324324181983219e-6,"railway":1.324324181983219e-6,"park":6.621620909916095e-7,"heath":6.621620909916095e-7,"orchard":6.621620909916095e-7,"outdoor_seating":6.621620909916095e-7,"fitness_station":6.621620909916095e-7,"retail":6.621620909916095e-7,"scrub":6.621620909916095e-7,"building_density":0.0030108510277388487,"road_density":0.4683457623903921,"fraction_oneway":0.32421052631578945}