{"water":4.362272068180935e-6,"heath":3.816988059658318e-6,"scrub":2.1811360340904676e-6,"pitch":1.744908827272374e-6,"sand":1.4177384221588039e-6,"grassland":6.543408102271402e-7,"playground":4.362272068180935e-7,"outdoor_seating":2.1811360340904675e-7,"scree":2.1811360340904675e-7,"water_park":1.0905680170452337e-7,"golf_course":1.0905680170452337e-7,"park":1.0905680170452337e-7,"sports_centre":1.0905680170452337e-7,"swimming_pool":1.0905680170452337e-7,"garden":1.0905680170452337e-7,"building_density":6.554313782441855e-5,"road_density":0.024149777342388497,"fraction_oneway":0.2994652406417112}