{"grass":6.72783268693758e-5,"forest":2.3779408634865587e-5,"shrubbery":1.91395240231845e-5,"water":1.739956729380409e-5,"garden":1.6239596140883817e-5,"scrub":9.859754799822317e-6,"park":6.379841341061499e-6,"playground":5.799855764601363e-6,"flowerbed":4.63988461168109e-6,"outdoor_seating":2.8999278823006815e-6,"wood":2.319942305840545e-6,"pitch":2.319942305840545e-6,"tree_row":1.739956729380409e-6,"railway":1.1599711529202726e-6,"sports_centre":5.799855764601363e-7,"swimming_pool":5.799855764601363e-7,"commercial":5.799855764601363e-7,"building_density":0.004746601957749756,"road_density":0.43573776494323524,"fraction_oneway":0.44591029023746703}