{"forest":5.05312320267513e-5,"grass":2.2257804583211884e-5,"pitch":8.421872004458551e-6,"water":5.414060574294783e-6,"scrub":3.007811430163768e-6,"allotments":2.4062491441310143e-6,"playground":2.4062491441310143e-6,"construction":1.2031245720655072e-6,"nature_reserve":6.015622860327536e-7,"orchard":6.015622860327536e-7,"education":6.015622860327536e-7,"cemetery":6.015622860327536e-7,"residential":6.015622860327536e-7,"sports_centre":6.015622860327536e-7,"farmland":6.015622860327536e-7,"garden":6.015622860327536e-7,"building_density":0.0017343040706324286,"road_density":0.28809399553736065,"fraction_oneway":0.49333333333333335}