{"grass":0.0002916062369029686,"forest":0.00010967491210952359,"water":0.00010193315360767487,"scrub":6.838553343299706e-5,"shrubbery":5.935348184750689e-5,"pitch":5.2902016429299615e-5,"flowerbed":2.0644689338263264e-5,"playground":2.0644689338263264e-5,"garden":1.9354396254621812e-5,"wetland":1.290293083641454e-5,"tree_row":1.1612637752773087e-5,"meadow":1.0322344669131632e-5,"sports_centre":7.741758501848725e-6,"residential":6.45146541820727e-6,"allotments":5.161172334565816e-6,"park":5.161172334565816e-6,"sand":5.161172334565816e-6,"wood":1.290293083641454e-6,"beach":1.290293083641454e-6,"bleachers":1.290293083641454e-6,"commercial":1.290293083641454e-6,"farmland":1.290293083641454e-6,"farmyard":1.290293083641454e-6,"grassland":1.290293083641454e-6,"heath":1.290293083641454e-6,"orchard":1.290293083641454e-6,"retail":1.290293083641454e-6,"building_density":0.004510864620410523,"road_density":0.6140566672861892,"edge_length":22.00308828032241,"fraction_oneway":0.08869179600886919}