{"grass":3.884137970717114e-5,"forest":2.48330132554045e-5,"water":2.5469757185030255e-6,"residential":1.910231788877269e-6,"construction":1.910231788877269e-6,"playground":1.2734878592515127e-6,"pitch":6.367439296257564e-7,"park":6.367439296257564e-7,"allotments":6.367439296257564e-7,"shrubbery":6.367439296257564e-7,"building_density":0.002033760111224666,"road_density":0.33406944877864453,"fraction_oneway":0.3424317617866005}