{"grass":0.00010958848831564952,"residential":3.273422378259661e-5,"forest":2.7041315298666764e-5,"water":1.9925179693754458e-5,"pitch":8.539362725894767e-6,"garden":4.269681362947383e-6,"playground":4.269681362947383e-6,"wood":2.8464542419649227e-6,"meadow":2.8464542419649227e-6,"shrubbery":1.4232271209824613e-6,"marina":1.4232271209824613e-6,"construction":1.4232271209824613e-6,"building_density":0.0034669812667132757,"road_density":0.4411787210399682,"fraction_oneway":0.2648809523809524}