{"grass":0.0003818188970561667,"forest":8.484864379025926e-5,"pitch":5.454555672230952e-5,"water":4.8484939308719576e-5,"shrubbery":4.242432189512963e-5,"playground":2.4242469654359788e-5,"wood":1.2121234827179894e-5,"recreation_ground":1.2121234827179894e-5,"wetland":1.2121234827179894e-5,"residential":6.060617413589947e-6,"flowerbed":6.060617413589947e-6,"sports_centre":6.060617413589947e-6,"education":6.060617413589947e-6,"park":6.060617413589947e-6,"construction":6.060617413589947e-6,"building_density":0.010387898246893169,"road_density":1.4207819524844139,"edge_length":22.55639209259892,"fraction_oneway":0.2928870292887029}