{"grass":0.00046115916642386416,"water":4.6524022099398683e-5,"playground":2.285390559268707e-5,"forest":1.8772851022564382e-5,"scrub":1.8772851022564382e-5,"tree_row":1.0610741882318999e-5,"pitch":8.97832005426992e-6,"dog_park":8.162109140245384e-6,"swimming_pool":5.713476398171768e-6,"sand":5.713476398171768e-6,"park":4.89726548414723e-6,"garden":4.89726548414723e-6,"track":2.448632742073615e-6,"grassland":1.6324218280490767e-6,"outdoor_seating":1.6324218280490767e-6,"construction":8.162109140245383e-7,"allotments":8.162109140245383e-7,"residential":8.162109140245383e-7,"retail":8.162109140245383e-7,"sports_hall":8.162109140245383e-7,"orchard":8.162109140245383e-7,"building_density":0.002776749529511479,"road_density":0.42101771487880846,"fraction_oneway":0.08547008547008547}