{"grass":4.0363548621463003e-5,"water":3.642564143888125e-5,"forest":8.860291160808952e-6,"industrial":2.9534303869363173e-6,"construction":2.9534303869363173e-6,"pitch":1.9689535912908783e-6,"residential":9.844767956454392e-7,"scrub":9.844767956454392e-7,"education":9.844767956454392e-7,"building_density":0.0011528223277008092,"road_density":0.2113414469721111,"fraction_oneway":0.4061624649859944}