{"forest":2.611063556342014e-5,"grass":2.32878641511585e-5,"pitch":6.351235677588682e-6,"shrubbery":3.528464265327046e-6,"heath":1.4113857061308183e-6,"residential":7.056928530654091e-7,"scrub":7.056928530654091e-7,"sports_centre":7.056928530654091e-7,"swimming_pool":7.056928530654091e-7,"brownfield":7.056928530654091e-7,"water":7.056928530654091e-7,"commercial":7.056928530654091e-7,"industrial":7.056928530654091e-7,"military":7.056928530654091e-7,"railway":7.056928530654091e-7,"building_density":0.001207440471594915,"road_density":0.24286526502557781,"fraction_oneway":0.36538461538461536}