{"scrub":2.8282015945205593e-5,"playground":1.2962590641552564e-5,"water":1.0605755979452098e-5,"tree_row":9.427338648401864e-6,"garden":8.248921317351631e-6,"pitch":7.070503986301398e-6,"grassland":4.713669324200932e-6,"park":4.713669324200932e-6,"shrubbery":3.535251993150699e-6,"wood":2.356834662100466e-6,"sand":2.356834662100466e-6,"wetland":1.178417331050233e-6,"outdoor_seating":1.178417331050233e-6,"building_density":0.007618468045239757,"road_density":0.7710586836734525,"fraction_oneway":0.5580524344569289}