{"grass":4.729619453264048e-5,"water":3.0603419991708544e-5,"pitch":8.346387270465968e-6,"construction":8.346387270465968e-6,"playground":8.346387270465968e-6,"forest":6.9553227253883065e-6,"meadow":6.9553227253883065e-6,"recreation_ground":5.564258180310645e-6,"residential":2.7821290901553224e-6,"farmyard":1.3910645450776612e-6,"sand":1.3910645450776612e-6,"scrub":1.3910645450776612e-6,"shrubbery":1.3910645450776612e-6,"horse_riding":1.3910645450776612e-6,"fitness_station":1.3910645450776612e-6,"outdoor_seating":1.3910645450776612e-6,"park":1.3910645450776612e-6,"sports_centre":1.3910645450776612e-6,"building_density":0.003629287398107618,"road_density":0.6400440292296863,"edge_length":26.84271337236251,"fraction_oneway":0.2973523421588595}