{"grass":0.00021035303057355005,"scrub":5.258825764338751e-5,"forest":2.4102951419885943e-5,"playground":1.5338241812654693e-5,"park":8.764709607231253e-6,"pitch":8.764709607231253e-6,"water":7.669120906327346e-6,"tree_row":6.573532205423439e-6,"garden":3.2867661027117195e-6,"wetland":2.191177401807813e-6,"residential":2.191177401807813e-6,"retail":2.191177401807813e-6,"railway":1.0955887009039066e-6,"dog_park":1.0955887009039066e-6,"commercial":1.0955887009039066e-6,"sand":1.0955887009039066e-6,"grassland":1.0955887009039066e-6,"shrubbery":1.0955887009039066e-6,"swimming_pool":1.0955887009039066e-6,"fitness_centre":1.0955887009039066e-6,"outdoor_seating":1.0955887009039066e-6,"meadow":1.0955887009039066e-6,"building_density":0.008041621064634673,"road_density":1.01854821481417,"edge_length":24.99344562581787,"fraction_oneway":0.3850687622789784}