{"grass":0.00016390541372097504,"water":4.038249323560254e-5,"playground":2.9693009732060693e-5,"garden":2.4942128174930982e-5,"forest":2.019124661780127e-5,"residential":1.9003526228518843e-5,"meadow":1.1877203892824277e-5,"pitch":7.126322335694566e-6,"tree_row":2.3754407785648554e-6,"grassland":2.3754407785648554e-6,"railway":2.3754407785648554e-6,"park":1.1877203892824277e-6,"heath":1.1877203892824277e-6,"orchard":1.1877203892824277e-6,"outdoor_seating":1.1877203892824277e-6,"fitness_station":1.1877203892824277e-6,"retail":1.1877203892824277e-6,"scrub":1.1877203892824277e-6,"building_density":0.005400564610067199,"road_density":0.8400719684693344,"edge_length":26.98270926636197,"fraction_oneway":0.32421052631578945}