{"meadow":4.007829399183309e-5,"water":1.284560704866445e-5,"grass":8.820650173416255e-6,"forest":7.621726848874241e-6,"farmland":3.425495212977187e-6,"farmyard":1.6271102261641638e-6,"tree_row":6.850990425954373e-7,"orchard":5.13824281946578e-7,"wetland":4.2818690162214835e-7,"residential":2.56912140973289e-7,"scrub":2.56912140973289e-7,"slipway":1.7127476064885933e-7,"wood":8.563738032442966e-8,"commercial":8.563738032442966e-8,"golf_course":8.563738032442966e-8,"marina":8.563738032442966e-8,"nature_reserve":8.563738032442966e-8,"pitch":8.563738032442966e-8,"cemetery":8.563738032442966e-8,"building_density":1.9867872235267684e-5,"road_density":0.011364750067700689,"fraction_oneway":0.4189189189189189}