{"grass":8.762361563087126e-5,"water":1.479359744417307e-5,"playground":1.0241721307504432e-5,"shrubbery":9.103752273337274e-6,"forest":6.258829687919375e-6,"garden":5.120860653752216e-6,"residential":4.551876136668637e-6,"pitch":2.844922585417898e-6,"education":2.2759380683343185e-6,"meadow":1.7069535512507388e-6,"scrub":1.7069535512507388e-6,"beach":5.689845170835796e-7,"farmland":5.689845170835796e-7,"flowerbed":5.689845170835796e-7,"park":5.689845170835796e-7,"building_density":0.003341077084314779,"road_density":0.4304369855736095,"fraction_oneway":0.2892857142857143}