{"scrub":0.0010238386931389538,"grass":0.0004443073573999233,"residential":0.00030135629458429583,"forest":7.727084476520406e-5,"wetland":6.954376028868365e-5,"water":5.795313357390304e-5,"playground":4.636250685912243e-5,"flowerbed":2.7044795667821418e-5,"pitch":1.9317711191301015e-5,"farmyard":1.5454168953040812e-5,"wood":1.1590626714780608e-5,"farmland":1.1590626714780608e-5,"religious":3.863542238260203e-6,"nature_reserve":3.863542238260203e-6,"garden":3.863542238260203e-6,"allotments":3.863542238260203e-6,"building_density":0.010474063007923409,"road_density":1.1503041485419605,"edge_length":18.315270235833303,"fraction_oneway":0.38485804416403785}