{"grass":7.155479848380762e-5,"forest":4.574814985030323e-5,"water":4.692117933364434e-6,"residential":3.5190884500233257e-6,"construction":3.5190884500233257e-6,"playground":2.346058966682217e-6,"pitch":1.1730294833411086e-6,"park":1.1730294833411086e-6,"allotments":1.1730294833411086e-6,"shrubbery":1.1730294833411086e-6,"building_density":0.0037466561697915004,"road_density":0.6154331351555785,"edge_length":26.76390053733775,"fraction_oneway":0.3424317617866005}