{"grass":0.0007733959769539996,"scrub":0.0006787415439536594,"forest":0.00010158036712231637,"pitch":5.6561795329471616e-5,"playground":5.425315062214624e-5,"garden":1.7314835304940292e-5,"water":9.234578829301488e-6,"park":5.77161176831343e-6,"commercial":5.77161176831343e-6,"residential":5.77161176831343e-6,"retail":5.77161176831343e-6,"sand":5.77161176831343e-6,"shrubbery":5.77161176831343e-6,"tree_row":5.77161176831343e-6,"outdoor_seating":3.462967060988058e-6,"sports_centre":2.308644707325372e-6,"swimming_pool":2.308644707325372e-6,"bleachers":2.308644707325372e-6,"education":1.154322353662686e-6,"construction":1.154322353662686e-6,"brownfield":1.154322353662686e-6,"fitness_station":1.154322353662686e-6,"allotments":1.154322353662686e-6,"building_density":0.00986714747910864,"road_density":1.0641979733616687,"edge_length":20.50452439919448,"fraction_oneway":0.310126582278481}