{"pitch":8.421872004458551e-6,"water":5.414060574294783e-6,"scrub":3.007811430163768e-6,"playground":2.4062491441310143e-6,"garden":6.015622860327536e-7,"sports_centre":6.015622860327536e-7,"nature_reserve":6.015622860327536e-7,"building_density":0.0017343040706324286,"road_density":0.28809399553736065,"fraction_oneway":0.49333333333333335}