{"grass":2.8595562275909308e-5,"forest":2.252983694465582e-5,"pitch":1.7330643803581398e-5,"water":6.06572533125349e-6,"playground":3.4661287607162797e-6,"sports_centre":1.7330643803581399e-6,"park":8.665321901790699e-7,"scrub":8.665321901790699e-7,"allotments":8.665321901790699e-7,"residential":8.665321901790699e-7,"education":8.665321901790699e-7,"building_density":0.0026723852745122517,"road_density":0.3204125399543072,"fraction_oneway":0.4339622641509434}