{"scrub":0.000439264117887508,"grass":0.00038674340814008856,"residential":4.77460997703813e-5,"water":4.297148979334317e-5,"playground":2.8647659862228784e-5,"park":9.54921995407626e-6,"wetland":4.77460997703813e-6,"pitch":4.77460997703813e-6,"retail":4.77460997703813e-6,"garden":4.77460997703813e-6,"building_density":0.007338575534707606,"road_density":1.0368359808055971,"edge_length":23.829272759652262,"fraction_oneway":0.30405405405405406}