{"grass":6.790413532760843e-5,"water":6.111372179484759e-5,"forest":2.037124059828253e-5,"park":1.6976033831902108e-5,"residential":1.6976033831902108e-5,"tree_row":1.0185620299141265e-5,"cemetery":6.790413532760844e-6,"pitch":3.395206766380422e-6,"playground":3.395206766380422e-6,"garden":3.395206766380422e-6,"industrial":3.395206766380422e-6,"building_density":0.014517904133042683,"road_density":1.2499951122758248,"edge_length":18.262135437905542,"fraction_oneway":0.48409090909090907}