{"grass":6.100055104372995e-5,"water":4.0667034029153304e-5,"scrub":2.3238305159516173e-5,"playground":1.4523940724697608e-5,"wetland":1.1619152579758087e-5,"tree_row":5.809576289879043e-6,"construction":5.809576289879043e-6,"pitch":5.809576289879043e-6,"residential":2.9047881449395216e-6,"education":2.9047881449395216e-6,"park":2.9047881449395216e-6,"allotments":2.9047881449395216e-6,"forest":2.9047881449395216e-6,"recreation_ground":2.9047881449395216e-6,"building_density":0.00983561265876522,"road_density":1.6114713355367818,"edge_length":27.65660346825543,"fraction_oneway":0.3088235294117647}