{"forest":9.442043885447318e-5,"grass":4.158995520970843e-5,"pitch":1.5736739809078862e-5,"water":1.0116475591550697e-5,"scrub":5.620264217528165e-6,"allotments":4.496211374022532e-6,"playground":4.496211374022532e-6,"construction":2.248105687011266e-6,"nature_reserve":1.124052843505633e-6,"orchard":1.124052843505633e-6,"education":1.124052843505633e-6,"cemetery":1.124052843505633e-6,"residential":1.124052843505633e-6,"sports_centre":1.124052843505633e-6,"farmland":1.124052843505633e-6,"garden":1.124052843505633e-6,"building_density":0.00324064434782674,"road_density":0.5383197756899233,"edge_length":27.005169133667973,"fraction_oneway":0.49333333333333335}