{"water":1.843649924056587e-5,"scrub":1.433949940932901e-5,"pitch":1.433949940932901e-5,"garden":6.14549974685529e-6,"shrubbery":2.04849991561843e-6,"sports_centre":2.04849991561843e-6,"tree_row":2.04849991561843e-6,"outdoor_seating":2.04849991561843e-6,"building_density":0.0008419334653191747,"road_density":0.19460562058612674,"fraction_oneway":0.3568904593639576}