{"grass":4.909866891150996e-5,"water":1.8412000841816233e-5,"forest":1.7096857924543646e-5,"pitch":7.452476531211333e-6,"playground":5.698952641514548e-6,"meadow":4.3838097242419604e-6,"shrubbery":2.6302858345451764e-6,"scrub":2.6302858345451764e-6,"flowerbed":1.3151429172725882e-6,"residential":1.3151429172725882e-6,"allotments":8.76761944848392e-7,"park":4.38380972424196e-7,"sports_centre":4.38380972424196e-7,"cemetery":4.38380972424196e-7,"building_density":0.0019757830427158517,"road_density":0.29468426241816614,"fraction_oneway":0.19966722129783693}