{"shrubbery":3.513184234483376e-5,"scrub":2.4153141612073214e-5,"water":1.829783455460092e-5,"garden":2.927653528736147e-6,"grassland":2.927653528736147e-6,"tree_row":2.927653528736147e-6,"outdoor_seating":2.19574014655211e-6,"park":2.19574014655211e-6,"pitch":1.4638267643680735e-6,"fitness_station":1.4638267643680735e-6,"wetland":7.319133821840367e-7,"playground":7.319133821840367e-7,"sand":7.319133821840367e-7,"sports_centre":7.319133821840367e-7,"building_density":0.0012391293560375743,"road_density":0.1811348592902135,"fraction_oneway":0.502865329512894}