{"grass":0.00011896757056948774,"forest":7.221377824451395e-5,"water":2.684871242424237e-5,"farmland":1.6201809221525566e-5,"scrub":1.5738900386624837e-5,"grassland":7.869450193312419e-6,"wetland":3.703270679205844e-6,"construction":2.3145441745036525e-6,"meadow":2.3145441745036525e-6,"residential":2.3145441745036525e-6,"farmyard":1.851635339602922e-6,"nature_reserve":1.851635339602922e-6,"wood":1.3887265047021915e-6,"tree_row":1.3887265047021915e-6,"commercial":9.25817669801461e-7,"orchard":9.25817669801461e-7,"industrial":9.25817669801461e-7,"retail":4.629088349007305e-7,"pitch":4.629088349007305e-7,"garden":4.629088349007305e-7,"stockpile":4.629088349007305e-7,"building_density":0.00025830312987460763,"road_density":0.07374793752034968,"edge_length":26.861266484154207,"fraction_oneway":0.48833333333333334}