{"scrub":1.45309070914949e-5,"water":6.57714742036085e-6,"pitch":2.4473106680412463e-6,"playground":1.0706984172680453e-6,"garden":9.177415005154674e-7,"tree_row":7.647845837628895e-7,"park":4.588707502577337e-7,"wood":3.059138335051558e-7,"grassland":3.059138335051558e-7,"outdoor_seating":3.059138335051558e-7,"sports_centre":1.529569167525779e-7,"dog_park":1.529569167525779e-7,"building_density":0.0007441354000012915,"road_density":0.1256760433805949,"fraction_oneway":0.408179012345679}