{"grass":0.00022208691944698174,"residential":6.633765126338415e-5,"forest":5.4800668434969516e-5,"water":4.0379439899451224e-5,"pitch":1.7305474242621954e-5,"garden":8.652737121310977e-6,"playground":8.652737121310977e-6,"wood":5.7684914142073176e-6,"meadow":5.7684914142073176e-6,"shrubbery":2.8842457071036588e-6,"marina":2.8842457071036588e-6,"construction":2.8842457071036588e-6,"building_density":0.0070260225425045125,"road_density":0.8940722204243969,"edge_length":22.053554529806078,"fraction_oneway":0.2648809523809524}