{"forest":4.166403717560389e-5,"grass":3.715981694040347e-5,"pitch":1.0134495529200946e-5,"shrubbery":5.630275294000526e-6,"heath":2.2521101176002103e-6,"residential":1.1260550588001051e-6,"scrub":1.1260550588001051e-6,"sports_centre":1.1260550588001051e-6,"swimming_pool":1.1260550588001051e-6,"brownfield":1.1260550588001051e-6,"water":1.1260550588001051e-6,"commercial":1.1260550588001051e-6,"industrial":1.1260550588001051e-6,"military":1.1260550588001051e-6,"railway":1.1260550588001051e-6,"building_density":0.0019266802056069799,"road_density":0.3875335552867388,"edge_length":28.374269579904425,"fraction_oneway":0.36538461538461536}