{"grass":0.0005056919636497996,"forest":0.00025846478142100865,"scrub":7.866319434552438e-5,"outdoor_seating":2.2475198384435535e-5,"water":1.1237599192217767e-5,"construction":1.1237599192217767e-5,"wood":1.1237599192217767e-5,"industrial":1.1237599192217767e-5,"park":1.1237599192217767e-5,"shrubbery":1.1237599192217767e-5,"building_density":0.005989640369452071,"road_density":0.9772692778338274,"edge_length":27.416217028531186,"fraction_oneway":0.4795539033457249}