{"grass":0.0003412679968843714,"water":4.772978977403796e-5,"forest":4.2956810796634164e-5,"pitch":2.8637873864422776e-5,"scrub":2.6251384375720878e-5,"residential":1.6705426420913286e-5,"wetland":7.159468466105694e-6,"sports_centre":4.772978977403796e-6,"meadow":4.772978977403796e-6,"wood":2.386489488701898e-6,"cemetery":2.386489488701898e-6,"education":2.386489488701898e-6,"farmland":2.386489488701898e-6,"farmyard":2.386489488701898e-6,"outdoor_seating":2.386489488701898e-6,"animal_keeping":2.386489488701898e-6,"building_density":0.00445080289642904,"road_density":0.699226656839739,"edge_length":23.514752309760652,"fraction_oneway":0.41013824884792627}