{"grass":0.000161747775709016,"forest":3.594395015755911e-5,"pitch":2.3106825101288e-5,"water":2.0539400090033777e-5,"shrubbery":1.7971975078779555e-5,"playground":1.0269700045016888e-5,"wood":5.134850022508444e-6,"recreation_ground":5.134850022508444e-6,"wetland":5.134850022508444e-6,"residential":2.567425011254222e-6,"flowerbed":2.567425011254222e-6,"sports_centre":2.567425011254222e-6,"education":2.567425011254222e-6,"park":2.567425011254222e-6,"construction":2.567425011254222e-6,"building_density":0.004400566469289737,"road_density":0.6018778073942771,"fraction_oneway":0.2928870292887029}