{"grass":0.00011704875710450806,"scrub":3.696276540142359e-5,"forest":1.8481382700711797e-5,"playground":1.694126747565248e-5,"water":1.3861037025533848e-5,"tree_row":1.2320921800474531e-5,"garden":1.0780806575415216e-5,"flowerbed":1.0780806575415216e-5,"pitch":9.240691350355898e-6,"park":6.1604609002372655e-6,"grassland":6.1604609002372655e-6,"meadow":6.1604609002372655e-6,"construction":4.620345675177949e-6,"shrubbery":4.620345675177949e-6,"residential":4.620345675177949e-6,"wood":3.0802304501186328e-6,"sand":3.0802304501186328e-6,"commercial":3.0802304501186328e-6,"railway":1.5401152250593164e-6,"outdoor_seating":1.5401152250593164e-6,"industrial":1.5401152250593164e-6,"wetland":1.5401152250593164e-6,"retail":1.5401152250593164e-6,"building_density":0.009956844930008481,"road_density":1.007723823173353,"edge_length":20.53210624996032,"fraction_oneway":0.5580524344569289}