{"grass":2.2737050956397728e-5,"water":1.4712209442375e-5,"pitch":4.0124207570113635e-6,"construction":4.0124207570113635e-6,"playground":4.0124207570113635e-6,"forest":3.3436839641761364e-6,"meadow":3.3436839641761364e-6,"recreation_ground":2.6749471713409093e-6,"residential":1.3374735856704546e-6,"farmyard":6.687367928352273e-7,"sand":6.687367928352273e-7,"scrub":6.687367928352273e-7,"shrubbery":6.687367928352273e-7,"horse_riding":6.687367928352273e-7,"fitness_station":6.687367928352273e-7,"outdoor_seating":6.687367928352273e-7,"park":6.687367928352273e-7,"sports_centre":6.687367928352273e-7,"building_density":0.0017447342925071081,"road_density":0.30769312099497226,"fraction_oneway":0.2973523421588595}