{"grass":0.00024245407265736666,"forest":0.0001228221289119555,"scrub":7.975462916360745e-5,"pitch":4.785277749816448e-5,"water":2.8711666498898684e-5,"wood":1.2760740666177194e-5,"residential":1.2760740666177194e-5,"playground":9.570555499632895e-6,"park":7.975462916360745e-6,"shrubbery":7.975462916360745e-6,"commercial":4.785277749816448e-6,"grassland":4.785277749816448e-6,"garden":4.785277749816448e-6,"sports_centre":4.785277749816448e-6,"swimming_pool":3.1901851665442984e-6,"wetland":3.1901851665442984e-6,"allotments":3.1901851665442984e-6,"retail":3.1901851665442984e-6,"farmland":1.5950925832721492e-6,"meadow":1.5950925832721492e-6,"water_park":1.5950925832721492e-6,"outdoor_seating":1.5950925832721492e-6,"nature_reserve":1.5950925832721492e-6,"tree_row":1.5950925832721492e-6,"building_density":0.00661325385024633,"road_density":0.8042422075301568,"edge_length":22.179115062891558,"fraction_oneway":0.3972055888223553}