{"grass":1.1014207741911225e-5,"water":1.0366313168857622e-5,"forest":9.718418595804021e-6,"residential":6.478945730536014e-7,"construction":6.478945730536014e-7,"wood":6.478945730536014e-7,"greenfield":6.478945730536014e-7,"industrial":6.478945730536014e-7,"building_density":0.0007295292892583551,"road_density":0.23026338004497007,"fraction_oneway":0.40234375}