{"scrub":8.889866362511912e-5,"water":1.1899821115173425e-5,"pitch":1.1899821115173425e-5,"playground":4.199936864178856e-6,"garden":3.1499526481341417e-6,"tree_row":2.4499631707709993e-6,"sand":1.049984216044714e-6,"park":1.049984216044714e-6,"sports_centre":1.049984216044714e-6,"outdoor_seating":6.999894773631426e-7,"wetland":6.999894773631426e-7,"wood":3.499947386815713e-7,"grassland":3.499947386815713e-7,"dog_park":3.499947386815713e-7,"building_density":0.00204256929494565,"road_density":0.2723960853112751,"fraction_oneway":0.44595821980018163}