{"grass":0.00013219416841168851,"water":1.848869488275364e-5,"forest":1.6639825394478275e-5,"pitch":1.1093216929652185e-5,"scrub":1.0168782185514502e-5,"residential":6.471043208963774e-6,"wetland":2.773304232413046e-6,"sports_centre":1.848869488275364e-6,"meadow":1.848869488275364e-6,"wood":9.24434744137682e-7,"cemetery":9.24434744137682e-7,"education":9.24434744137682e-7,"farmland":9.24434744137682e-7,"farmyard":9.24434744137682e-7,"outdoor_seating":9.24434744137682e-7,"animal_keeping":9.24434744137682e-7,"building_density":0.001724070797816777,"road_density":0.27085366127528454,"fraction_oneway":0.41013824884792627}