{"grass":0.0004611251615654698,"water":5.764064519568373e-5,"scrub":4.4831612929976235e-5,"pitch":4.4831612929976235e-5,"forest":3.8427096797122485e-5,"garden":1.9213548398561243e-5,"residential":6.404516132853747e-6,"outdoor_seating":6.404516132853747e-6,"commercial":6.404516132853747e-6,"shrubbery":6.404516132853747e-6,"sports_centre":6.404516132853747e-6,"tree_row":6.404516132853747e-6,"building_density":0.0026322561306028904,"road_density":0.6084231818050121,"edge_length":26.595488929066278,"fraction_oneway":0.3568904593639576}