{"grass":0.0004191887780503516,"garden":0.0003548814086903545,"shrubbery":0.00017863158155554757,"water":6.788000099110807e-5,"playground":2.6199298628146975e-5,"forest":2.381754420740634e-5,"scrub":1.548140373481412e-5,"flowerbed":1.190877210370317e-5,"pitch":3.572631631110951e-6,"park":3.572631631110951e-6,"wetland":2.3817544207406342e-6,"schoolyard":1.1908772103703171e-6,"sand":1.1908772103703171e-6,"retail":1.1908772103703171e-6,"residential":1.1908772103703171e-6,"outdoor_seating":1.1908772103703171e-6,"building_density":0.005706683592094559,"road_density":0.8379352527550645,"edge_length":22.51899732130554,"fraction_oneway":0.2840909090909091}