{"scrub":5.8531878987063303e-5,"water":3.401176751950976e-5,"shrubbery":2.1356226116901475e-5,"playground":1.3446512740271299e-5,"pitch":1.2655541402608282e-5,"tree_row":3.954856688315088e-6,"park":1.5819426753260352e-6,"sand":1.5819426753260352e-6,"track":1.5819426753260352e-6,"wood":1.5819426753260352e-6,"wetland":7.909713376630176e-7,"sports_centre":7.909713376630176e-7,"building_density":0.0027233143155737695,"road_density":0.34061545102905627,"fraction_oneway":0.27586206896551724}