{"grass":0.0005463833291201405,"scrub":0.0004795125336158845,"forest":7.176378054115279e-5,"pitch":3.995937780132371e-5,"playground":3.8328382789024785e-5,"garden":1.2232462592241952e-5,"water":6.5239800491957075e-6,"park":4.0774875307473175e-6,"commercial":4.0774875307473175e-6,"residential":4.0774875307473175e-6,"retail":4.0774875307473175e-6,"sand":4.0774875307473175e-6,"shrubbery":4.0774875307473175e-6,"tree_row":4.0774875307473175e-6,"outdoor_seating":2.4464925184483904e-6,"sports_centre":1.6309950122989269e-6,"swimming_pool":1.6309950122989269e-6,"bleachers":1.6309950122989269e-6,"education":8.154975061494634e-7,"construction":8.154975061494634e-7,"brownfield":8.154975061494634e-7,"fitness_station":8.154975061494634e-7,"allotments":8.154975061494634e-7,"building_density":0.006970872682565614,"road_density":0.7518270702911084,"fraction_oneway":0.310126582278481}