{"scrub":0.00016663918036897266,"water":1.630165894913863e-5,"playground":1.0867772632759087e-5,"park":3.6225908775863625e-6,"garden":1.8112954387931812e-6,"pitch":1.8112954387931812e-6,"wetland":1.8112954387931812e-6,"building_density":0.0027839610894251194,"road_density":0.3933339669295535,"fraction_oneway":0.30405405405405406}