{"grass":0.00018568732561866593,"forest":6.563086508935606e-5,"shrubbery":5.282484263289634e-5,"water":4.802258421172395e-5,"garden":4.482107859760902e-5,"scrub":2.7212797719976904e-5,"park":1.7608280877632115e-5,"playground":1.600752807057465e-5,"flowerbed":1.280602245645972e-5,"outdoor_seating":8.003764035287324e-6,"wood":6.40301122822986e-6,"pitch":6.40301122822986e-6,"tree_row":4.802258421172395e-6,"railway":3.20150561411493e-6,"sports_centre":1.600752807057465e-6,"swimming_pool":1.600752807057465e-6,"commercial":1.600752807057465e-6,"building_density":0.013100560972958293,"road_density":1.2026306837335135,"edge_length":18.35101836221539,"fraction_oneway":0.44591029023746703}