{"grass":2.8543335365584005e-5,"water":1.902889024372267e-5,"scrub":1.0873651567841525e-5,"playground":6.796032229900953e-6,"wetland":5.436825783920762e-6,"tree_row":2.718412891960381e-6,"construction":2.718412891960381e-6,"pitch":2.718412891960381e-6,"residential":1.3592064459801906e-6,"education":1.3592064459801906e-6,"park":1.3592064459801906e-6,"allotments":1.3592064459801906e-6,"forest":1.3592064459801906e-6,"recreation_ground":1.3592064459801906e-6,"building_density":0.004602273026088926,"road_density":0.7540385451481879,"fraction_oneway":0.3088235294117647}