{"grass":2.7056393649766185e-5,"water":2.546484108213288e-5,"forest":2.3873288514499577e-5,"residential":1.591552567633305e-6,"construction":1.591552567633305e-6,"wood":1.591552567633305e-6,"greenfield":1.591552567633305e-6,"industrial":1.591552567633305e-6,"building_density":0.0017920881911551016,"road_density":0.5656418327680243,"edge_length":44.54782462149264,"fraction_oneway":0.40234375}