{"scrub":2.9774116762021e-5,"outdoor_seating":8.506890503434572e-6,"park":4.253445251717286e-6,"shrubbery":4.253445251717286e-6,"water":4.253445251717286e-6,"wood":4.253445251717286e-6,"building_density":0.0022670863191653133,"road_density":0.3698976354602595,"fraction_oneway":0.4795539033457249}