{"playground":7.854251776793444e-6,"pitch":6.732215808680095e-6,"shrubbery":3.3661079043400474e-6,"water":2.805089920283373e-6,"scrub":2.2440719362266983e-6,"sports_centre":1.6830539521700237e-6,"park":1.6830539521700237e-6,"dog_park":5.610179840566746e-7,"building_density":0.0034923369507527994,"road_density":0.5265331665843008,"fraction_oneway":0.39436619718309857}