{"forest":0.0001863830061780226,"grass":5.807969031043197e-5,"water":2.1119887385611626e-5,"heath":1.8479901462410172e-5,"scrub":1.0559943692805813e-5,"pitch":8.44795495424465e-6,"sand":6.863963400323778e-6,"military":3.6959802924820345e-6,"residential":3.167983107841744e-6,"grassland":3.167983107841744e-6,"playground":2.1119887385611626e-6,"railway":2.1119887385611626e-6,"cemetery":1.583991553920872e-6,"industrial":1.0559943692805813e-6,"commercial":1.0559943692805813e-6,"outdoor_seating":1.0559943692805813e-6,"scree":1.0559943692805813e-6,"education":1.0559943692805813e-6,"water_park":5.279971846402906e-7,"brownfield":5.279971846402906e-7,"garages":5.279971846402906e-7,"garden":5.279971846402906e-7,"golf_course":5.279971846402906e-7,"park":5.279971846402906e-7,"sports_centre":5.279971846402906e-7,"swimming_pool":5.279971846402906e-7,"allotments":5.279971846402906e-7,"building_density":0.00031732630796881467,"road_density":0.11692085451963267,"edge_length":30.514288701155074,"fraction_oneway":0.2994652406417112}