{"grass":0.00015611700415176584,"scrub":3.902925103794146e-5,"forest":1.788840672572317e-5,"playground":1.1383531552732927e-5,"park":6.504875172990244e-6,"pitch":6.504875172990244e-6,"water":5.6917657763664635e-6,"tree_row":4.8786563797426825e-6,"garden":2.4393281898713413e-6,"wetland":1.626218793247561e-6,"residential":1.626218793247561e-6,"retail":1.626218793247561e-6,"railway":8.131093966237805e-7,"dog_park":8.131093966237805e-7,"commercial":8.131093966237805e-7,"sand":8.131093966237805e-7,"grassland":8.131093966237805e-7,"shrubbery":8.131093966237805e-7,"swimming_pool":8.131093966237805e-7,"fitness_centre":8.131093966237805e-7,"outdoor_seating":8.131093966237805e-7,"meadow":8.131093966237805e-7,"building_density":0.005968222971218549,"road_density":0.7559325170992418,"fraction_oneway":0.3850687622789784}