{"meadow":0.00010491172501879332,"water":3.362555289063889e-5,"grass":2.30895463182387e-5,"forest":1.995116138177907e-5,"farmland":8.966814104170369e-6,"farmyard":4.259236699480926e-6,"tree_row":1.7933628208340738e-6,"orchard":1.3450221156255553e-6,"wetland":1.120851763021296e-6,"residential":6.725110578127777e-7,"scrub":6.725110578127777e-7,"slipway":4.4834070520851846e-7,"wood":2.2417035260425923e-7,"commercial":2.2417035260425923e-7,"golf_course":2.2417035260425923e-7,"marina":2.2417035260425923e-7,"nature_reserve":2.2417035260425923e-7,"pitch":2.2417035260425923e-7,"cemetery":2.2417035260425923e-7,"building_density":5.200752180418814e-5,"road_density":0.029749158840266163,"edge_length":26.036456772099033,"fraction_oneway":0.4189189189189189}