{"grass":0.0002368195982010413,"garden":0.00020048931893156338,"shrubbery":0.00010091744241521646,"water":3.834862811778226e-5,"playground":1.4801224887565082e-5,"forest":1.3455658988695529e-5,"scrub":8.746178342652094e-6,"flowerbed":6.7278294943477644e-6,"pitch":2.018348848304329e-6,"park":2.018348848304329e-6,"wetland":1.3455658988695528e-6,"schoolyard":6.727829494347764e-7,"sand":6.727829494347764e-7,"retail":6.727829494347764e-7,"residential":6.727829494347764e-7,"outdoor_seating":6.727829494347764e-7,"building_density":0.0032239758936914486,"road_density":0.47338931828968583,"fraction_oneway":0.2840909090909091}