{"water":2.7505187779730667e-5,"playground":6.667924310237738e-6,"garden":5.8344337714580206e-6,"shrubbery":4.167452693898586e-6,"wetland":2.5004716163391516e-6,"scrub":2.5004716163391516e-6,"park":1.6669810775594345e-6,"grassland":1.6669810775594345e-6,"pitch":1.6669810775594345e-6,"dog_park":8.334905387797173e-7,"outdoor_seating":8.334905387797173e-7,"swimming_pool":8.334905387797173e-7,"building_density":0.003498993281797253,"road_density":0.4497491102772249,"fraction_oneway":0.3023255813953488}