{"pitch":1.4382164558110664e-5,"scrub":1.027297468436476e-5,"water":8.218379747491807e-6,"wood":4.1091898737459035e-6,"playground":2.0545949368729518e-6,"miniature_golf":2.0545949368729518e-6,"grassland":2.0545949368729518e-6,"building_density":0.0008855304177922422,"road_density":0.15035956392885816,"fraction_oneway":0.17647058823529413}