{"grass":5.3562838864272174e-5,"forest":1.4629497839580946e-5,"water":1.2033941771268197e-5,"tree_row":9.674345345529335e-6,"shrubbery":6.370910349494928e-6,"farmland":6.134950706921042e-6,"pitch":3.7753542811821794e-6,"track":2.8315157108866346e-6,"static_caravan":2.359596425738862e-6,"garden":1.8876771405910897e-6,"orchard":1.179798212869431e-6,"farmyard":9.438385702955448e-7,"residential":9.438385702955448e-7,"meadow":7.078789277216587e-7,"sports_centre":4.719192851477724e-7,"education":4.719192851477724e-7,"industrial":2.359596425738862e-7,"grassland":2.359596425738862e-7,"cemetery":2.359596425738862e-7,"playground":2.359596425738862e-7,"basin":2.359596425738862e-7,"allotments":2.359596425738862e-7,"building_density":0.0010738523333537562,"road_density":0.16974002233312985,"fraction_oneway":0.18441558441558442}