{"grass":5.746317391355389e-5,"forest":4.213966086993952e-5,"pitch":1.7238952174066166e-5,"water":1.053491521748488e-5,"playground":2.8731586956776946e-6,"swimming_pool":2.8731586956776946e-6,"sports_centre":1.915439130451796e-6,"scrub":1.915439130451796e-6,"industrial":1.915439130451796e-6,"shrubbery":9.57719565225898e-7,"heath":9.57719565225898e-7,"outdoor_seating":9.57719565225898e-7,"farmland":9.57719565225898e-7,"retail":9.57719565225898e-7,"building_density":0.0026193630108928313,"road_density":0.39981701036179396,"edge_length":23.841674893178634,"fraction_oneway":0.2673107890499195}