{"grass":0.00016568065005083263,"water":6.976027370561374e-5,"forest":4.883219159392962e-5,"tree_row":1.918407526904378e-5,"playground":1.5696061583763093e-5,"pitch":1.3952054741122748e-5,"allotments":6.976027370561374e-6,"farmland":3.488013685280687e-6,"park":3.488013685280687e-6,"fitness_station":1.7440068426403436e-6,"shrubbery":1.7440068426403436e-6,"construction":1.7440068426403436e-6,"railway":1.7440068426403436e-6,"garden":1.7440068426403436e-6,"building_density":0.0058197508338908265,"road_density":0.7766058624854957,"edge_length":20.674115767048427,"fraction_oneway":0.2764423076923077}