{"tree_row":1.167135851724218e-5,"shrubbery":6.669347724138389e-6,"water":5.002010793103792e-6,"grassland":1.6673369310345972e-6,"playground":1.6673369310345972e-6,"building_density":0.0014956012271380337,"road_density":0.31150203449471087,"fraction_oneway":0.11555555555555555}