{"water":1.2033941771268197e-5,"tree_row":9.674345345529335e-6,"shrubbery":6.370910349494928e-6,"pitch":3.7753542811821794e-6,"track":2.8315157108866346e-6,"garden":1.8876771405910897e-6,"sports_centre":4.719192851477724e-7,"playground":2.359596425738862e-7,"grassland":2.359596425738862e-7,"building_density":0.0010738523333537562,"road_density":0.16974002233312985,"fraction_oneway":0.18441558441558442}