{"grass":0.00011283407414579773,"forest":6.872620879789498e-5,"playground":3.077292931249029e-6,"water":2.051528620832686e-6,"park":1.025764310416343e-6,"grassland":1.025764310416343e-6,"shrubbery":1.025764310416343e-6,"slipway":1.025764310416343e-6,"garden":1.025764310416343e-6,"building_density":0.003358352352303107,"road_density":0.5405393547354133,"edge_length":25.31404758473919,"fraction_oneway":0.2624254473161034}