{"grass":0.0003462610379554513,"water":4.556066288887517e-5,"forest":4.1004596599987656e-5,"shrubbery":3.189246402221262e-5,"scrub":1.3668198866662551e-5,"outdoor_seating":9.112132577775034e-6,"wetland":9.112132577775034e-6,"wood":4.556066288887517e-6,"construction":4.556066288887517e-6,"industrial":4.556066288887517e-6,"playground":4.556066288887517e-6,"residential":4.556066288887517e-6,"slipway":4.556066288887517e-6,"coastline":4.556066288887517e-6,"building_density":0.010852549900130065,"road_density":1.3815304555028138,"edge_length":21.59749197082465,"fraction_oneway":0.28329297820823246}