{"grass":5.242791777174234e-5,"forest":4.628402115786629e-5,"water":1.3516572550527323e-5,"beach":5.324710398692581e-6,"wetland":4.505524183509108e-6,"farmland":3.6863379683256336e-6,"scrub":3.2767448607338964e-6,"grassland":2.0479655379586854e-6,"coastline":1.6383724303669482e-6,"park":1.6383724303669482e-6,"pitch":1.6383724303669482e-6,"playground":8.191862151834741e-7,"farmyard":8.191862151834741e-7,"residential":8.191862151834741e-7,"retail":4.0959310759173706e-7,"swimming_pool":4.0959310759173706e-7,"construction":4.0959310759173706e-7,"education":4.0959310759173706e-7,"building_density":0.0011235138941241348,"road_density":0.18253675629341107,"fraction_oneway":0.02027027027027027}