{"grass":0.00014476657225272362,"forest":9.078581649747076e-5,"tree_row":2.4536707161478582e-5,"water":1.9629365729182864e-5,"farmland":9.814682864591432e-6,"playground":7.361012148443574e-6,"meadow":4.907341432295716e-6,"pitch":4.907341432295716e-6,"allotments":2.453670716147858e-6,"outdoor_seating":2.453670716147858e-6,"construction":2.453670716147858e-6,"grassland":2.453670716147858e-6,"religious":2.453670716147858e-6,"residential":2.453670716147858e-6,"scrub":2.453670716147858e-6,"garden":2.453670716147858e-6,"industrial":2.453670716147858e-6,"building_density":0.003079356748765562,"road_density":0.4509333854130479,"edge_length":21.494631078588977,"fraction_oneway":0.22127659574468084}