{"pitch":1.1842932299628853e-5,"water":7.237347516439854e-6,"swimming_pool":1.973822049938142e-6,"playground":1.973822049938142e-6,"scrub":1.315881366625428e-6,"sports_centre":1.315881366625428e-6,"outdoor_seating":6.57940683312714e-7,"heath":6.57940683312714e-7,"shrubbery":6.57940683312714e-7,"building_density":0.0017994677688602729,"road_density":0.27466900181311216,"fraction_oneway":0.2673107890499195}