{"grass":8.419492068274185e-5,"shrubbery":1.423012743933665e-5,"wetland":8.30090767294638e-6,"water":8.30090767294638e-6,"garden":7.115063719668325e-6,"park":5.929219766390271e-6,"coastline":5.929219766390271e-6,"construction":5.929219766390271e-6,"tree_row":4.743375813112217e-6,"playground":3.5575318598341626e-6,"forest":3.5575318598341626e-6,"residential":2.3716879065561085e-6,"outdoor_seating":1.1858439532780543e-6,"industrial":1.1858439532780543e-6,"marina":1.1858439532780543e-6,"brownfield":1.1858439532780543e-6,"pitch":1.1858439532780543e-6,"building_density":0.00773407426327947,"road_density":0.9769900928671138,"edge_length":22.27779596715851,"fraction_oneway":0.25146198830409355}