{"grass":4.1327581898352724e-5,"water":1.8367814177045657e-5,"static_caravan":7.653255907102357e-6,"forest":4.591953544261414e-6,"grassland":1.5306511814204715e-6,"farmland":1.5306511814204715e-6,"construction":1.5306511814204715e-6,"playground":1.5306511814204715e-6,"retail":7.653255907102357e-7,"residential":7.653255907102357e-7,"garden":7.653255907102357e-7,"building_density":0.0013615142258735092,"road_density":0.2604490511103535,"fraction_oneway":0.08544303797468354}