{"playground":1.7234532881742976e-6,"water":1.1489688587828652e-6,"grassland":5.744844293914326e-7,"park":5.744844293914326e-7,"garden":5.744844293914326e-7,"shrubbery":5.744844293914326e-7,"slipway":5.744844293914326e-7,"building_density":0.0018808620218275503,"road_density":0.30273176753707365,"fraction_oneway":0.2624254473161034}