{"shrubbery":7.11686082521259e-6,"wetland":4.151502148040678e-6,"water":4.151502148040678e-6,"garden":3.558430412606295e-6,"coastline":2.9653586771719125e-6,"park":2.9653586771719125e-6,"tree_row":2.37228694173753e-6,"playground":1.7792152063031475e-6,"pitch":5.930717354343825e-7,"outdoor_seating":5.930717354343825e-7,"marina":5.930717354343825e-7,"building_density":0.0038680138585030425,"road_density":0.4886184293280579,"fraction_oneway":0.25146198830409355}