{"grass":0.0001086737647238458,"forest":2.9681821202107667e-5,"water":2.441569163399179e-5,"tree_row":1.9628301117522812e-5,"shrubbery":1.2925954394466242e-5,"farmland":1.2447215342819344e-5,"pitch":7.659824826350366e-6,"track":5.744868619762774e-6,"static_caravan":4.7873905164689784e-6,"garden":3.829912413175183e-6,"orchard":2.3936952582344892e-6,"farmyard":1.9149562065875915e-6,"residential":1.9149562065875915e-6,"meadow":1.4362171549406935e-6,"sports_centre":9.574781032937957e-7,"education":9.574781032937957e-7,"industrial":4.787390516468979e-7,"grassland":4.787390516468979e-7,"cemetery":4.787390516468979e-7,"playground":4.787390516468979e-7,"basin":4.787390516468979e-7,"allotments":4.787390516468979e-7,"building_density":0.0021787414240450323,"road_density":0.34438591460758156,"edge_length":24.174493320647375,"fraction_oneway":0.18441558441558442}