{"grass":0.00014534732154285486,"forest":0.00013975703994505276,"pitch":3.913197118461477e-5,"scrub":2.795140798901055e-5,"water":2.236112639120844e-5,"wood":1.118056319560422e-5,"farmland":1.118056319560422e-5,"orchard":5.59028159780211e-6,"grassland":5.59028159780211e-6,"miniature_golf":5.59028159780211e-6,"cemetery":5.59028159780211e-6,"playground":5.59028159780211e-6,"residential":5.59028159780211e-6,"building_density":0.0024094113686527097,"road_density":0.40910852460502395,"edge_length":22.608000002632476,"fraction_oneway":0.17647058823529413}