{"grass":6.589102294690465e-5,"water":2.7743588609223013e-5,"forest":1.942051202645611e-5,"tree_row":7.629486867536329e-6,"playground":6.2423074370751785e-6,"pitch":5.548717721844603e-6,"allotments":2.7743588609223015e-6,"farmland":1.3871794304611507e-6,"park":1.3871794304611507e-6,"fitness_station":6.935897152305754e-7,"shrubbery":6.935897152305754e-7,"construction":6.935897152305754e-7,"railway":6.935897152305754e-7,"garden":6.935897152305754e-7,"building_density":0.00231450887972443,"road_density":0.30885534726012087,"fraction_oneway":0.2764423076923077}