{"grass":0.0001281284761000971,"static_caravan":3.1250847829291975e-5,"forest":2.5000678263433578e-5,"tree_row":2.187559348050438e-5,"shrubbery":1.2500339131716789e-5,"water":9.375254348787592e-6,"playground":3.1250847829291973e-6,"residential":3.1250847829291973e-6,"orchard":3.1250847829291973e-6,"education":3.1250847829291973e-6,"farmyard":3.1250847829291973e-6,"grassland":3.1250847829291973e-6,"industrial":3.1250847829291973e-6,"cemetery":3.1250847829291973e-6,"building_density":0.0028032010502874903,"road_density":0.5838473614609256,"edge_length":28.907022586317005,"fraction_oneway":0.11555555555555555}