{"grass":0.00011139108305382963,"forest":9.833744050845898e-5,"water":2.8718013599815452e-5,"beach":1.1313156872654572e-5,"wetland":9.572671199938485e-6,"farmland":7.832185527222397e-6,"scrub":6.961942690864352e-6,"grassland":4.35121418179022e-6,"coastline":3.480971345432176e-6,"park":3.480971345432176e-6,"pitch":3.480971345432176e-6,"playground":1.740485672716088e-6,"farmyard":1.740485672716088e-6,"residential":1.740485672716088e-6,"retail":8.70242836358044e-7,"swimming_pool":8.70242836358044e-7,"construction":8.70242836358044e-7,"education":8.70242836358044e-7,"building_density":0.002387076100130115,"road_density":0.3878270937476578,"edge_length":24.16778073548736,"fraction_oneway":0.02027027027027027}