{"grass":9.27266820646112e-5,"water":4.121185869538275e-5,"static_caravan":1.7171607789742816e-5,"forest":1.0302964673845688e-5,"grassland":3.434321557948563e-6,"farmland":3.434321557948563e-6,"construction":3.434321557948563e-6,"playground":3.434321557948563e-6,"retail":1.7171607789742815e-6,"residential":1.7171607789742815e-6,"garden":1.7171607789742815e-6,"building_density":0.003054829025795247,"road_density":0.5843694512720097,"edge_length":27.683351210350892,"fraction_oneway":0.08544303797468354}