{"water":1.6081091320679077e-5,"shrubbery":1.1256763924475353e-5,"scrub":4.824327396203723e-6,"outdoor_seating":3.216218264135815e-6,"wetland":3.216218264135815e-6,"wood":1.6081091320679075e-6,"playground":1.6081091320679075e-6,"slipway":1.6081091320679075e-6,"coastline":1.6081091320679075e-6,"building_density":0.003830515952585756,"road_density":0.4876249819153719,"fraction_oneway":0.28329297820823246}