{"grass":0.00017285214951375403,"forest":0.00010083042054968986,"water":1.0803259344609627e-5,"pitch":9.602897195208557e-6,"playground":6.001810747005349e-6,"grassland":3.6010864482032092e-6,"sports_centre":2.4007242988021393e-6,"water_park":1.2003621494010697e-6,"farmland":1.2003621494010697e-6,"wetland":1.2003621494010697e-6,"greenfield":1.2003621494010697e-6,"marina":1.2003621494010697e-6,"shrubbery":1.2003621494010697e-6,"swimming_pool":1.2003621494010697e-6,"track":1.2003621494010697e-6,"tree_row":1.2003621494010697e-6,"building_density":0.0045565747191264605,"road_density":0.8229383322987818,"edge_length":27.95299042198546,"fraction_oneway":0.14518760195758565}