{"grass":8.194508323083401e-5,"forest":4.780129855131984e-5,"water":5.121567701927126e-6,"pitch":4.552504623935223e-6,"playground":2.8453153899595146e-6,"grassland":1.7071892339757086e-6,"sports_centre":1.1381261559838058e-6,"water_park":5.690630779919029e-7,"farmland":5.690630779919029e-7,"wetland":5.690630779919029e-7,"greenfield":5.690630779919029e-7,"marina":5.690630779919029e-7,"shrubbery":5.690630779919029e-7,"swimming_pool":5.690630779919029e-7,"track":5.690630779919029e-7,"tree_row":5.690630779919029e-7,"building_density":0.0021601634440572633,"road_density":0.390135444215008,"fraction_oneway":0.14518760195758565}