{"grass":5.738444760761661e-5,"forest":3.598685697426804e-5,"tree_row":9.726177560612985e-6,"water":7.780942048490388e-6,"farmland":3.890471024245194e-6,"playground":2.9178532681838954e-6,"meadow":1.945235512122597e-6,"pitch":1.945235512122597e-6,"allotments":9.726177560612986e-7,"outdoor_seating":9.726177560612986e-7,"construction":9.726177560612986e-7,"grassland":9.726177560612986e-7,"religious":9.726177560612986e-7,"residential":9.726177560612986e-7,"scrub":9.726177560612986e-7,"garden":9.726177560612986e-7,"industrial":9.726177560612986e-7,"building_density":0.0012206352838569296,"road_density":0.17874681169204376,"fraction_oneway":0.22127659574468084}