{"grass":0.00011473976250661072,"forest":8.223837055194845e-5,"water":4.136540794229743e-5,"pitch":1.625069597733113e-5,"garden":1.181868798351355e-5,"shrubbery":1.0833797318220756e-5,"playground":9.356461320281561e-6,"scrub":6.894234657049572e-6,"park":1.4773359979391938e-6,"allotments":1.4773359979391938e-6,"flowerbed":9.848906652927958e-7,"residential":9.848906652927958e-7,"retail":9.848906652927958e-7,"tree_row":9.848906652927958e-7,"ice_rink":4.924453326463979e-7,"sports_centre":4.924453326463979e-7,"outdoor_seating":4.924453326463979e-7,"recreation_ground":4.924453326463979e-7,"building_density":0.00377459347473464,"road_density":0.4734476911117405,"fraction_oneway":0.3831258644536653}