{"grass":0.00019773875173730894,"forest":3.0635581255076034e-5,"pitch":2.088789631027911e-5,"playground":1.1140211365482193e-5,"water":6.962632103426371e-6,"park":6.962632103426371e-6,"scrub":6.962632103426371e-6,"residential":5.5701056827410966e-6,"industrial":4.177579262055823e-6,"garden":2.7850528413705483e-6,"railway":1.3925264206852741e-6,"orchard":1.3925264206852741e-6,"education":1.3925264206852741e-6,"building_density":0.009994162121258213,"road_density":1.2012015345519604,"edge_length":24.339896168859028,"fraction_oneway":0.5634920634920635}