{"grass":0.00017314285663551363,"forest":0.0001017437404971575,"water":5.622680395895546e-5,"track":1.963475693804794e-5,"grassland":6.247422662106162e-6,"garden":6.247422662106162e-6,"sand":4.462444758647258e-6,"marina":3.569955806917807e-6,"tree_row":2.677466855188355e-6,"park":2.677466855188355e-6,"playground":2.677466855188355e-6,"wood":1.7849779034589034e-6,"construction":1.7849779034589034e-6,"orchard":1.7849779034589034e-6,"pitch":1.7849779034589034e-6,"scrub":1.7849779034589034e-6,"shrubbery":8.924889517294517e-7,"sports_centre":8.924889517294517e-7,"retail":8.924889517294517e-7,"residential":8.924889517294517e-7,"basin":8.924889517294517e-7,"allotments":8.924889517294517e-7,"building_density":0.003998350503747944,"road_density":0.5299560221395716,"edge_length":24.428996202941807,"fraction_oneway":0.28545454545454546}