{"grass":0.000150983914066279,"playground":1.3906413137683593e-5,"pitch":1.3906413137683593e-5,"education":9.933152241202566e-6,"water":7.946521792962054e-6,"scrub":7.946521792962054e-6,"tree_row":7.946521792962054e-6,"grassland":3.973260896481027e-6,"forest":3.973260896481027e-6,"residential":1.9866304482405134e-6,"stadium":1.9866304482405134e-6,"park":1.9866304482405134e-6,"allotments":1.9866304482405134e-6,"commercial":1.9866304482405134e-6,"building_density":0.008834545603325562,"road_density":1.104801090376264,"fraction_oneway":0.6160337552742616}