{"shrubbery":6.282207891095878e-5,"scrub":2.3558279591609546e-5,"playground":1.5705519727739696e-5,"sand":1.3742329761772235e-5,"pitch":7.852759863869848e-6,"park":5.889569897902386e-6,"dog_park":5.889569897902386e-6,"water":3.926379931934924e-6,"slipway":1.963189965967462e-6,"swimming_pool":1.963189965967462e-6,"beach":1.963189965967462e-6,"building_density":0.007581839648566339,"road_density":0.9014526145594823,"fraction_oneway":0.39215686274509803}