{"grass":5.775719034450384e-5,"garden":3.706086380438996e-5,"water":2.5028115815951662e-5,"outdoor_seating":1.323602278728213e-5,"forest":1.20327479884383e-5,"flowerbed":9.866853350519406e-6,"park":5.775719034450384e-6,"scrub":5.535064074681618e-6,"playground":5.294409114912852e-6,"tree_row":4.572444235606554e-6,"shrubbery":2.887859517225192e-6,"grassland":1.684584718381362e-6,"pitch":1.684584718381362e-6,"residential":1.443929758612596e-6,"industrial":1.20327479884383e-6,"construction":1.20327479884383e-6,"wood":4.81309919537532e-7,"meadow":4.81309919537532e-7,"railway":4.81309919537532e-7,"retail":4.81309919537532e-7,"wetland":4.81309919537532e-7,"recreation_ground":2.40654959768766e-7,"farmyard":2.40654959768766e-7,"swimming_pool":2.40654959768766e-7,"education":2.40654959768766e-7,"commercial":2.40654959768766e-7,"bandstand":2.40654959768766e-7,"schoolyard":2.40654959768766e-7,"building_density":0.002090810290471039,"road_density":0.240789577164406,"edge_length":24.65160587537397,"fraction_oneway":0.29922279792746115}