{"grass":7.319131705578645e-5,"water":1.5068800570308975e-5,"forest":1.2916114774550549e-5,"park":6.4580573872752744e-6,"recreation_ground":6.4580573872752744e-6,"playground":4.30537159151685e-6,"pitch":2.152685795758425e-6,"building_density":0.004292455476742299,"road_density":0.7038511992887709,"fraction_oneway":0.2712765957446808}