{"grass":0.00015063995255412108,"water":0.00012570644316585276,"forest":9.350066020600618e-5,"grassland":3.0647438623079806e-5,"wood":2.2336268826990366e-5,"scrub":7.791721683833848e-6,"playground":6.233377347067079e-6,"pitch":4.155584898044719e-6,"cemetery":3.6361367857891295e-6,"residential":3.1166886735335393e-6,"static_caravan":3.1166886735335393e-6,"tree_row":2.5972405612779496e-6,"industrial":2.0777924490223594e-6,"meadow":2.0777924490223594e-6,"park":1.5583443367667697e-6,"wetland":1.5583443367667697e-6,"retail":1.0388962245111797e-6,"commercial":1.0388962245111797e-6,"allotments":1.0388962245111797e-6,"garden":5.194481122555899e-7,"railway":5.194481122555899e-7,"construction":5.194481122555899e-7,"brownfield":5.194481122555899e-7,"beach":5.194481122555899e-7,"shrubbery":5.194481122555899e-7,"recreation_ground":5.194481122555899e-7,"horse_riding":5.194481122555899e-7,"building_density":0.00482567296285443,"road_density":0.5237817745524171,"edge_length":19.63207858687612,"fraction_oneway":0.2792607802874743}