{"grass":0.00010434273136578064,"forest":1.6165775282022353e-5,"pitch":1.1022119510469785e-5,"playground":5.878463738917219e-6,"water":3.674039836823262e-6,"park":3.674039836823262e-6,"scrub":3.674039836823262e-6,"residential":2.9392318694586095e-6,"industrial":2.2044239020939572e-6,"garden":1.4696159347293048e-6,"railway":7.348079673646524e-7,"orchard":7.348079673646524e-7,"education":7.348079673646524e-7,"building_density":0.00527371678177611,"road_density":0.6338497028767802,"fraction_oneway":0.5634920634920635}