{"scrub":3.143797677741848e-5,"pitch":1.0002992610996788e-5,"playground":8.573993666568677e-6,"park":5.715995777712451e-6,"water":4.286996833284338e-6,"marina":1.4289989444281127e-6,"sports_hall":1.4289989444281127e-6,"garden":1.4289989444281127e-6,"building_density":0.007552259421302576,"road_density":0.9891123051630736,"fraction_oneway":0.5605263157894737}