{"forest":0.0001890191968401201,"grass":0.0001769219682423524,"water":9.072921448325764e-5,"construction":2.419445719553537e-5,"tree_row":1.965799647137249e-5,"scrub":1.8145842896651527e-5,"industrial":7.560767873604804e-6,"pitch":6.0486142988838424e-6,"shrubbery":4.536460724162882e-6,"retail":1.5121535747209606e-6,"garden":1.5121535747209606e-6,"flowerbed":1.5121535747209606e-6,"park":1.5121535747209606e-6,"playground":1.5121535747209606e-6,"railway":1.5121535747209606e-6,"residential":1.5121535747209606e-6,"building_density":0.00203082225085025,"road_density":0.325443012987483,"edge_length":23.744288185553724,"fraction_oneway":0.2695167286245353}