{"grass":9.263998694931132e-5,"water":4.438265534453698e-5,"forest":3.48720863421362e-5,"pitch":5.98813603854864e-6,"playground":4.931406149392998e-6,"scrub":4.579162853007783e-6,"wood":3.874676260237355e-6,"grassland":2.817946371081713e-6,"residential":2.817946371081713e-6,"construction":2.465703074696499e-6,"swimming_pool":1.7612164819260706e-6,"tree_row":1.4089731855408566e-6,"meadow":1.4089731855408566e-6,"park":7.044865927704283e-7,"industrial":7.044865927704283e-7,"commercial":3.5224329638521415e-7,"outdoor_seating":3.5224329638521415e-7,"retail":3.5224329638521415e-7,"garden":3.5224329638521415e-7,"shrubbery":3.5224329638521415e-7,"sports_centre":3.5224329638521415e-7,"building_density":0.0021141642649040553,"road_density":0.26364410885039,"fraction_oneway":0.29780564263322884}