{"grass":6.831154963489832e-5,"garden":1.9194980889144983e-5,"scrub":1.9194980889144983e-5,"water":9.032932183127051e-6,"commercial":6.774699137345288e-6,"retail":6.210140875899847e-6,"outdoor_seating":5.645582614454407e-6,"pitch":3.951907830118085e-6,"construction":3.387349568672644e-6,"slipway":2.8227913072272037e-6,"residential":2.8227913072272037e-6,"flowerbed":2.8227913072272037e-6,"meadow":1.693674784336322e-6,"playground":1.693674784336322e-6,"park":1.1291165228908814e-6,"marina":1.1291165228908814e-6,"allotments":1.1291165228908814e-6,"railway":5.645582614454407e-7,"shrubbery":5.645582614454407e-7,"grassland":5.645582614454407e-7,"sports_centre":5.645582614454407e-7,"dog_park":5.645582614454407e-7,"building_density":0.00855136398611409,"road_density":0.8943813104482472,"fraction_oneway":0.5447058823529412}