{"grass":0.0003203543189362665,"scrub":8.49131929710586e-5,"pitch":2.7017834127155008e-5,"flowerbed":2.3158143537561436e-5,"playground":2.3158143537561436e-5,"park":1.543876235837429e-5,"construction":1.543876235837429e-5,"water":1.1579071768780718e-5,"meadow":1.1579071768780718e-5,"residential":7.719381179187146e-6,"marina":3.859690589593573e-6,"railway":3.859690589593573e-6,"garden":3.859690589593573e-6,"sports_hall":3.859690589593573e-6,"allotments":3.859690589593573e-6,"building_density":0.02039846476600203,"road_density":2.671567723107701,"edge_length":25.01161644929502,"fraction_oneway":0.5605263157894737}