{"shrubbery":2.0582376516172265e-5,"water":9.004789725825365e-6,"playground":5.78879339517345e-6,"garden":4.502394862912683e-6,"pitch":3.215996330651916e-6,"tree_row":2.572797064521533e-6,"sports_centre":1.9295977983911496e-6,"scrub":1.9295977983911496e-6,"park":1.2863985322607666e-6,"swimming_pool":6.431992661303833e-7,"building_density":0.006035138714101386,"road_density":0.8983506819020926,"fraction_oneway":0.5826377295492488}