{"grass":0.0002509463203499242,"pitch":5.7033254624982775e-5,"forest":5.3231037649983926e-5,"grassland":2.281330184999311e-5,"playground":2.281330184999311e-5,"water":2.281330184999311e-5,"scrub":1.1406650924996555e-5,"residential":7.604433949997704e-6,"recreation_ground":7.604433949997704e-6,"park":7.604433949997704e-6,"wood":3.802216974998852e-6,"education":3.802216974998852e-6,"fitness_centre":3.802216974998852e-6,"garden":3.802216974998852e-6,"meadow":3.802216974998852e-6,"railway":3.802216974998852e-6,"sports_centre":3.802216974998852e-6,"sports_hall":3.802216974998852e-6,"allotments":3.802216974998852e-6,"building_density":0.015946497993145185,"road_density":2.07406724257472,"edge_length":25.671275023101447,"fraction_oneway":0.5565476190476191}