{"water":1.6506679018997802e-5,"pitch":4.716194005427944e-6,"grassland":3.1441293369519628e-6,"scrub":2.358097002713972e-6,"playground":1.5720646684759814e-6,"marina":1.5720646684759814e-6,"garden":7.860323342379907e-7,"scree":7.860323342379907e-7,"heath":7.860323342379907e-7,"tree_row":7.860323342379907e-7,"golf_course":7.860323342379907e-7,"building_density":0.0034687606909922526,"road_density":0.5367431729596422,"fraction_oneway":0.5407098121085595}