{"water":3.8186379535568585e-5,"tree_row":1.676475199122523e-5,"pitch":6.98531332967718e-6,"playground":6.98531332967718e-6,"garden":2.794125331870872e-6,"scrub":1.862750221247248e-6,"park":1.862750221247248e-6,"swimming_pool":1.397062665935436e-6,"grassland":9.31375110623624e-7,"wood":9.31375110623624e-7,"sports_centre":4.65687555311812e-7,"building_density":0.0035233920434891695,"road_density":0.4410826526239714,"fraction_oneway":0.30268199233716475}