{"grass":0.00022478452131809764,"forest":0.00011335287827151932,"water":0.00010566793737175529,"scrub":8.325352641411024e-6,"pitch":6.404117416470018e-6,"allotments":5.763705674823016e-6,"grassland":5.123293933176014e-6,"residential":4.482882191529013e-6,"construction":3.202058708235009e-6,"industrial":2.561646966588007e-6,"park":2.561646966588007e-6,"track":1.9212352249410055e-6,"playground":1.9212352249410055e-6,"railway":1.2808234832940035e-6,"heath":1.2808234832940035e-6,"sports_centre":1.2808234832940035e-6,"shrubbery":6.404117416470017e-7,"orchard":6.404117416470017e-7,"outdoor_seating":6.404117416470017e-7,"tree_row":6.404117416470017e-7,"greenery":6.404117416470017e-7,"building_density":0.0011456966058064862,"road_density":0.2518295094399364,"edge_length":27.0001802405265,"fraction_oneway":0.3565525383707202}