{"water":1.9692025442524176e-5,"playground":5.626292983578337e-6,"garden":3.7508619890522243e-6,"pitch":3.7508619890522243e-6,"tree_row":3.7508619890522243e-6,"wood":1.8754309945261121e-6,"scrub":9.377154972630561e-7,"grassland":9.377154972630561e-7,"park":9.377154972630561e-7,"fitness_station":9.377154972630561e-7,"shrubbery":9.377154972630561e-7,"sports_centre":9.377154972630561e-7,"building_density":0.005597223803163182,"road_density":0.8221761077341507,"fraction_oneway":0.3209169054441261}