{"water":2.1121576959133386e-5,"playground":1.642789319043708e-5,"pitch":7.92059135967502e-6,"scrub":6.160459946413904e-6,"park":3.8136180620657504e-6,"tree_row":3.520262826522231e-6,"shrubbery":2.053486648804635e-6,"sports_centre":1.4667761777175963e-6,"wetland":8.800657066305577e-7,"fitness_station":5.867104710870385e-7,"swimming_pool":2.9335523554351923e-7,"garden":2.9335523554351923e-7,"dog_park":2.9335523554351923e-7,"building_density":0.0025788858756630776,"road_density":0.3512745058672565,"fraction_oneway":0.23837209302325582}