{"grass":4.521021895446741e-5,"scrub":4.0904483815946704e-5,"water":2.7987278400384585e-5,"playground":1.5070072984822468e-5,"park":6.458602707781058e-6,"garden":4.305735138520705e-6,"shrubbery":4.305735138520705e-6,"residential":4.305735138520705e-6,"pitch":2.1528675692603527e-6,"forest":2.1528675692603527e-6,"cemetery":2.1528675692603527e-6,"building_density":0.00890856600159934,"road_density":1.3023413016279102,"fraction_oneway":0.5742971887550201}