{"grass":0.00022954470853466907,"forest":3.2448728431602436e-5,"water":1.2018047567260161e-5,"playground":6.009023783630081e-6,"tree_row":6.009023783630081e-6,"pitch":4.807219026904064e-6,"garden":3.605414270178048e-6,"shrubbery":3.605414270178048e-6,"grassland":2.403609513452032e-6,"scrub":2.403609513452032e-6,"park":2.403609513452032e-6,"brownfield":2.403609513452032e-6,"sports_centre":1.201804756726016e-6,"residential":1.201804756726016e-6,"education":1.201804756726016e-6,"building_density":0.009184191950900216,"road_density":1.2440765637582354,"edge_length":24.747749313278806,"fraction_oneway":0.22254335260115607}