{"grass":4.683540593237807e-5,"shrubbery":2.99226204567971e-5,"playground":1.4310818479337745e-5,"forest":1.1708851483094518e-5,"park":7.80590098872968e-6,"pitch":7.80590098872968e-6,"water":6.504917490608066e-6,"tree_row":2.6019669962432263e-6,"residential":1.3009834981216132e-6,"scrub":1.3009834981216132e-6,"recreation_ground":1.3009834981216132e-6,"garden":1.3009834981216132e-6,"building_density":0.0117257642685701,"road_density":1.3943965713525603,"edge_length":25.901447302814503,"fraction_oneway":0.7556390977443609}