{"scrub":0.00014153949584535657,"playground":4.717983194845219e-5,"building_density":0.004163620169450906,"road_density":0.5409269674594895,"fraction_oneway":0.0}