{"grass":0.00013319561229097502,"commercial":3.3298903072743754e-5,"retail":2.9136540188650782e-5,"garden":2.4974177304557814e-5,"park":2.0811814420464845e-5,"construction":2.0811814420464845e-5,"residential":2.0811814420464845e-5,"water":1.6649451536371877e-5,"flowerbed":1.6649451536371877e-5,"pitch":1.6649451536371877e-5,"greenery":1.2487088652278907e-5,"playground":1.2487088652278907e-5,"scrub":8.324725768185939e-6,"sports_centre":4.162362884092969e-6,"forest":4.162362884092969e-6,"building_density":0.02530716633528525,"road_density":2.8015159666875835,"edge_length":23.991553430852953,"fraction_oneway":0.5572289156626506}