{"water":3.1278360758535744e-5,"playground":1.9193539556374206e-5,"scrub":1.9193539556374206e-5,"shrubbery":1.6350052214689137e-5,"wood":1.137394936674027e-5,"park":7.1087183542126685e-6,"pitch":5.686974683370135e-6,"grassland":4.976102847948868e-6,"tree_row":2.1326155062638006e-6,"sports_centre":7.108718354212669e-7,"schoolyard":7.108718354212669e-7,"garden":7.108718354212669e-7,"building_density":0.004756443450803696,"road_density":0.573004984798566,"fraction_oneway":0.3599476439790576}