{"grass":0.0001814711878065936,"water":9.665313263612051e-5,"playground":2.367015493129482e-5,"wetland":7.890051643764939e-6,"forest":3.945025821882469e-6,"park":3.945025821882469e-6,"pitch":1.9725129109412347e-6,"dog_park":1.9725129109412347e-6,"grassland":1.9725129109412347e-6,"construction":1.9725129109412347e-6,"residential":1.9725129109412347e-6,"sand":1.9725129109412347e-6,"building_density":0.0042389302456127135,"road_density":0.7290940536273693,"edge_length":25.270186101998714,"fraction_oneway":0.24893617021276596}