{"grass":4.076838641485867e-5,"playground":1.5288144905572e-5,"garden":1.5288144905572e-5,"pitch":1.3589462138286223e-5,"water":5.0960483018573335e-6,"scrub":5.0960483018573335e-6,"meadow":3.397365534571556e-6,"construction":3.397365534571556e-6,"residential":1.698682767285778e-6,"commercial":1.698682767285778e-6,"sports_centre":1.698682767285778e-6,"park":1.698682767285778e-6,"building_density":0.009906717898810657,"road_density":1.0831939448968226,"fraction_oneway":0.7585227272727273}