{"grass":0.00026513993978653094,"construction":6.025907722421158e-5,"water":6.025907722421158e-5,"forest":3.615544633452695e-5,"residential":1.2051815444842315e-5,"sports_centre":1.2051815444842315e-5,"building_density":0.005592042366406835,"road_density":0.8874835723650957,"edge_length":23.716262348432004,"fraction_oneway":0.3333333333333333}