{"grass":0.0003204708536156768,"shrubbery":0.00018779183778753035,"water":0.0001428850939687731,"garden":3.265945005000528e-5,"construction":2.449458753750396e-5,"playground":2.04121562812533e-5,"pitch":8.16486251250132e-6,"park":8.16486251250132e-6,"forest":6.12364688437599e-6,"scrub":4.08243125625066e-6,"heath":4.08243125625066e-6,"railway":4.08243125625066e-6,"wetland":2.04121562812533e-6,"industrial":2.04121562812533e-6,"residential":2.04121562812533e-6,"outdoor_seating":2.04121562812533e-6,"building_density":0.005692950386841545,"road_density":0.6941742564376369,"edge_length":20.1516263677302,"fraction_oneway":0.23191489361702128}