{"grass":9.164076993279689e-5,"construction":2.0827447711999295e-5,"water":2.0827447711999295e-5,"forest":1.2496468627199577e-5,"residential":4.1654895423998586e-6,"sports_centre":4.1654895423998586e-6,"building_density":0.0019327871476735345,"road_density":0.3067424618853216,"fraction_oneway":0.3333333333333333}