{"grass":0.00023491941522093974,"water":0.00010949633760298039,"forest":0.00010750549510110801,"pitch":3.583516503370267e-5,"grassland":7.963370007489483e-6,"playground":7.963370007489483e-6,"greenery":3.981685003744741e-6,"residential":3.981685003744741e-6,"dog_park":1.9908425018723706e-6,"sports_hall":1.9908425018723706e-6,"commercial":1.9908425018723706e-6,"building_density":0.006040216150680773,"road_density":0.7219717536662594,"edge_length":20.2482603818339,"fraction_oneway":0.1797752808988764}