{"grass":9.02162211537886e-5,"water":2.7998137599451634e-5,"forest":1.8665425066301088e-5,"playground":6.221808355433696e-6,"industrial":4.666356266575272e-6,"wood":4.666356266575272e-6,"pitch":4.666356266575272e-6,"residential":3.110904177716848e-6,"greenfield":1.555452088858424e-6,"brownfield":1.555452088858424e-6,"cemetery":1.555452088858424e-6,"grassland":1.555452088858424e-6,"allotments":1.555452088858424e-6,"building_density":0.0018307671085863652,"road_density":0.2670877442218761,"fraction_oneway":0.24873096446700507}