{"grass":0.00018001360875239552,"water":5.210920253358818e-5,"forest":3.9081901900191135e-5,"playground":3.1976101554701836e-5,"scrub":3.1976101554701836e-5,"shrubbery":2.7238901324375638e-5,"wood":1.894880092130479e-5,"park":1.1843000575815495e-5,"pitch":9.474400460652396e-6,"grassland":8.290100403070847e-6,"flowerbed":5.921500287907747e-6,"residential":4.737200230326198e-6,"tree_row":3.5529001727446488e-6,"meadow":2.368600115163099e-6,"railway":2.368600115163099e-6,"construction":2.368600115163099e-6,"sports_centre":1.1843000575815495e-6,"schoolyard":1.1843000575815495e-6,"industrial":1.1843000575815495e-6,"garden":1.1843000575815495e-6,"building_density":0.007924151685278148,"road_density":0.9546162932300004,"edge_length":20.259877442515684,"fraction_oneway":0.3599476439790576}