{"grass":9.161666493535454e-5,"forest":1.0410984651744833e-5,"water":1.0410984651744833e-5,"industrial":6.2465907910469e-6,"brownfield":6.2465907910469e-6,"allotments":2.082196930348967e-6,"residential":2.082196930348967e-6,"sand":2.082196930348967e-6,"scree":2.082196930348967e-6,"farmland":2.082196930348967e-6,"building_density":0.0025381980580953902,"road_density":1.1026845163176295,"edge_length":59.42963059762989,"fraction_oneway":0.3992932862190813}