{"grass":8.308243104741016e-5,"forest":2.3366933732084103e-5,"water":1.427979283627362e-5,"scrub":1.2981629851157836e-5,"pitch":1.038530388092627e-5,"playground":7.788977910694702e-6,"garden":6.490814925578918e-6,"residential":2.5963259702315674e-6,"railway":2.5963259702315674e-6,"recreation_ground":1.2981629851157837e-6,"allotments":1.2981629851157837e-6,"park":1.2981629851157837e-6,"greenery":1.2981629851157837e-6,"building_density":0.01253376362129289,"road_density":1.5299877310281345,"edge_length":25.09430387174211,"fraction_oneway":0.6305732484076433}