{"water":1.517112074419143e-5,"tree_row":5.835046440073627e-6,"pitch":4.668037152058902e-6,"playground":4.084532508051539e-6,"scrub":4.084532508051539e-6,"wood":1.1670092880147255e-6,"greenery":1.1670092880147255e-6,"sports_centre":5.835046440073627e-7,"grassland":5.835046440073627e-7,"building_density":0.003908897610205323,"road_density":0.5250157680156501,"fraction_oneway":0.34392523364485983}