{"grass":0.00018138554213992616,"water":3.488183502690888e-5,"playground":2.0929101016145328e-5,"greenery":1.3952734010763552e-5,"pitch":1.162727834230296e-5,"scrub":1.162727834230296e-5,"garden":9.301822673842368e-6,"forest":6.976367005381776e-6,"construction":4.650911336921184e-6,"railway":4.650911336921184e-6,"residential":4.650911336921184e-6,"park":2.325455668460592e-6,"building_density":0.013329511891616113,"road_density":1.598811861312188,"edge_length":25.700955844483975,"fraction_oneway":0.62004662004662}