{"grass":5.783510711675087e-5,"shrubbery":2.5145698746413422e-5,"playground":1.2572849373206711e-5,"residential":1.0058279498565369e-5,"park":5.0291397492826845e-6,"pitch":5.0291397492826845e-6,"commercial":3.7718548119620138e-6,"forest":3.7718548119620138e-6,"retail":2.5145698746413422e-6,"static_caravan":2.5145698746413422e-6,"tree_row":2.5145698746413422e-6,"industrial":2.5145698746413422e-6,"water":1.2572849373206711e-6,"construction":1.2572849373206711e-6,"recreation_ground":1.2572849373206711e-6,"religious":1.2572849373206711e-6,"sports_centre":1.2572849373206711e-6,"brownfield":1.2572849373206711e-6,"building_density":0.00871047004575761,"road_density":0.9326926627379434,"fraction_oneway":0.5772357723577236}