{"grass":5.936269417840112e-5,"commercial":1.484067354460028e-5,"retail":1.2985589351525246e-5,"garden":1.1130505158450211e-5,"park":9.275420965375175e-6,"construction":9.275420965375175e-6,"residential":9.275420965375175e-6,"water":7.42033677230014e-6,"flowerbed":7.42033677230014e-6,"pitch":7.42033677230014e-6,"greenery":5.565252579225106e-6,"playground":5.565252579225106e-6,"scrub":3.71016838615007e-6,"sports_centre":1.855084193075035e-6,"forest":1.855084193075035e-6,"building_density":0.011278911893896213,"road_density":1.2485811860159244,"fraction_oneway":0.5572289156626506}