{"grass":0.00048225027645697487,"outdoor_seating":0.00012860007372185995,"residential":8.037504607616247e-5,"commercial":6.430003686092998e-5,"scrub":4.8225027645697485e-5,"park":3.215001843046499e-5,"brownfield":1.6075009215232494e-5,"water":1.6075009215232494e-5,"construction":1.6075009215232494e-5,"garden":1.6075009215232494e-5,"playground":1.6075009215232494e-5,"shrubbery":1.6075009215232494e-5,"swimming_area":1.6075009215232494e-5,"building_density":0.0364098958725016,"road_density":4.715295596904133,"edge_length":30.494938939003408,"fraction_oneway":0.5309734513274337}