{"grass":0.00017948415912450637,"water":9.085000647042915e-5,"forest":7.201524903143775e-5,"playground":2.326646507169527e-5,"shrubbery":1.4403049806287549e-5,"scrub":1.3295122898111583e-5,"pitch":1.3295122898111583e-5,"wetland":7.755488357231757e-6,"construction":3.3237807245278957e-6,"industrial":3.3237807245278957e-6,"orchard":3.3237807245278957e-6,"park":3.3237807245278957e-6,"tree_row":2.2158538163519303e-6,"farmyard":2.2158538163519303e-6,"wood":2.2158538163519303e-6,"schoolyard":1.1079269081759652e-6,"garden":1.1079269081759652e-6,"retail":1.1079269081759652e-6,"residential":1.1079269081759652e-6,"building_density":0.0043552606760397196,"road_density":0.5317727321211361,"fraction_oneway":0.3415841584158416}