{"water":3.084770335779532e-5,"playground":1.0589510107899885e-5,"scrub":8.747856176091208e-6,"pitch":8.287442693139039e-6,"greenery":5.064548312473858e-6,"grassland":2.762480897713013e-6,"shrubbery":2.762480897713013e-6,"sports_centre":1.8416539318086754e-6,"park":1.3812404488565066e-6,"fitness_station":9.208269659043377e-7,"garden":9.208269659043377e-7,"heath":9.208269659043377e-7,"tree_row":9.208269659043377e-7,"schoolyard":4.6041348295216886e-7,"wetland":4.6041348295216886e-7,"building_density":0.003645553958015273,"road_density":0.44135853007118847,"fraction_oneway":0.31988472622478387}