{"grass":0.0014486153767256844,"water":0.00011426737068319647,"grassland":6.63487958805657e-5,"shrubbery":6.26627516649787e-5,"garden":4.054648637145681e-5,"playground":3.317439794028285e-5,"wood":2.9488353724695865e-5,"construction":1.4744176862347933e-5,"forest":1.1058132646760949e-5,"wetland":7.372088431173966e-6,"pitch":7.372088431173966e-6,"scrub":3.686044215586983e-6,"sports_hall":3.686044215586983e-6,"education":3.686044215586983e-6,"residential":3.686044215586983e-6,"industrial":3.686044215586983e-6,"retail":3.686044215586983e-6,"building_density":0.005271043228289385,"road_density":0.6413972033481464,"edge_length":15.781509219465638,"fraction_oneway":0.13941018766756033}