{"grass":0.00013633243119369517,"scrub":3.6971506764391906e-5,"playground":3.6971506764391906e-5,"pitch":2.0796472554970447e-5,"water":1.155359586387247e-5,"garden":6.9321575183234825e-6,"construction":4.621438345548988e-6,"grassland":4.621438345548988e-6,"greenery":4.621438345548988e-6,"residential":4.621438345548988e-6,"park":2.310719172774494e-6,"meadow":2.310719172774494e-6,"building_density":0.01583073705267806,"road_density":1.5886188044480467,"edge_length":21.836479758847805,"fraction_oneway":0.7078947368421052}