{"water":6.04108108055816e-5,"grass":4.53081081041862e-5,"grassland":2.37328185307642e-5,"forest":1.2945173744053201e-5,"shrubbery":1.0787644786711001e-5,"wood":8.6301158293688e-6,"playground":8.6301158293688e-6,"pitch":4.3150579146844e-6,"industrial":4.3150579146844e-6,"allotments":4.3150579146844e-6,"scrub":2.1575289573422e-6,"residential":2.1575289573422e-6,"tree_row":2.1575289573422e-6,"meadow":2.1575289573422e-6,"cemetery":2.1575289573422e-6,"building_density":0.0010377714284815983,"road_density":0.20735660376471657,"fraction_oneway":0.3480825958702065}