{"grass":0.0001524282123962961,"forest":0.00010218651110366219,"water":6.0460352403000126e-5,"pitch":1.3624868147154959e-5,"grassland":1.0644428239964811e-5,"meadow":1.021865111036622e-5,"scrub":4.257771295985924e-6,"shrubbery":2.554662777591555e-6,"construction":2.554662777591555e-6,"playground":2.128885647992962e-6,"sports_centre":1.7031085183943699e-6,"industrial":1.7031085183943699e-6,"flowerbed":1.7031085183943699e-6,"park":1.7031085183943699e-6,"wood":1.2773313887957775e-6,"residential":1.2773313887957775e-6,"retail":1.2773313887957775e-6,"tree_row":1.2773313887957775e-6,"allotments":1.2773313887957775e-6,"wetland":8.515542591971849e-7,"greenery":4.2577712959859247e-7,"farmyard":4.2577712959859247e-7,"cemetery":4.2577712959859247e-7,"track":4.2577712959859247e-7,"horse_riding":4.2577712959859247e-7,"railway":4.2577712959859247e-7,"sand":4.2577712959859247e-7,"bleachers":4.2577712959859247e-7,"building_density":0.003752799620281994,"road_density":0.6534318354618791,"edge_length":30.66723511250162,"fraction_oneway":0.3784722222222222}