{"water":9.709299833722749e-6,"scrub":8.826636212475226e-6,"pitch":7.061308969980181e-6,"playground":5.295981727485136e-6,"garden":4.413318106237613e-6,"park":8.826636212475226e-7,"greenery":8.826636212475226e-7,"building_density":0.00852211726314483,"road_density":1.0402888748311718,"fraction_oneway":0.6305732484076433}