{"grass":6.336239733023158e-5,"water":5.2874828116951866e-5,"forest":3.9328384549798905e-5,"grassland":1.2890970491322974e-5,"wood":9.395114086896404e-6,"scrub":3.2773653791499088e-6,"playground":2.621892303319927e-6,"pitch":1.7479282022132846e-6,"cemetery":1.5294371769366241e-6,"residential":1.3109461516599634e-6,"static_caravan":1.3109461516599634e-6,"tree_row":1.092455126383303e-6,"industrial":8.739641011066423e-7,"meadow":8.739641011066423e-7,"park":6.554730758299817e-7,"wetland":6.554730758299817e-7,"retail":4.3698205055332116e-7,"commercial":4.3698205055332116e-7,"allotments":4.3698205055332116e-7,"garden":2.1849102527666058e-7,"railway":2.1849102527666058e-7,"construction":2.1849102527666058e-7,"brownfield":2.1849102527666058e-7,"beach":2.1849102527666058e-7,"shrubbery":2.1849102527666058e-7,"recreation_ground":2.1849102527666058e-7,"horse_riding":2.1849102527666058e-7,"building_density":0.002029781624820177,"road_density":0.220313856654996,"fraction_oneway":0.2792607802874743}