{"grass":5.8368065883805004e-5,"forest":4.2449502460949095e-5,"water":3.714331465333046e-5,"pitch":1.0612375615237274e-5,"grassland":7.074917076824849e-6,"railway":7.074917076824849e-6,"scrub":5.306187807618637e-6,"marina":3.5374585384124243e-6,"playground":3.5374585384124243e-6,"commercial":1.7687292692062122e-6,"heath":1.7687292692062122e-6,"flowerbed":1.7687292692062122e-6,"golf_course":1.7687292692062122e-6,"residential":1.7687292692062122e-6,"scree":1.7687292692062122e-6,"garden":1.7687292692062122e-6,"tree_row":1.7687292692062122e-6,"industrial":1.7687292692062122e-6,"building_density":0.007805402265007014,"road_density":1.207779017107064,"edge_length":29.933862176705833,"fraction_oneway":0.5407098121085595}