{"grass":0.0004643884639337068,"water":0.00023506082742323433,"forest":0.00018632870466475893,"playground":6.0198504583999036e-5,"shrubbery":3.726574093295178e-5,"scrub":3.4399145476570874e-5,"pitch":3.4399145476570874e-5,"wetland":2.0066168194666345e-5,"construction":8.599786369142719e-6,"industrial":8.599786369142719e-6,"orchard":8.599786369142719e-6,"park":8.599786369142719e-6,"tree_row":5.733190912761813e-6,"farmyard":5.733190912761813e-6,"wood":5.733190912761813e-6,"schoolyard":2.8665954563809063e-6,"garden":2.8665954563809063e-6,"retail":2.8665954563809063e-6,"residential":2.8665954563809063e-6,"building_density":0.011268586739033342,"road_density":1.375882548276914,"edge_length":19.78935232661956,"fraction_oneway":0.3415841584158416}