{"grass":0.0001316419230427658,"forest":3.291048076069145e-5,"water":1.6455240380345726e-5,"pitch":1.1967447549342346e-5,"greenery":5.983723774671173e-6,"playground":3.739827359169483e-6,"park":3.739827359169483e-6,"tree_row":2.2438964155016896e-6,"scrub":2.2438964155016896e-6,"sports_centre":2.2438964155016896e-6,"construction":1.4959309436677932e-6,"grassland":1.4959309436677932e-6,"residential":1.4959309436677932e-6,"wood":7.479654718338966e-7,"industrial":7.479654718338966e-7,"shrubbery":7.479654718338966e-7,"garden":7.479654718338966e-7,"fitness_station":7.479654718338966e-7,"farmland":7.479654718338966e-7,"outdoor_seating":7.479654718338966e-7,"building_density":0.006332275684545768,"road_density":0.9184954041201904,"edge_length":30.413148999230827,"fraction_oneway":0.6371428571428571}