{"grass":0.00013850255913074302,"forest":1.9578895793351105e-5,"water":7.251442886426336e-6,"playground":3.625721443213168e-6,"tree_row":3.625721443213168e-6,"pitch":2.900577154570534e-6,"garden":2.1754328659279005e-6,"shrubbery":2.1754328659279005e-6,"grassland":1.450288577285267e-6,"scrub":1.450288577285267e-6,"park":1.450288577285267e-6,"brownfield":1.450288577285267e-6,"sports_centre":7.251442886426335e-7,"residential":7.251442886426335e-7,"education":7.251442886426335e-7,"building_density":0.005541552653807006,"road_density":0.7506502281627294,"fraction_oneway":0.22254335260115607}