{"grass":6.312838675149758e-5,"forest":4.4189870726048304e-5,"water":2.428014875057599e-5,"pitch":4.3704267751036785e-6,"tree_row":3.8848238000921585e-6,"grassland":1.9424119000460792e-6,"shrubbery":1.9424119000460792e-6,"playground":1.4568089250345594e-6,"residential":1.4568089250345594e-6,"wood":9.712059500230396e-7,"construction":9.712059500230396e-7,"park":9.712059500230396e-7,"scrub":4.856029750115198e-7,"retail":4.856029750115198e-7,"allotments":4.856029750115198e-7,"building_density":0.0017991590224176808,"road_density":0.38036553120604893,"fraction_oneway":0.1930232558139535}