{"water":6.16996790643614e-5,"grass":5.3061723995350805e-5,"grassland":2.2623215656932514e-5,"meadow":1.5630585362971556e-5,"wood":5.758636712673731e-6,"forest":4.935974325148912e-6,"wetland":2.0566559688120468e-6,"farmyard":2.0566559688120468e-6,"shrubbery":2.0566559688120468e-6,"playground":1.6453247750496373e-6,"track":1.6453247750496373e-6,"tree_row":1.6453247750496373e-6,"residential":1.233993581287228e-6,"pitch":1.233993581287228e-6,"construction":8.226623875248187e-7,"industrial":8.226623875248187e-7,"allotments":8.226623875248187e-7,"sand":8.226623875248187e-7,"miniature_golf":4.1133119376240933e-7,"recreation_ground":4.1133119376240933e-7,"scrub":4.1133119376240933e-7,"railway":4.1133119376240933e-7,"golf_course":4.1133119376240933e-7,"building_density":0.0007967485223177869,"road_density":0.12422112113278432,"fraction_oneway":0.2159383033419023}