{"grass":0.00039042700137430355,"shrubbery":0.00013580069613019255,"scrub":5.09252610488222e-5,"playground":3.395017403254814e-5,"sand":2.9706402278479618e-5,"construction":2.54626305244111e-5,"industrial":1.697508701627407e-5,"pitch":1.697508701627407e-5,"park":1.273131526220555e-5,"dog_park":1.273131526220555e-5,"water":8.487543508137034e-6,"residential":8.487543508137034e-6,"brownfield":4.243771754068517e-6,"slipway":4.243771754068517e-6,"swimming_pool":4.243771754068517e-6,"beach":4.243771754068517e-6,"building_density":0.016389446514212612,"road_density":1.9486444050835934,"edge_length":24.9011646718609,"fraction_oneway":0.39215686274509803}