{"forest":8.707942923896131e-5,"grass":8.15063457676678e-5,"water":4.179812603470143e-5,"construction":1.1146166942587048e-5,"tree_row":9.056260640851977e-6,"scrub":8.359625206940287e-6,"industrial":3.4831771695584527e-6,"pitch":2.786541735646762e-6,"shrubbery":2.0899063017350717e-6,"retail":6.966354339116905e-7,"garden":6.966354339116905e-7,"flowerbed":6.966354339116905e-7,"park":6.966354339116905e-7,"playground":6.966354339116905e-7,"railway":6.966354339116905e-7,"residential":6.966354339116905e-7,"building_density":0.0009355813877434003,"road_density":0.14992864372780332,"fraction_oneway":0.2695167286245353}