{"water":2.1051705837660186e-5,"scrub":8.49793630144081e-6,"pitch":6.9528569739061165e-6,"playground":6.9528569739061165e-6,"shrubbery":5.60091256231326e-6,"tree_row":3.862698318836732e-6,"heath":2.8970237391275485e-6,"grassland":2.317618991302039e-6,"sports_centre":1.5450793275346926e-6,"park":7.725396637673463e-7,"greenery":7.725396637673463e-7,"bleachers":5.794047478255097e-7,"garden":5.794047478255097e-7,"fitness_station":3.8626983188367316e-7,"track":1.9313491594183658e-7,"wood":1.9313491594183658e-7,"building_density":0.0029232900876956383,"road_density":0.38015766633795955,"fraction_oneway":0.279050736497545}