{"water":6.1840878824644e-5,"playground":6.871208758293779e-6,"pitch":6.107741118483359e-6,"grassland":3.0538705592416794e-6,"park":2.2904029194312594e-6,"tree_row":7.634676398104198e-7,"building_density":0.0037616050613459386,"road_density":0.5269164816326982,"fraction_oneway":0.22815533980582525}