{"grass":0.0001080178265991897,"garden":8.704349133721111e-5,"water":5.138712139184752e-5,"grassland":1.8876901735780724e-5,"playground":1.5730751446483936e-5,"forest":1.3633317920286078e-5,"tree_row":1.3633317920286078e-5,"industrial":6.2923005785935745e-6,"pitch":6.2923005785935745e-6,"static_caravan":5.2435838154946456e-6,"scrub":5.2435838154946456e-6,"wood":2.0974335261978583e-6,"recreation_ground":2.0974335261978583e-6,"residential":2.0974335261978583e-6,"retail":1.0487167630989292e-6,"meadow":1.0487167630989292e-6,"swimming_pool":1.0487167630989292e-6,"education":1.0487167630989292e-6,"construction":1.0487167630989292e-6,"cemetery":1.0487167630989292e-6,"building_density":0.005059009665189234,"road_density":0.6611993900771566,"edge_length":21.1863382095821,"fraction_oneway":0.2440828402366864}