{"grass":5.9727975760469195e-5,"water":4.052969783746124e-5,"forest":1.4931993940117299e-5,"commercial":6.3994259743359854e-6,"shrubbery":4.266283982890657e-6,"scrub":2.1331419914453283e-6,"building_density":0.0009044522043728193,"road_density":0.15648898385288199,"fraction_oneway":0.30612244897959184}