{"water":2.1280280456955947e-5,"grassland":6.178145939116243e-6,"tree_row":4.1187639594108284e-6,"pitch":4.1187639594108284e-6,"playground":4.1187639594108284e-6,"garden":1.3729213198036095e-6,"park":1.3729213198036095e-6,"wood":6.864606599018048e-7,"building_density":0.0039011559302219562,"road_density":0.7094504832403625,"fraction_oneway":0.233983286908078}