{"water":2.0827447711999295e-5,"sports_centre":4.1654895423998586e-6,"building_density":0.0019327871476735345,"road_density":0.3067424618853216,"fraction_oneway":0.3333333333333333}