{"grass":0.00020564042858793689,"forest":0.0001691659794805964,"water":6.225811140735704e-5,"grassland":1.886609436586577e-5,"tree_row":1.6979484929279194e-5,"wood":1.5721745304888143e-5,"pitch":8.80417737073736e-6,"meadow":8.175307558541833e-6,"playground":6.2886981219552565e-6,"shrubbery":5.6598283097597315e-6,"park":2.5154792487821028e-6,"garden":1.886609436586577e-6,"residential":1.886609436586577e-6,"scrub":1.886609436586577e-6,"retail":1.2577396243910514e-6,"construction":6.288698121955257e-7,"recreation_ground":6.288698121955257e-7,"industrial":6.288698121955257e-7,"greenfield":6.288698121955257e-7,"building_density":0.008659537313932389,"road_density":1.0386043991913778,"edge_length":21.394406268706533,"fraction_oneway":0.23796033994334279}