{"grass":0.0003245123255361483,"water":0.0001398760023862708,"forest":0.00010910328186129123,"playground":4.755784081133207e-5,"static_caravan":1.398760023862708e-5,"pitch":1.398760023862708e-5,"park":1.1190080190901665e-5,"allotments":5.5950400954508325e-6,"industrial":5.5950400954508325e-6,"scrub":5.5950400954508325e-6,"wood":5.5950400954508325e-6,"residential":2.7975200477254163e-6,"retail":2.7975200477254163e-6,"brownfield":2.7975200477254163e-6,"shrubbery":2.7975200477254163e-6,"construction":2.7975200477254163e-6,"swimming_pool":2.7975200477254163e-6,"tree_row":2.7975200477254163e-6,"garden":2.7975200477254163e-6,"railway":2.7975200477254163e-6,"building_density":0.008666717107853338,"road_density":0.8252274651447921,"edge_length":15.684036708643836,"fraction_oneway":0.22955145118733508}