{"water":2.6853010552338932e-5,"grassland":8.137275924951192e-6,"tree_row":7.323548332456073e-6,"wood":6.78106327079266e-6,"pitch":3.7973954316438898e-6,"playground":2.712425308317064e-6,"shrubbery":2.4411827774853576e-6,"park":1.0849701233268257e-6,"scrub":8.137275924951192e-7,"garden":8.137275924951192e-7,"building_density":0.003735009649552597,"road_density":0.4479682126672411,"fraction_oneway":0.23796033994334279}