{"grass":6.215040110406358e-5,"forest":4.439314364575971e-5,"water":1.4797714548586569e-5,"residential":9.865143032391045e-6,"playground":9.371885880771494e-6,"scrub":7.892114425912837e-6,"tree_row":7.3988572742932845e-6,"pitch":6.905600122673732e-6,"retail":2.9595429097173136e-6,"construction":2.9595429097173136e-6,"religious":2.9595429097173136e-6,"shrubbery":2.4662857580977614e-6,"static_caravan":1.4797714548586568e-6,"park":9.865143032391046e-7,"garden":9.865143032391046e-7,"sports_centre":9.865143032391046e-7,"commercial":9.865143032391046e-7,"wood":4.932571516195523e-7,"education":4.932571516195523e-7,"flowerbed":4.932571516195523e-7,"garages":4.932571516195523e-7,"grassland":4.932571516195523e-7,"industrial":4.932571516195523e-7,"railway":4.932571516195523e-7,"allotments":4.932571516195523e-7,"building_density":0.005734607644728915,"road_density":0.8048348618644741,"fraction_oneway":0.5743494423791822}