{"grass":0.00035508817993072173,"forest":9.639850932827153e-5,"water":8.175569778473661e-5,"playground":2.8065388791775253e-5,"scrub":2.3184451610596948e-5,"pitch":2.1964217315302372e-5,"static_caravan":1.8303514429418643e-5,"greenery":1.3422577248240338e-5,"industrial":7.321405771767458e-6,"grassland":7.321405771767458e-6,"shrubbery":7.321405771767458e-6,"residential":7.321405771767458e-6,"railway":6.101171476472881e-6,"meadow":4.880937181178305e-6,"sports_centre":4.880937181178305e-6,"allotments":3.660702885883729e-6,"park":3.660702885883729e-6,"heath":2.4404685905891525e-6,"garden":2.4404685905891525e-6,"fitness_station":2.4404685905891525e-6,"construction":2.4404685905891525e-6,"tree_row":2.4404685905891525e-6,"brownfield":2.4404685905891525e-6,"schoolyard":1.2202342952945762e-6,"garages":1.2202342952945762e-6,"commercial":1.2202342952945762e-6,"wetland":1.2202342952945762e-6,"building_density":0.009661815150142455,"road_density":1.1697329354049704,"edge_length":21.970924132341306,"fraction_oneway":0.31988472622478387}