{"scrub":2.8922417152965388e-5,"water":9.296491227738874e-6,"playground":9.296491227738874e-6,"pitch":2.065886939497528e-6,"garden":1.032943469748764e-6,"grassland":1.032943469748764e-6,"shrubbery":1.032943469748764e-6,"park":1.032943469748764e-6,"building_density":0.0016950602338577214,"road_density":0.26904349149639195,"fraction_oneway":0.36982968369829683}