{"water":3.3165004956735027e-6,"sand":6.633000991347006e-7,"scree":6.633000991347006e-7,"building_density":0.0008085628208451999,"road_density":0.3512687672943605,"fraction_oneway":0.3992932862190813}