{"grass":0.00020218687550215027,"water":0.00014082667945423402,"forest":0.00012774991636205517,"tree_row":3.721847957004756e-5,"meadow":2.2129906771379633e-5,"wood":2.1124001918135104e-5,"pitch":1.609447765191246e-5,"scrub":1.0059048532445288e-5,"construction":8.04723882595623e-6,"wetland":6.035429119467173e-6,"commercial":3.0177145597335863e-6,"garden":3.0177145597335863e-6,"park":3.0177145597335863e-6,"residential":2.0118097064890576e-6,"industrial":2.0118097064890576e-6,"sports_centre":2.0118097064890576e-6,"grassland":2.0118097064890576e-6,"nature_reserve":1.0059048532445288e-6,"education":1.0059048532445288e-6,"beach":1.0059048532445288e-6,"static_caravan":1.0059048532445288e-6,"building_density":0.0004083973704172787,"road_density":0.11712572656816962,"edge_length":30.009839233375637,"fraction_oneway":0.35462555066079293}