{"grass":0.00011452014597156298,"water":6.1840878824644e-5,"forest":5.726007298578149e-5,"playground":6.871208758293779e-6,"pitch":6.107741118483359e-6,"static_caravan":4.580805838862519e-6,"grassland":3.0538705592416794e-6,"park":2.2904029194312594e-6,"industrial":1.5269352796208397e-6,"tree_row":7.634676398104198e-7,"commercial":7.634676398104198e-7,"brownfield":7.634676398104198e-7,"residential":7.634676398104198e-7,"retail":7.634676398104198e-7,"building_density":0.0037616050613459386,"road_density":0.5269164816326982,"fraction_oneway":0.22815533980582525}