{"grass":0.00016603836345156463,"water":6.854794821394869e-5,"scrub":4.4175344404544715e-5,"garden":3.655890571410597e-5,"forest":3.0465754761754978e-5,"tree_row":2.4372603809403982e-5,"playground":2.4372603809403982e-5,"pitch":2.1326028333228483e-5,"residential":7.6164386904387444e-6,"construction":4.569863214263247e-6,"park":3.0465754761754978e-6,"wood":1.5232877380877489e-6,"shrubbery":1.5232877380877489e-6,"allotments":1.5232877380877489e-6,"building_density":0.007284361963535615,"road_density":0.9635299583275547,"edge_length":22.651952740845537,"fraction_oneway":0.1978021978021978}