{"water":1.4797714548586569e-5,"playground":9.371885880771494e-6,"scrub":7.892114425912837e-6,"tree_row":7.3988572742932845e-6,"pitch":6.905600122673732e-6,"shrubbery":2.4662857580977614e-6,"garden":9.865143032391046e-7,"park":9.865143032391046e-7,"sports_centre":9.865143032391046e-7,"grassland":4.932571516195523e-7,"wood":4.932571516195523e-7,"building_density":0.005734607644728915,"road_density":0.8048348618644741,"fraction_oneway":0.5743494423791822}