{"grass":0.000236315035002092,"scrub":8.822427973411435e-5,"water":4.096127273369595e-5,"static_caravan":2.835780420025104e-5,"forest":3.150867133361227e-6,"commercial":3.150867133361227e-6,"pitch":3.150867133361227e-6,"playground":3.150867133361227e-6,"residential":3.150867133361227e-6,"park":3.150867133361227e-6,"construction":3.150867133361227e-6,"farmland":3.150867133361227e-6,"fitness_station":3.150867133361227e-6,"building_density":0.003560479860698186,"road_density":0.565090060810781,"edge_length":21.037454559791424,"fraction_oneway":0.047337278106508875}