{"grass":0.00016063259021530506,"water":8.674159871626473e-5,"forest":8.031629510765253e-5,"playground":9.637955412918304e-6,"pitch":8.567071478149603e-6,"static_caravan":6.425303608612202e-6,"grassland":4.283535739074801e-6,"park":3.212651804306101e-6,"industrial":2.1417678695374007e-6,"tree_row":1.0708839347687003e-6,"commercial":1.0708839347687003e-6,"brownfield":1.0708839347687003e-6,"residential":1.0708839347687003e-6,"retail":1.0708839347687003e-6,"building_density":0.005276245146605387,"road_density":0.7390835782973317,"edge_length":23.852157186372583,"fraction_oneway":0.22815533980582525}