{"grass":0.0002370988118099685,"forest":9.634377700435275e-5,"water":3.903892822852956e-5,"scrub":1.575883341335138e-5,"playground":1.289359097456022e-5,"pitch":1.289359097456022e-5,"shrubbery":1.0386503840617955e-5,"tree_row":7.1631060969779e-6,"heath":5.372329572733425e-6,"grassland":4.2978636581867395e-6,"residential":3.939708353337845e-6,"sports_centre":2.86524243879116e-6,"greenery":1.43262121939558e-6,"park":1.43262121939558e-6,"commercial":1.0744659145466849e-6,"construction":1.0744659145466849e-6,"bleachers":1.0744659145466849e-6,"garden":1.0744659145466849e-6,"recreation_ground":1.0744659145466849e-6,"brownfield":1.0744659145466849e-6,"allotments":7.1631060969779e-7,"fitness_station":7.1631060969779e-7,"wood":3.58155304848895e-7,"farmland":3.58155304848895e-7,"industrial":3.58155304848895e-7,"meadow":3.58155304848895e-7,"orchard":3.58155304848895e-7,"retail":3.58155304848895e-7,"track":3.58155304848895e-7,"building_density":0.005421038694192875,"road_density":0.7049760226624181,"edge_length":23.02005556659203,"fraction_oneway":0.279050736497545}