{"water":0.0004013551558531122,"grassland":0.0003057944044595141,"grass":0.0002484579536233552,"meadow":0.00018475078602762308,"wood":6.37071675957321e-5,"forest":3.822430055743926e-5,"tree_row":3.822430055743926e-5,"allotments":3.185358379786605e-5,"garden":3.185358379786605e-5,"wetland":1.274143351914642e-5,"scrub":1.274143351914642e-5,"recreation_ground":6.37071675957321e-6,"residential":6.37071675957321e-6,"shrubbery":6.37071675957321e-6,"industrial":6.37071675957321e-6,"fitness_centre":6.37071675957321e-6,"pitch":6.37071675957321e-6,"beach":6.37071675957321e-6,"playground":6.37071675957321e-6,"building_density":0.0014652648547018384,"road_density":0.36787300774762677,"edge_length":18.56135235530043,"fraction_oneway":0.284}