{"grass":0.00014742856998396108,"water":6.354679740687978e-5,"forest":4.956650197736623e-5,"playground":2.1605911118339125e-5,"static_caravan":6.354679740687978e-6,"pitch":6.354679740687978e-6,"park":5.083743792550382e-6,"allotments":2.541871896275191e-6,"industrial":2.541871896275191e-6,"scrub":2.541871896275191e-6,"wood":2.541871896275191e-6,"residential":1.2709359481375956e-6,"retail":1.2709359481375956e-6,"brownfield":1.2709359481375956e-6,"shrubbery":1.2709359481375956e-6,"construction":1.2709359481375956e-6,"swimming_pool":1.2709359481375956e-6,"tree_row":1.2709359481375956e-6,"garden":1.2709359481375956e-6,"railway":1.2709359481375956e-6,"building_density":0.003937359567330271,"road_density":0.3749075012691114,"fraction_oneway":0.22955145118733508}