{"grass":0.00016348551468403042,"forest":0.00015823999014871396,"water":8.567690074350258e-5,"grassland":1.8359335873607696e-5,"pitch":1.1365303159852382e-5,"wood":6.994032713755313e-6,"playground":6.994032713755313e-6,"meadow":4.3712704460970705e-6,"shrubbery":4.3712704460970705e-6,"tree_row":3.4970163568776563e-6,"residential":3.4970163568776563e-6,"sports_centre":2.622762267658242e-6,"scrub":1.7485081784388282e-6,"sand":1.7485081784388282e-6,"park":8.742540892194141e-7,"retail":8.742540892194141e-7,"garden":8.742540892194141e-7,"golf_course":8.742540892194141e-7,"marina":8.742540892194141e-7,"building_density":0.006629468758550817,"road_density":0.6990583113449564,"edge_length":19.189916089102567,"fraction_oneway":0.10657193605683836}