{"grass":0.00017951038713335038,"water":8.214882123051628e-5,"pitch":3.651058721356279e-5,"shrubbery":3.1946763811867435e-5,"forest":2.738294041017209e-5,"playground":2.5861665942940307e-5,"scrub":2.2819117008476743e-5,"residential":2.129784254124496e-5,"tree_row":1.9776568074013175e-5,"wood":1.8255293606781395e-5,"garden":1.5212744672317827e-5,"park":6.085097868927131e-6,"meadow":4.563823401695349e-6,"sand":3.0425489344635654e-6,"sports_centre":1.5212744672317827e-6,"industrial":1.5212744672317827e-6,"building_density":0.006803139417460533,"road_density":0.7940816854684701,"edge_length":18.169253911170617,"fraction_oneway":0.12138728323699421}