{"water":4.5189630156259995e-5,"playground":1.106684820153306e-5,"wetland":3.68894940051102e-6,"park":1.84447470025551e-6,"pitch":9.22237350127755e-7,"sand":9.22237350127755e-7,"grassland":9.22237350127755e-7,"dog_park":9.22237350127755e-7,"building_density":0.0019818880654245453,"road_density":0.3408838361875952,"fraction_oneway":0.24893617021276596}