{"grass":7.96833830940017e-5,"scrub":2.160905304244114e-5,"playground":2.160905304244114e-5,"pitch":1.2155092336373141e-5,"water":6.752829075762855e-6,"garden":4.051697445457713e-6,"construction":2.7011316303051424e-6,"grassland":2.7011316303051424e-6,"greenery":2.7011316303051424e-6,"residential":2.7011316303051424e-6,"park":1.3505658151525712e-6,"meadow":1.3505658151525712e-6,"building_density":0.009252726399610264,"road_density":0.9285136315461144,"fraction_oneway":0.7078947368421052}