{"grass":0.00013493673116959852,"forest":3.0426909969615352e-5,"water":1.918218237214881e-5,"pitch":9.921818468352833e-6,"playground":2.6458182582274217e-6,"sports_centre":1.9843636936705663e-6,"shrubbery":1.3229091291137108e-6,"farmland":1.3229091291137108e-6,"grassland":6.614545645568554e-7,"flowerbed":6.614545645568554e-7,"marina":6.614545645568554e-7,"residential":6.614545645568554e-7,"tree_row":6.614545645568554e-7,"building_density":0.0016371000472782172,"road_density":0.23157564082680157,"fraction_oneway":0.16237113402061856}