{"grass":9.461682611025852e-5,"forest":6.623177827718097e-5,"water":3.639108696548405e-5,"pitch":6.550395653787128e-6,"tree_row":5.822573914477447e-6,"grassland":2.9112869572387235e-6,"shrubbery":2.9112869572387235e-6,"playground":2.1834652179290425e-6,"residential":2.1834652179290425e-6,"wood":1.4556434786193618e-6,"construction":1.4556434786193618e-6,"park":1.4556434786193618e-6,"scrub":7.278217393096809e-7,"retail":7.278217393096809e-7,"allotments":7.278217393096809e-7,"building_density":0.0026965795441423676,"road_density":0.5700918584555004,"edge_length":33.69257614161567,"fraction_oneway":0.1930232558139535}