{"water":6.259701633244259e-6,"wetland":5.946716551582046e-6,"playground":2.8168657349599167e-6,"scrub":2.8168657349599167e-6,"pitch":1.8779104899732778e-6,"grassland":1.2519403266488518e-6,"sand":9.389552449866389e-7,"park":9.389552449866389e-7,"wood":6.259701633244259e-7,"tree_row":6.259701633244259e-7,"stadium":3.1298508166221295e-7,"beach":3.1298508166221295e-7,"garden":3.1298508166221295e-7,"dog_park":3.1298508166221295e-7,"sports_hall":3.1298508166221295e-7,"building_density":0.0010278430081787073,"road_density":0.17032019682220387,"fraction_oneway":0.38109756097560976}