{"grass":8.701551096635139e-5,"water":1.6113983512287294e-5,"pitch":1.2891186809829835e-5,"forest":9.668390107372376e-6,"playground":9.668390107372376e-6,"park":6.4455934049149175e-6,"flowerbed":6.4455934049149175e-6,"construction":6.4455934049149175e-6,"railway":3.2227967024574588e-6,"residential":3.2227967024574588e-6,"garden":3.2227967024574588e-6,"building_density":0.021460603241664218,"road_density":3.1821663722067934,"edge_length":32.08320882690585,"fraction_oneway":0.7451612903225806}