{"garden":0.0017526869822442638,"grass":8.027573964477544e-5,"playground":2.6758579881591814e-5,"residential":2.6758579881591814e-5,"park":2.6758579881591814e-5,"scrub":1.3379289940795907e-5,"outdoor_seating":1.3379289940795907e-5,"pitch":1.3379289940795907e-5,"dog_park":1.3379289940795907e-5,"building_density":0.02948795502951418,"road_density":2.987409975614872,"edge_length":19.754590610242293,"fraction_oneway":0.5454545454545454}