{"grass":3.7839830424027125e-5,"forest":1.57665960100113e-5,"pitch":1.2613276808009041e-5,"greenery":1.2613276808009041e-5,"park":3.1533192020022602e-6,"playground":3.1533192020022602e-6,"residential":3.1533192020022602e-6,"shrubbery":3.1533192020022602e-6,"water":3.1533192020022602e-6,"building_density":0.012616430127211043,"road_density":2.1539808370658777,"fraction_oneway":0.6515151515151515}