{"grass":0.00012663058314357165,"forest":3.227838393855748e-5,"wood":1.2414763053291338e-5,"industrial":9.93181044263307e-6,"scrub":9.93181044263307e-6,"pitch":7.448857831974802e-6,"water":2.4829526106582674e-6,"playground":2.4829526106582674e-6,"commercial":2.4829526106582674e-6,"allotments":2.4829526106582674e-6,"railway":2.4829526106582674e-6,"residential":2.4829526106582674e-6,"shrubbery":2.4829526106582674e-6,"building_density":0.0022123107760965164,"road_density":0.3639465997319021,"fraction_oneway":0.2923076923076923}