{"scrub":2.2164339860948462e-5,"playground":1.4248504196324013e-5,"pitch":1.1082169930474231e-5,"park":7.915835664624452e-6,"shrubbery":6.332668531699561e-6,"garden":4.74950139877467e-6,"water":3.1663342658497805e-6,"wetland":1.5831671329248902e-6,"beach":1.5831671329248902e-6,"building_density":0.005981205428190235,"road_density":0.8622586498249112,"fraction_oneway":0.3972602739726027}