{"grass":0.0002495943097882063,"water":0.00016936756735628285,"forest":6.239857744705157e-5,"commercial":2.6742247477307817e-5,"shrubbery":1.7828164984871877e-5,"scrub":8.914082492435939e-6,"building_density":0.003779570976792838,"road_density":0.6539441428729748,"edge_length":18.781564521546358,"fraction_oneway":0.30612244897959184}