{"grass":0.00013486918671330812,"water":3.015708522782045e-5,"static_caravan":2.6387449574342892e-5,"playground":2.345551073274924e-5,"forest":1.5916239425794127e-5,"pitch":1.1308906960432669e-5,"residential":1.0471210148548767e-5,"scrub":8.795816524780963e-6,"park":5.445029277245359e-6,"tree_row":5.026180871303408e-6,"shrubbery":2.931938841593655e-6,"sports_centre":2.0942420297097536e-6,"wetland":1.256545217825852e-6,"allotments":1.256545217825852e-6,"fitness_station":8.376968118839013e-7,"garden":4.1884840594195067e-7,"retail":4.1884840594195067e-7,"education":4.1884840594195067e-7,"dog_park":4.1884840594195067e-7,"construction":4.1884840594195067e-7,"swimming_pool":4.1884840594195067e-7,"commercial":4.1884840594195067e-7,"basin":4.1884840594195067e-7,"industrial":4.1884840594195067e-7,"meadow":4.1884840594195067e-7,"building_density":0.0036820963366356882,"road_density":0.5015447109984166,"edge_length":23.387447577024915,"fraction_oneway":0.23837209302325582}