{"grass":0.00028695393235536663,"forest":5.0103067554111635e-5,"water":4.782565539256111e-5,"playground":1.3664472969303174e-5,"garden":9.109648646202116e-6,"pitch":9.109648646202116e-6,"tree_row":9.109648646202116e-6,"wood":4.554824323101058e-6,"park":2.277412161550529e-6,"residential":2.277412161550529e-6,"scrub":2.277412161550529e-6,"shrubbery":2.277412161550529e-6,"sports_centre":2.277412161550529e-6,"grassland":2.277412161550529e-6,"fitness_station":2.277412161550529e-6,"brownfield":2.277412161550529e-6,"building_density":0.013593873192295108,"road_density":1.9968037983324076,"edge_length":25.475384457207742,"fraction_oneway":0.3209169054441261}