{"grass":0.00018284921114226812,"scrub":5.4465722467909656e-5,"playground":3.5013678729370496e-5,"pitch":2.7232861233954828e-5,"park":1.9452043738539164e-5,"shrubbery":1.5561634990831332e-5,"garden":1.1671226243123498e-5,"forest":1.1671226243123498e-5,"water":7.780817495415666e-6,"construction":7.780817495415666e-6,"wetland":3.890408747707833e-6,"beach":3.890408747707833e-6,"commercial":3.890408747707833e-6,"industrial":3.890408747707833e-6,"railway":3.890408747707833e-6,"residential":3.890408747707833e-6,"allotments":3.890408747707833e-6,"building_density":0.014697964248840192,"road_density":2.1188783700101785,"edge_length":26.381282670041138,"fraction_oneway":0.3972602739726027}