{"water":3.5790561218385927e-5,"greenery":3.1579906957399344e-6,"pitch":2.10532713049329e-6,"swimming_pool":2.10532713049329e-6,"dog_park":2.10532713049329e-6,"wood":1.052663565246645e-6,"fitness_station":1.052663565246645e-6,"park":1.052663565246645e-6,"playground":1.052663565246645e-6,"sports_centre":1.052663565246645e-6,"building_density":0.0027221879797278237,"road_density":0.3556623587332111,"fraction_oneway":0.2}