{"grass":0.00015609465545064614,"water":6.637095586090465e-5,"forest":5.039276278327946e-5,"pitch":1.5978193077625192e-5,"playground":1.4749101302423256e-5,"residential":9.832734201615505e-6,"shrubbery":8.603642426413565e-6,"tree_row":6.14545887600969e-6,"park":4.916367100807752e-6,"scrub":3.687275325605814e-6,"grassland":2.458183550403876e-6,"construction":2.458183550403876e-6,"industrial":1.229091775201938e-6,"cemetery":1.229091775201938e-6,"flowerbed":1.229091775201938e-6,"commercial":1.229091775201938e-6,"building_density":0.005969698752155813,"road_density":0.748763323376913,"edge_length":19.960043887616365,"fraction_oneway":0.3696319018404908}