{"water":1.1656610015188987e-5,"pitch":8.477534556501081e-6,"greenery":4.2387672782505406e-6,"park":2.649229548906588e-6,"playground":2.649229548906588e-6,"scrub":1.5895377293439527e-6,"sports_centre":1.5895377293439527e-6,"tree_row":1.5895377293439527e-6,"grassland":1.0596918195626351e-6,"wood":5.298459097813176e-7,"garden":5.298459097813176e-7,"outdoor_seating":5.298459097813176e-7,"shrubbery":5.298459097813176e-7,"fitness_station":5.298459097813176e-7,"building_density":0.004485675472208634,"road_density":0.6506463885729952,"fraction_oneway":0.6371428571428571}