{"grass":0.0001156650999953614,"grassland":2.6117925805404186e-5,"scrub":2.23867935474893e-5,"water":1.8655661289574417e-5,"playground":1.8655661289574417e-5,"tree_row":7.462264515829767e-6,"residential":3.7311322579148834e-6,"pitch":3.7311322579148834e-6,"park":3.7311322579148834e-6,"building_density":0.005160155912696284,"road_density":0.8000142614750496,"edge_length":23.64534057601313,"fraction_oneway":0.2441860465116279}