{"grass":0.0002645064890636093,"forest":9.531765371661596e-5,"water":5.480765088705418e-5,"pitch":2.621235477206939e-5,"scrub":1.1914706714576995e-5,"playground":1.1914706714576995e-5,"heath":9.531765371661596e-6,"residential":4.765882685830798e-6,"park":4.765882685830798e-6,"retail":2.382941342915399e-6,"industrial":2.382941342915399e-6,"sports_centre":2.382941342915399e-6,"swimming_pool":2.382941342915399e-6,"building_density":0.01053974955971481,"road_density":1.548967926651941,"edge_length":24.173429636582508,"fraction_oneway":0.45931758530183725}