{"grass":9.684324885038457e-5,"forest":4.769891361287598e-5,"water":4.577168478003251e-5,"garden":3.854457665686948e-5,"shrubbery":8.190722539584764e-6,"scrub":7.708915331373896e-6,"residential":6.26349370674129e-6,"playground":5.781686498530422e-6,"park":2.890843249265211e-6,"sports_centre":2.4090360410543426e-6,"pitch":2.4090360410543426e-6,"wood":1.927228832843474e-6,"grassland":1.927228832843474e-6,"track":1.4454216246326055e-6,"tree_row":9.63614416421737e-7,"education":9.63614416421737e-7,"flowerbed":4.818072082108685e-7,"farmyard":4.818072082108685e-7,"construction":4.818072082108685e-7,"recreation_ground":4.818072082108685e-7,"allotments":4.818072082108685e-7,"orchard":4.818072082108685e-7,"schoolyard":4.818072082108685e-7,"building_density":0.002883616141142048,"road_density":0.3001688209845188,"fraction_oneway":0.18223583460949463}