{"scrub":0.00035277741028065675,"grass":0.00029398117523388065,"playground":0.00011759247009355226,"building_density":0.010377535485755986,"road_density":1.3482230778878967,"edge_length":18.126823826897784,"fraction_oneway":0.0}