{"grass":5.953564170348154e-5,"forest":3.498486161957163e-5,"water":1.933373931607906e-5,"track":6.7514645230752265e-6,"grassland":2.1481932573421175e-6,"garden":2.1481932573421175e-6,"sand":1.5344237552443698e-6,"marina":1.2275390041954958e-6,"tree_row":9.206542531466218e-7,"park":9.206542531466218e-7,"playground":9.206542531466218e-7,"wood":6.137695020977479e-7,"construction":6.137695020977479e-7,"orchard":6.137695020977479e-7,"pitch":6.137695020977479e-7,"scrub":6.137695020977479e-7,"shrubbery":3.0688475104887394e-7,"sports_centre":3.0688475104887394e-7,"retail":3.0688475104887394e-7,"residential":3.0688475104887394e-7,"basin":3.0688475104887394e-7,"allotments":3.0688475104887394e-7,"building_density":0.0013748436846989552,"road_density":0.18222681816508932,"fraction_oneway":0.28545454545454546}