{"water":4.6023788733171484e-5,"tree_row":1.2163429879481035e-5,"wood":6.903568309975723e-6,"pitch":5.259861569505313e-6,"scrub":3.2874134809408205e-6,"wetland":1.9724480885644923e-6,"garden":9.862240442822462e-7,"park":9.862240442822462e-7,"sports_centre":6.574826961881641e-7,"grassland":6.574826961881641e-7,"nature_reserve":3.2874134809408205e-7,"beach":3.2874134809408205e-7,"building_density":0.0001334689873261973,"road_density":0.038278043021986334,"fraction_oneway":0.35462555066079293}