{"grass":0.00019491694913575973,"water":6.0491466973166814e-5,"forest":4.0327644648777876e-5,"playground":1.3442548216259292e-5,"industrial":1.0081911162194469e-5,"wood":1.0081911162194469e-5,"pitch":1.0081911162194469e-5,"residential":6.721274108129646e-6,"greenfield":3.360637054064823e-6,"brownfield":3.360637054064823e-6,"cemetery":3.360637054064823e-6,"grassland":3.360637054064823e-6,"allotments":3.360637054064823e-6,"building_density":0.003955469812634296,"road_density":0.5770572917982831,"edge_length":23.085598999675142,"fraction_oneway":0.24873096446700507}