{"grass":6.759251936173911e-5,"water":1.4484111291801238e-5,"forest":1.1265419893623186e-5,"greenery":6.437382796356106e-6,"playground":4.828037097267079e-6,"pitch":1.6093456990890264e-6,"residential":1.6093456990890264e-6,"shrubbery":1.6093456990890264e-6,"tree_row":1.6093456990890264e-6,"garden":1.6093456990890264e-6,"park":1.6093456990890264e-6,"building_density":0.010042317162315526,"road_density":1.3684810270507781,"fraction_oneway":0.7072463768115942}