{"water":4.969633807179124e-5,"pitch":1.6264256096222586e-5,"playground":3.6142791324939083e-6,"grassland":3.6142791324939083e-6,"greenery":1.8071395662469541e-6,"dog_park":9.035697831234771e-7,"sports_hall":9.035697831234771e-7,"building_density":0.0027414307219966296,"road_density":0.3276762778913786,"fraction_oneway":0.1797752808988764}