{"scrub":0.0008152638446650566,"garden":0.0004109460030018985,"grass":0.00027175461488835223,"forest":0.0002584982922108716,"water":4.6397129371182085e-5,"sand":2.6512645354961192e-5,"residential":6.628161338740298e-6,"religious":6.628161338740298e-6,"playground":6.628161338740298e-6,"building_density":0.007237952181904405,"road_density":0.8969525287480898,"edge_length":17.429738069402365,"fraction_oneway":0.11688311688311688}