{"water":0.00020126027818945805,"grass":0.00017308383924293392,"grassland":7.379543533613462e-5,"meadow":5.0985937141329376e-5,"wood":1.8784292631016083e-5,"forest":1.6100822255156644e-5,"wetland":6.708675939648602e-6,"farmyard":6.708675939648602e-6,"shrubbery":6.708675939648602e-6,"playground":5.3669407517188815e-6,"track":5.3669407517188815e-6,"tree_row":5.3669407517188815e-6,"residential":4.025205563789161e-6,"pitch":4.025205563789161e-6,"construction":2.6834703758594407e-6,"industrial":2.6834703758594407e-6,"allotments":2.6834703758594407e-6,"sand":2.6834703758594407e-6,"miniature_golf":1.3417351879297204e-6,"recreation_ground":1.3417351879297204e-6,"scrub":1.3417351879297204e-6,"railway":1.3417351879297204e-6,"golf_course":1.3417351879297204e-6,"building_density":0.0025989410590198684,"road_density":0.4052010930253175,"edge_length":23.52191085606491,"fraction_oneway":0.2159383033419023}