{"grass":0.00012971575104220496,"scrub":4.8427213722423184e-5,"water":2.2484063513982194e-5,"static_caravan":1.5565890125064596e-5,"forest":1.7295433472293995e-6,"commercial":1.7295433472293995e-6,"pitch":1.7295433472293995e-6,"playground":1.7295433472293995e-6,"residential":1.7295433472293995e-6,"park":1.7295433472293995e-6,"construction":1.7295433472293995e-6,"farmland":1.7295433472293995e-6,"fitness_station":1.7295433472293995e-6,"building_density":0.001954383982369221,"road_density":0.3101837411399017,"fraction_oneway":0.047337278106508875}