{"grass":0.0001936595117931934,"forest":5.273357598124515e-5,"playground":3.091278592004026e-5,"water":2.3639189232971966e-5,"pitch":1.0910395030602446e-5,"tree_row":1.0001195444718909e-5,"scrub":1.0001195444718909e-5,"shrubbery":5.455197515301223e-6,"sports_centre":4.545997929417686e-6,"retail":4.545997929417686e-6,"residential":3.636798343534149e-6,"commercial":2.7275987576506115e-6,"religious":2.7275987576506115e-6,"park":1.8183991717670744e-6,"allotments":9.091995858835372e-7,"outdoor_seating":9.091995858835372e-7,"meadow":9.091995858835372e-7,"static_caravan":9.091995858835372e-7,"industrial":9.091995858835372e-7,"garages":9.091995858835372e-7,"garden":9.091995858835372e-7,"building_density":0.009334752148266276,"road_density":1.3597258929400733,"edge_length":29.778178908072316,"fraction_oneway":0.47578947368421054}