{"grass":6.898814887490841e-5,"forest":3.4788895586492275e-5,"water":3.243032639418772e-5,"scrub":2.555116624996608e-6,"pitch":1.9654743269204676e-6,"allotments":1.768926894228421e-6,"grassland":1.5723794615363742e-6,"residential":1.3758320288443275e-6,"construction":9.827371634602338e-7,"industrial":7.861897307681871e-7,"park":7.861897307681871e-7,"track":5.896422980761403e-7,"playground":5.896422980761403e-7,"railway":3.9309486538409355e-7,"heath":3.9309486538409355e-7,"sports_centre":3.9309486538409355e-7,"shrubbery":1.9654743269204677e-7,"orchard":1.9654743269204677e-7,"outdoor_seating":1.9654743269204677e-7,"tree_row":1.9654743269204677e-7,"greenery":1.9654743269204677e-7,"building_density":0.00035162335708607167,"road_density":0.07728846980416507,"fraction_oneway":0.3565525383707202}