{"water":2.6745199363551406e-5,"pitch":1.783013290903427e-5,"park":6.367904610369382e-6,"wood":5.094323688295505e-6,"grassland":3.82074276622163e-6,"fitness_station":3.82074276622163e-6,"playground":2.5471618441477526e-6,"garden":2.5471618441477526e-6,"scrub":1.2735809220738763e-6,"horse_riding":1.2735809220738763e-6,"miniature_golf":1.2735809220738763e-6,"track":1.2735809220738763e-6,"building_density":0.00021396159490841125,"road_density":0.07293993360335195,"fraction_oneway":0.6307692307692307}