{"water":5.606968042590377e-5,"grassland":4.2719756514974304e-5,"grass":3.470980216841662e-5,"meadow":2.5809852894463642e-5,"wood":8.89994927395298e-6,"forest":5.339969564371788e-6,"tree_row":5.339969564371788e-6,"allotments":4.44997463697649e-6,"garden":4.44997463697649e-6,"wetland":1.779989854790596e-6,"scrub":1.779989854790596e-6,"recreation_ground":8.89994927395298e-7,"residential":8.89994927395298e-7,"shrubbery":8.89994927395298e-7,"industrial":8.89994927395298e-7,"fitness_centre":8.89994927395298e-7,"pitch":8.89994927395298e-7,"beach":8.89994927395298e-7,"playground":8.89994927395298e-7,"building_density":0.00020469883330091854,"road_density":0.051392193873483816,"fraction_oneway":0.284}