{"grass":0.0001492735419145151,"forest":9.62605083373976e-5,"shrubbery":4.4642554591256854e-5,"water":1.9531117633674875e-5,"residential":1.674095797172132e-5,"playground":1.2555718478790991e-5,"garden":9.765558816837438e-6,"pitch":6.975399154883883e-6,"tree_row":5.580319323907107e-6,"scrub":4.18523949293033e-6,"sports_centre":4.18523949293033e-6,"allotments":2.7901596619535534e-6,"park":2.7901596619535534e-6,"static_caravan":2.7901596619535534e-6,"religious":1.3950798309767767e-6,"industrial":1.3950798309767767e-6,"commercial":1.3950798309767767e-6,"swimming_pool":1.3950798309767767e-6,"flowerbed":1.3950798309767767e-6,"retail":1.3950798309767767e-6,"building_density":0.013090034054055096,"road_density":1.94849556499928,"edge_length":29.267850350676788,"fraction_oneway":0.5826377295492488}