{"grass":0.00011080631981040609,"pitch":2.518325450236502e-5,"forest":2.350437086887402e-5,"grassland":1.0073301800946008e-5,"playground":1.0073301800946008e-5,"water":1.0073301800946008e-5,"scrub":5.036650900473004e-6,"residential":3.3577672669820025e-6,"recreation_ground":3.3577672669820025e-6,"park":3.3577672669820025e-6,"wood":1.6788836334910012e-6,"education":1.6788836334910012e-6,"fitness_centre":1.6788836334910012e-6,"garden":1.6788836334910012e-6,"meadow":1.6788836334910012e-6,"railway":1.6788836334910012e-6,"sports_centre":1.6788836334910012e-6,"sports_hall":1.6788836334910012e-6,"allotments":1.6788836334910012e-6,"building_density":0.007041237958861259,"road_density":0.915812425018054,"fraction_oneway":0.5565476190476191}