{"grass":3.587046319600416e-5,"tree_row":2.3913642130669444e-5,"pitch":2.3913642130669444e-5,"water":1.5942428087112963e-5,"playground":1.1956821065334722e-5,"shrubbery":7.971214043556481e-6,"residential":3.985607021778241e-6,"greenfield":3.985607021778241e-6,"building_density":0.014710875517383485,"road_density":1.6933333704536178,"edge_length":24.646832599652605,"fraction_oneway":0.642512077294686}