{"water":3.814183458560084e-5,"pitch":1.6951926482489263e-5,"shrubbery":1.4832935672178104e-5,"playground":1.2007614591763226e-5,"scrub":1.0594954051555789e-5,"tree_row":9.18229351134835e-6,"wood":8.475963241244631e-6,"garden":7.0633027010371925e-6,"park":2.825321080414877e-6,"sand":1.4126605402074384e-6,"sports_centre":7.063302701037192e-7,"building_density":0.0031587089679038323,"road_density":0.36869344977700486,"fraction_oneway":0.12138728323699421}