{"grass":3.8924544185823535e-5,"scrub":2.189505610452574e-5,"tree_row":1.2163920058069855e-5,"forest":9.731136046455884e-6,"commercial":9.731136046455884e-6,"pitch":7.298352034841913e-6,"residential":4.865568023227942e-6,"playground":4.865568023227942e-6,"retail":4.865568023227942e-6,"water":2.432784011613971e-6,"education":2.432784011613971e-6,"industrial":2.432784011613971e-6,"railway":2.432784011613971e-6,"static_caravan":2.432784011613971e-6,"allotments":2.432784011613971e-6,"building_density":0.0047585255267169274,"road_density":0.6595126683360654,"fraction_oneway":0.5340909090909091}