{"scrub":5.316475232914487e-5,"water":4.627302517536683e-5,"playground":1.1814389406476637e-5,"pitch":9.845324505397198e-6,"shrubbery":6.891727153778039e-6,"tree_row":5.9071947032383186e-6,"wetland":3.93812980215888e-6,"garden":1.96906490107944e-6,"sports_centre":9.8453245053972e-7,"park":9.8453245053972e-7,"building_density":0.008671761824353853,"road_density":0.8675937964482305,"fraction_oneway":0.3486238532110092}