{"grassland":3.874723322423695e-5,"water":2.5118896021229468e-5,"wetland":5.344445961963717e-6,"playground":5.077223663865531e-6,"scrub":4.542779067669159e-6,"greenery":3.4738898752764158e-6,"pitch":3.4738898752764158e-6,"tree_row":2.1377783847854867e-6,"wood":1.8705560866873008e-6,"park":1.6033337885891151e-6,"garden":1.0688891923927434e-6,"shrubbery":8.016668942945576e-7,"fitness_station":5.344445961963717e-7,"swimming_pool":2.6722229809818584e-7,"track":2.6722229809818584e-7,"dog_park":2.6722229809818584e-7,"beach":2.6722229809818584e-7,"marina":2.6722229809818584e-7,"sports_centre":2.6722229809818584e-7,"swimming_area":2.6722229809818584e-7,"building_density":0.0014101320670641267,"road_density":0.2127945931943953,"fraction_oneway":0.18253968253968253}