{"water":3.9928467288607394e-5,"garden":4.367176109691434e-6,"pitch":3.119411506922453e-6,"playground":1.247764602768981e-6,"sports_centre":6.238823013844905e-7,"building_density":0.0019390261927029967,"road_density":0.33132123861480645,"fraction_oneway":0.11413043478260869}