{"grass":0.00013958455751274175,"forest":5.952870835102222e-5,"water":2.0527140810697316e-5,"wetland":1.950078377016245e-5,"scrub":9.237213364813791e-6,"playground":9.237213364813791e-6,"industrial":8.210856324278926e-6,"pitch":6.158142243209195e-6,"residential":5.131785202674329e-6,"grassland":4.105428162139463e-6,"sand":3.0790711216045973e-6,"park":3.0790711216045973e-6,"wood":2.0527140810697316e-6,"brownfield":2.0527140810697316e-6,"commercial":2.0527140810697316e-6,"tree_row":2.0527140810697316e-6,"garden":1.0263570405348658e-6,"dog_park":1.0263570405348658e-6,"sports_hall":1.0263570405348658e-6,"stadium":1.0263570405348658e-6,"allotments":1.0263570405348658e-6,"cemetery":1.0263570405348658e-6,"beach":1.0263570405348658e-6,"railway":1.0263570405348658e-6,"building_density":0.003370556521116499,"road_density":0.5585228926099897,"edge_length":24.678242274273728,"fraction_oneway":0.38109756097560976}