{"grass":0.00019231972856392874,"forest":9.472464242700968e-5,"water":9.08973841471305e-5,"garden":7.654516559758359e-5,"shrubbery":1.626584768948651e-5,"scrub":1.5309033119516717e-5,"residential":1.2438589409607332e-5,"playground":1.1481774839637536e-5,"park":5.740887419818768e-6,"sports_centre":4.784072849848974e-6,"pitch":4.784072849848974e-6,"wood":3.827258279879179e-6,"grassland":3.827258279879179e-6,"track":2.870443709909384e-6,"tree_row":1.9136291399395896e-6,"education":1.9136291399395896e-6,"flowerbed":9.568145699697948e-7,"farmyard":9.568145699697948e-7,"construction":9.568145699697948e-7,"recreation_ground":9.568145699697948e-7,"allotments":9.568145699697948e-7,"orchard":9.568145699697948e-7,"schoolyard":9.568145699697948e-7,"building_density":0.005726535201269221,"road_density":0.5961012962739729,"edge_length":17.92462185543057,"fraction_oneway":0.18223583460949463}