{"grass":0.00011255157756824524,"water":3.867411035384638e-5,"pitch":1.9832877104536603e-5,"forest":1.933705517692319e-5,"playground":1.5866301683629284e-5,"shrubbery":7.933150841814642e-6,"scrub":6.941506986587811e-6,"tree_row":6.941506986587811e-6,"garden":5.9498631313609815e-6,"flowerbed":4.958219276134151e-6,"park":4.462397348520736e-6,"residential":2.4791096380670754e-6,"construction":2.4791096380670754e-6,"wood":1.4874657828402454e-6,"sports_centre":1.4874657828402454e-6,"recreation_ground":9.916438552268302e-7,"grassland":9.916438552268302e-7,"commercial":9.916438552268302e-7,"plant_nursery":9.916438552268302e-7,"allotments":4.958219276134151e-7,"sports_hall":4.958219276134151e-7,"swimming_pool":4.958219276134151e-7,"outdoor_seating":4.958219276134151e-7,"meadow":4.958219276134151e-7,"farmyard":4.958219276134151e-7,"building_density":0.002984848004232759,"road_density":0.36779194129597204,"fraction_oneway":0.22948717948717948}