{"grass":0.0001403063456573874,"water":6.949753569945358e-5,"forest":3.278185646200641e-5,"playground":1.8357839618723587e-5,"pitch":6.556371292401281e-6,"retail":2.6225485169605126e-6,"park":2.6225485169605126e-6,"commercial":1.3112742584802563e-6,"residential":1.3112742584802563e-6,"tree_row":1.3112742584802563e-6,"building_density":0.008194152841243122,"road_density":0.8706891200245505,"edge_length":19.5134094658082,"fraction_oneway":0.4307004470938897}