{"grass":0.0004558693742062621,"forest":0.00011620199734669427,"wood":4.469307590257472e-5,"industrial":3.575446072205977e-5,"scrub":3.575446072205977e-5,"pitch":2.681584554154483e-5,"water":8.938615180514943e-6,"playground":8.938615180514943e-6,"commercial":8.938615180514943e-6,"allotments":8.938615180514943e-6,"railway":8.938615180514943e-6,"residential":8.938615180514943e-6,"shrubbery":8.938615180514943e-6,"building_density":0.007964306125838814,"road_density":1.3102056750079938,"edge_length":23.622586592791258,"fraction_oneway":0.2923076923076923}