{"grass":9.502547716698302e-5,"scrub":5.3451830906427945e-5,"tree_row":2.969546161468219e-5,"forest":2.3756369291745754e-5,"commercial":2.3756369291745754e-5,"pitch":1.7817276968809316e-5,"residential":1.1878184645872877e-5,"playground":1.1878184645872877e-5,"retail":1.1878184645872877e-5,"water":5.9390923229364385e-6,"education":5.9390923229364385e-6,"industrial":5.9390923229364385e-6,"railway":5.9390923229364385e-6,"static_caravan":5.9390923229364385e-6,"allotments":5.9390923229364385e-6,"building_density":0.011616864583663674,"road_density":1.610051121141443,"edge_length":24.367982245950646,"fraction_oneway":0.5340909090909091}