{"grass":0.00022388156919495982,"shrubbery":8.955262767798393e-5,"playground":2.9850875892661312e-5,"construction":1.4925437946330656e-5,"pitch":1.4925437946330656e-5,"scrub":4.975145982110219e-6,"water":2.4875729910551093e-6,"garden":2.4875729910551093e-6,"residential":2.4875729910551093e-6,"fitness_station":2.4875729910551093e-6,"park":2.4875729910551093e-6,"building_density":0.0088607349941383,"road_density":0.9715636367450692,"fraction_oneway":0.631768953068592}