{"pitch":1.7290370566812135e-5,"tree_row":1.7290370566812135e-5,"water":1.152691371120809e-5,"playground":8.645185283406068e-6,"shrubbery":5.763456855604045e-6,"building_density":0.010636459627017265,"road_density":1.2243371924823732,"fraction_oneway":0.642512077294686}