{"grass":0.00025300515018955783,"water":8.693569037350445e-5,"pitch":4.458240531974587e-5,"forest":4.3467845186752226e-5,"playground":3.56659242557967e-5,"shrubbery":1.783296212789835e-5,"scrub":1.5603841861911057e-5,"tree_row":1.5603841861911057e-5,"garden":1.3374721595923762e-5,"flowerbed":1.1145601329936468e-5,"park":1.0031041196942822e-5,"residential":5.572800664968234e-6,"construction":5.572800664968234e-6,"wood":3.3436803989809405e-6,"sports_centre":3.3436803989809405e-6,"recreation_ground":2.2291202659872937e-6,"grassland":2.2291202659872937e-6,"commercial":2.2291202659872937e-6,"plant_nursery":2.2291202659872937e-6,"allotments":1.1145601329936468e-6,"sports_hall":1.1145601329936468e-6,"swimming_pool":1.1145601329936468e-6,"outdoor_seating":1.1145601329936468e-6,"meadow":1.1145601329936468e-6,"farmyard":1.1145601329936468e-6,"building_density":0.006709652000621754,"road_density":0.8267610046573887,"edge_length":20.725965998148258,"fraction_oneway":0.22948717948717948}