{"garden":3.960144217970451e-6,"water":2.674383108239785e-6,"outdoor_seating":1.4143372207037324e-6,"park":6.171653326707197e-7,"scrub":5.914501104761064e-7,"playground":5.65734888281493e-7,"tree_row":4.88589221697653e-7,"shrubbery":3.0858266633535984e-7,"pitch":1.8000655536229323e-7,"grassland":1.8000655536229323e-7,"wood":5.1430444389226635e-8,"wetland":5.1430444389226635e-8,"schoolyard":2.5715222194613317e-8,"bandstand":2.5715222194613317e-8,"swimming_pool":2.5715222194613317e-8,"building_density":0.0002234138504268005,"road_density":0.025729606756824164,"fraction_oneway":0.29922279792746115}