{"garden":0.0007529221339583331,"park":1.1494994411577605e-5,"playground":1.1494994411577605e-5,"dog_park":5.747497205788802e-6,"pitch":5.747497205788802e-6,"scrub":5.747497205788802e-6,"outdoor_seating":5.747497205788802e-6,"building_density":0.012667483841558521,"road_density":1.283336452335725,"fraction_oneway":0.5454545454545454}