{"grass":0.00013638308425233402,"pitch":1.5736509721423157e-5,"scrub":8.742505400790642e-6,"playground":6.994004320632514e-6,"park":5.245503240474386e-6,"construction":3.497002160316257e-6,"industrial":3.497002160316257e-6,"schoolyard":3.497002160316257e-6,"garden":1.7485010801581285e-6,"education":1.7485010801581285e-6,"residential":1.7485010801581285e-6,"tree_row":1.7485010801581285e-6,"dog_park":1.7485010801581285e-6,"sports_centre":1.7485010801581285e-6,"heath":1.7485010801581285e-6,"building_density":0.010854694705621662,"road_density":1.2770311594083013,"edge_length":24.511936539866323,"fraction_oneway":0.6635294117647059}