{"water":4.0325665667594916e-5,"playground":1.0652062629176016e-5,"pitch":3.804308081848577e-6,"park":1.5217232327394307e-6,"tree_row":7.608616163697154e-7,"building_density":0.004754624240694351,"road_density":0.5052138611988007,"fraction_oneway":0.4307004470938897}