{"water":3.09193481650224e-5,"pitch":6.967740431554344e-6,"grassland":5.443547212151831e-6,"scrub":2.1774188848607324e-6,"shrubbery":1.3064513309164394e-6,"playground":1.0887094424303662e-6,"park":8.70967553944293e-7,"sports_centre":8.70967553944293e-7,"wood":6.532256654582197e-7,"tree_row":6.532256654582197e-7,"wetland":4.354837769721465e-7,"horse_riding":2.1774188848607325e-7,"track":2.1774188848607325e-7,"bleachers":2.1774188848607325e-7,"greenery":2.1774188848607325e-7,"sand":2.1774188848607325e-7,"building_density":0.0019191770051162496,"road_density":0.33416421869471163,"fraction_oneway":0.3784722222222222}