{"water":3.8574831093079e-5,"pitch":9.286533411296797e-6,"playground":8.57218468735089e-6,"shrubbery":5.0004410676213525e-6,"tree_row":3.571743619729537e-6,"park":2.8573948957836297e-6,"scrub":2.1430461718377223e-6,"grassland":1.4286974478918149e-6,"building_density":0.0034695917522052726,"road_density":0.43518159944070484,"fraction_oneway":0.3696319018404908}