{"water":1.6674356604839933e-5,"playground":1.0004613962903959e-5,"greenery":6.669742641935973e-6,"pitch":5.558118868279977e-6,"scrub":5.558118868279977e-6,"garden":4.446495094623982e-6,"park":1.1116237736559955e-6,"building_density":0.006371827470596166,"road_density":0.764270546518027,"fraction_oneway":0.62004662004662}