{"grass":0.00011501470703143465,"forest":8.215336216531047e-5,"water":2.738445405510349e-5,"residential":1.8256302703402328e-5,"playground":1.734348756823221e-5,"scrub":1.4605042162721861e-5,"tree_row":1.3692227027551745e-5,"pitch":1.277941189238163e-5,"retail":5.476890811020698e-6,"construction":5.476890811020698e-6,"religious":5.476890811020698e-6,"shrubbery":4.564075675850582e-6,"static_caravan":2.738445405510349e-6,"park":1.8256302703402326e-6,"garden":1.8256302703402326e-6,"sports_centre":1.8256302703402326e-6,"commercial":1.8256302703402326e-6,"wood":9.128151351701163e-7,"education":9.128151351701163e-7,"flowerbed":9.128151351701163e-7,"garages":9.128151351701163e-7,"grassland":9.128151351701163e-7,"industrial":9.128151351701163e-7,"railway":9.128151351701163e-7,"allotments":9.128151351701163e-7,"building_density":0.010612388761487773,"road_density":1.4894167085266854,"edge_length":28.25213810807522,"fraction_oneway":0.5743494423791822}