{"water":4.73417292081391e-5,"pitch":1.3075334733676513e-5,"playground":6.7631041725913e-6,"wood":5.8613569495791265e-6,"tree_row":4.05786250355478e-6,"sports_centre":2.2543680575304332e-6,"garden":1.8034944460243468e-6,"scrub":1.35262083451826e-6,"park":1.35262083451826e-6,"grassland":1.35262083451826e-6,"shrubbery":9.017472230121734e-7,"sand":4.508736115060867e-7,"horse_riding":4.508736115060867e-7,"building_density":0.0023233517200908645,"road_density":0.329098487795251,"fraction_oneway":0.16829268292682928}