{"scrub":0.00036787474699052404,"garden":0.00018543279929603653,"grass":0.000122624915663508,"forest":0.00011664321246041007,"water":2.0935961210842832e-5,"sand":1.1963406406195905e-5,"residential":2.990851601548976e-6,"religious":2.990851601548976e-6,"playground":2.990851601548976e-6,"building_density":0.0032660099488914817,"road_density":0.4047354567910193,"fraction_oneway":0.11688311688311688}