{"water":0.00016140481968019864,"grass":0.00012105361476014898,"grassland":6.340903630293517e-5,"forest":3.458674707432828e-5,"shrubbery":2.88222892286069e-5,"wood":2.305783138288552e-5,"playground":2.305783138288552e-5,"pitch":1.152891569144276e-5,"industrial":1.152891569144276e-5,"allotments":1.152891569144276e-5,"scrub":5.76445784572138e-6,"residential":5.76445784572138e-6,"tree_row":5.76445784572138e-6,"meadow":5.76445784572138e-6,"cemetery":5.76445784572138e-6,"building_density":0.0027727042237919836,"road_density":0.5540126807410802,"edge_length":19.848900406647623,"fraction_oneway":0.3480825958702065}