{"water":2.7998137599451634e-5,"playground":6.221808355433696e-6,"pitch":4.666356266575272e-6,"wood":4.666356266575272e-6,"grassland":1.555452088858424e-6,"building_density":0.0018307671085863652,"road_density":0.2670877442218761,"fraction_oneway":0.24873096446700507}