{"grass":4.245868043324366e-5,"water":7.862718598748825e-6,"pitch":6.29017487899906e-6,"forest":4.717631159249295e-6,"playground":4.717631159249295e-6,"park":3.14508743949953e-6,"flowerbed":3.14508743949953e-6,"construction":3.14508743949953e-6,"railway":1.572543719749765e-6,"residential":1.572543719749765e-6,"garden":1.572543719749765e-6,"building_density":0.010471568629813686,"road_density":1.5527184013800637,"fraction_oneway":0.7451612903225806}