{"grass":0.0001659611446957603,"water":5.716439428409521e-5,"forest":3.5036241657993836e-5,"grassland":1.6596114469576028e-5,"pitch":1.1064076313050686e-5,"playground":1.1064076313050686e-5,"tree_row":1.1064076313050686e-5,"garden":3.688025437683562e-6,"park":3.688025437683562e-6,"wood":1.844012718841781e-6,"construction":1.844012718841781e-6,"education":1.844012718841781e-6,"industrial":1.844012718841781e-6,"residential":1.844012718841781e-6,"static_caravan":1.844012718841781e-6,"cemetery":1.844012718841781e-6,"building_density":0.010479524281177842,"road_density":1.905769392044715,"edge_length":30.536886085925808,"fraction_oneway":0.233983286908078}