{"grass":0.00012026672542455345,"scrub":0.00010881275157459598,"water":7.445083002472356e-5,"playground":4.008890847485115e-5,"park":1.7180960774936207e-5,"garden":1.1453973849957471e-5,"shrubbery":1.1453973849957471e-5,"residential":1.1453973849957471e-5,"pitch":5.7269869249787355e-6,"forest":5.7269869249787355e-6,"cemetery":5.7269869249787355e-6,"building_density":0.02369827189556201,"road_density":3.4644451487767536,"edge_length":28.016548193293712,"fraction_oneway":0.5742971887550201}