{"grass":0.0003379521221259618,"forest":9.172986171990392e-5,"water":6.565926944161544e-5,"pitch":3.089847973723079e-5,"tree_row":2.896732475365387e-5,"playground":1.9311549835769246e-5,"shrubbery":1.738039485219232e-5,"construction":1.3518084885038472e-5,"scrub":1.1586929901461546e-5,"park":8.69019742609616e-6,"flowerbed":7.724619934307698e-6,"grassland":6.759042442519236e-6,"recreation_ground":6.759042442519236e-6,"garden":5.793464950730773e-6,"residential":4.8278874589423115e-6,"industrial":3.862309967153849e-6,"wood":2.8967324753653866e-6,"outdoor_seating":2.8967324753653866e-6,"greenhouse_horticulture":1.9311549835769244e-6,"meadow":1.9311549835769244e-6,"cemetery":1.9311549835769244e-6,"allotments":1.9311549835769244e-6,"education":9.655774917884622e-7,"sports_centre":9.655774917884622e-7,"sand":9.655774917884622e-7,"plant_nursery":9.655774917884622e-7,"sports_hall":9.655774917884622e-7,"building_density":0.007916769855173603,"road_density":0.9710905253060068,"edge_length":21.09157501167879,"fraction_oneway":0.3252885624344176}