{"water":4.9853540672077915e-5,"grassland":4.85586435117642e-6,"scrub":4.208415771019564e-6,"playground":3.884691480941136e-6,"pitch":3.23724290078428e-6,"shrubbery":1.942345740470568e-6,"tree_row":1.61862145039214e-6,"garden":1.294897160313712e-6,"wood":9.71172870235284e-7,"sports_centre":3.23724290078428e-7,"golf_course":3.23724290078428e-7,"firepit":3.23724290078428e-7,"building_density":0.003154045758234124,"road_density":0.4497976984786625,"fraction_oneway":0.21982210927573062}