{"grass":0.00013051306423437765,"water":5.800580632639007e-5,"forest":5.6555661168230316e-5,"pitch":2.465246768871578e-5,"scrub":1.740174189791702e-5,"playground":1.1601161265278014e-5,"meadow":5.800580632639007e-6,"garden":4.350435474479255e-6,"allotments":4.350435474479255e-6,"residential":4.350435474479255e-6,"cemetery":2.9002903163195034e-6,"flowerbed":2.9002903163195034e-6,"industrial":2.9002903163195034e-6,"construction":1.4501451581597517e-6,"shrubbery":1.4501451581597517e-6,"sports_centre":1.4501451581597517e-6,"park":1.4501451581597517e-6,"building_density":0.00536988752066556,"road_density":0.7762655210230249,"edge_length":24.409573331384962,"fraction_oneway":0.41411764705882353}