{"grass":8.660175039001002e-5,"pitch":9.992509660385772e-6,"scrub":5.551394255769873e-6,"playground":4.441115404615899e-6,"park":3.330836553461924e-6,"construction":2.2205577023079495e-6,"industrial":2.2205577023079495e-6,"schoolyard":2.2205577023079495e-6,"garden":1.1102788511539747e-6,"education":1.1102788511539747e-6,"residential":1.1102788511539747e-6,"tree_row":1.1102788511539747e-6,"dog_park":1.1102788511539747e-6,"sports_centre":1.1102788511539747e-6,"heath":1.1102788511539747e-6,"building_density":0.006892611107963875,"road_density":0.8109006649440849,"fraction_oneway":0.6635294117647059}