{"grass":0.00014355533717784564,"water":0.00010282568337389873,"forest":7.678541290908022e-5,"grassland":1.0015488640314812e-5,"scrub":8.680090154939503e-6,"playground":8.012390912251849e-6,"pitch":6.676992426876541e-6,"meadow":4.673894698813579e-6,"shrubbery":4.0061954561259245e-6,"tree_row":3.3384962134382705e-6,"residential":3.3384962134382705e-6,"garden":2.6707969707506166e-6,"wood":2.0030977280629622e-6,"commercial":1.3353984853753083e-6,"industrial":6.676992426876541e-7,"retail":6.676992426876541e-7,"golf_course":6.676992426876541e-7,"firepit":6.676992426876541e-7,"sports_centre":6.676992426876541e-7,"construction":6.676992426876541e-7,"recreation_ground":6.676992426876541e-7,"allotments":6.676992426876541e-7,"building_density":0.006505393721505814,"road_density":0.9277326164313853,"edge_length":24.450900298831147,"fraction_oneway":0.21982210927573062}