{"grass":0.00014869832248156012,"garden":4.178299970556235e-5,"scrub":4.178299970556235e-5,"water":1.9662588096735223e-5,"commercial":1.4746941072551418e-5,"retail":1.3518029316505466e-5,"outdoor_seating":1.2289117560459514e-5,"pitch":8.602382292321661e-6,"construction":7.373470536275709e-6,"slipway":6.144558780229757e-6,"residential":6.144558780229757e-6,"flowerbed":6.144558780229757e-6,"meadow":3.6867352681378544e-6,"playground":3.6867352681378544e-6,"park":2.457823512091903e-6,"marina":2.457823512091903e-6,"allotments":2.457823512091903e-6,"railway":1.2289117560459514e-6,"shrubbery":1.2289117560459514e-6,"grassland":1.2289117560459514e-6,"sports_centre":1.2289117560459514e-6,"dog_park":1.2289117560459514e-6,"building_density":0.018614326368828028,"road_density":1.946859663311922,"edge_length":21.578892187380262,"fraction_oneway":0.5447058823529412}