{"shrubbery":8.909781858936435e-5,"water":6.779181849190765e-5,"garden":1.549527279815032e-5,"playground":9.68454549884395e-6,"pitch":3.87381819953758e-6,"park":3.87381819953758e-6,"scrub":1.93690909976879e-6,"heath":1.93690909976879e-6,"outdoor_seating":9.68454549884395e-7,"wetland":9.68454549884395e-7,"building_density":0.0027010197396275777,"road_density":0.3293509062915957,"fraction_oneway":0.23191489361702128}