{"grass":0.0004919913013255262,"water":3.880847415035957e-5,"grassland":2.253395273246685e-5,"shrubbery":2.1282066469552024e-5,"garden":1.3770748892063074e-5,"playground":1.1266976366233424e-5,"wood":1.00150901033186e-5,"construction":5.0075450516593e-6,"forest":3.755658788744475e-6,"wetland":2.50377252582965e-6,"pitch":2.50377252582965e-6,"scrub":1.251886262914825e-6,"sports_hall":1.251886262914825e-6,"education":1.251886262914825e-6,"residential":1.251886262914825e-6,"industrial":1.251886262914825e-6,"retail":1.251886262914825e-6,"building_density":0.0017901973559681997,"road_density":0.2178368736186374,"fraction_oneway":0.13941018766756033}