{"grass":0.00024087965841031197,"grassland":9.21571252493278e-5,"water":5.974323981680561e-5,"wetland":1.2711327620596938e-5,"playground":1.2075761239567091e-5,"scrub":1.0804628477507397e-5,"pitch":8.26236295338801e-6,"greenery":8.26236295338801e-6,"construction":5.084531048238775e-6,"forest":5.084531048238775e-6,"tree_row":5.084531048238775e-6,"wood":4.448964667208928e-6,"park":3.8133982861790815e-6,"garden":2.5422655241193877e-6,"industrial":1.9066991430895408e-6,"shrubbery":1.9066991430895408e-6,"residential":1.9066991430895408e-6,"brownfield":1.2711327620596938e-6,"fitness_station":1.2711327620596938e-6,"meadow":6.355663810298469e-7,"beach":6.355663810298469e-7,"dog_park":6.355663810298469e-7,"education":6.355663810298469e-7,"marina":6.355663810298469e-7,"allotments":6.355663810298469e-7,"sports_centre":6.355663810298469e-7,"swimming_area":6.355663810298469e-7,"swimming_pool":6.355663810298469e-7,"track":6.355663810298469e-7,"building_density":0.0033538837926945023,"road_density":0.5061145363310476,"edge_length":24.799766330205774,"fraction_oneway":0.18253968253968253}