{"forest":0.0003737524042265921,"grass":0.00033257629189654384,"water":6.651525837930876e-5,"pitch":4.434350558620584e-5,"park":1.58369662807878e-5,"wood":1.2669573024630242e-5,"fitness_station":9.50217976847268e-6,"grassland":9.50217976847268e-6,"playground":6.334786512315121e-6,"garden":6.334786512315121e-6,"recreation_ground":6.334786512315121e-6,"horse_riding":3.1673932561575605e-6,"religious":3.1673932561575605e-6,"residential":3.1673932561575605e-6,"retail":3.1673932561575605e-6,"scrub":3.1673932561575605e-6,"static_caravan":3.1673932561575605e-6,"track":3.1673932561575605e-6,"miniature_golf":3.1673932561575605e-6,"commercial":3.1673932561575605e-6,"building_density":0.0005321220670344701,"road_density":0.18140147186221428,"edge_length":26.343852074834274,"fraction_oneway":0.6307692307692307}