{"grass":0.0001103485898053843,"water":2.3646126386868063e-5,"forest":1.8391431634230715e-5,"greenery":1.0509389505274694e-5,"playground":7.882042128956021e-6,"pitch":2.6273473763186734e-6,"residential":2.6273473763186734e-6,"shrubbery":2.6273473763186734e-6,"tree_row":2.6273473763186734e-6,"garden":2.6273473763186734e-6,"park":2.6273473763186734e-6,"building_density":0.016394647628228523,"road_density":2.234122251048343,"edge_length":28.52224833395103,"fraction_oneway":0.7072463768115942}