{"grass":9.967737443341739e-5,"outdoor_seating":2.658063318224464e-5,"residential":1.6612895738902898e-5,"commercial":1.329031659112232e-5,"scrub":9.96773744334174e-6,"park":6.64515829556116e-6,"brownfield":3.32257914778058e-6,"water":3.32257914778058e-6,"construction":3.32257914778058e-6,"garden":3.32257914778058e-6,"playground":3.32257914778058e-6,"shrubbery":3.32257914778058e-6,"swimming_area":3.32257914778058e-6,"building_density":0.007525641769723013,"road_density":0.9746148581395173,"fraction_oneway":0.5309734513274337}