{"grass":0.00017426924386306682,"water":8.34902080864883e-5,"forest":6.559944921081223e-5,"pitch":1.1264551884684929e-5,"playground":9.276689787387588e-6,"scrub":8.614069088288475e-6,"wood":7.288827690090248e-6,"grassland":5.300965592792907e-6,"residential":5.300965592792907e-6,"construction":4.638344893693794e-6,"swimming_pool":3.313103495495567e-6,"tree_row":2.6504827963964535e-6,"meadow":2.6504827963964535e-6,"park":1.3252413981982267e-6,"industrial":1.3252413981982267e-6,"commercial":6.626206990991134e-7,"outdoor_seating":6.626206990991134e-7,"retail":6.626206990991134e-7,"garden":6.626206990991134e-7,"shrubbery":6.626206990991134e-7,"sports_centre":6.626206990991134e-7,"building_density":0.003977049435992879,"road_density":0.4959527846592719,"edge_length":21.010319301791572,"fraction_oneway":0.29780564263322884}