{"grass":8.907764761663064e-5,"water":3.677517562154476e-5,"scrub":2.3699557622773292e-5,"garden":1.9613426998157207e-5,"forest":1.6344522498464337e-5,"tree_row":1.307561799877147e-5,"playground":1.307561799877147e-5,"pitch":1.1441165748925037e-5,"residential":4.086130624616084e-6,"construction":2.451678374769651e-6,"park":1.6344522498464338e-6,"wood":8.172261249232169e-7,"shrubbery":8.172261249232169e-7,"allotments":8.172261249232169e-7,"building_density":0.003907975329382823,"road_density":0.516922597355075,"fraction_oneway":0.1978021978021978}