{"scrub":4.8427213722423184e-5,"water":2.2484063513982194e-5,"fitness_station":1.7295433472293995e-6,"park":1.7295433472293995e-6,"pitch":1.7295433472293995e-6,"playground":1.7295433472293995e-6,"building_density":0.001954383982369221,"road_density":0.3101837411399017,"fraction_oneway":0.047337278106508875}