{"water":4.365013242252215e-5,"grassland":9.353599804826175e-6,"pitch":5.790323688701918e-6,"playground":3.563276116124257e-6,"wood":3.563276116124257e-6,"shrubbery":2.2270475725776606e-6,"tree_row":1.7816380580621286e-6,"sports_centre":1.3362285435465964e-6,"sand":8.908190290310643e-7,"scrub":8.908190290310643e-7,"garden":4.4540951451553215e-7,"park":4.4540951451553215e-7,"marina":4.4540951451553215e-7,"golf_course":4.4540951451553215e-7,"building_density":0.0033775403485712804,"road_density":0.3561518635299858,"fraction_oneway":0.10657193605683836}