{"grass":0.00030996140374190203,"forest":6.989325770650733e-5,"water":4.4063140728015485e-5,"pitch":2.2791279686904563e-5,"playground":6.07767458317455e-6,"sports_centre":4.558255937380912e-6,"shrubbery":3.038837291587275e-6,"farmland":3.038837291587275e-6,"grassland":1.5194186457936375e-6,"flowerbed":1.5194186457936375e-6,"marina":1.5194186457936375e-6,"residential":1.5194186457936375e-6,"tree_row":1.5194186457936375e-6,"building_density":0.0037605611483392527,"road_density":0.5319493816171381,"edge_length":22.26253347098634,"fraction_oneway":0.16237113402061856}