{"grass":0.0003015258744590585,"forest":0.00021611511173675007,"water":0.0001087046071011198,"pitch":4.270538136115421e-5,"garden":3.1058459171748516e-5,"shrubbery":2.8470254240769473e-5,"playground":2.4587946844300908e-5,"scrub":1.81174345168533e-5,"park":3.8823073964685645e-6,"allotments":3.8823073964685645e-6,"flowerbed":2.588204930979043e-6,"residential":2.588204930979043e-6,"retail":2.588204930979043e-6,"tree_row":2.588204930979043e-6,"ice_rink":1.2941024654895215e-6,"sports_centre":1.2941024654895215e-6,"outdoor_seating":1.2941024654895215e-6,"recreation_ground":1.2941024654895215e-6,"building_density":0.009919295397977182,"road_density":1.2441783559109674,"edge_length":21.961802462326524,"fraction_oneway":0.3831258644536653}