{"grass":0.0001430286962041702,"water":2.9447084512623277e-5,"forest":2.5240358153677094e-5,"park":1.2620179076838547e-5,"recreation_ground":1.2620179076838547e-5,"playground":8.413452717892365e-6,"pitch":4.206726358946182e-6,"building_density":0.008388212359738688,"road_density":1.3754489385576034,"edge_length":25.802099491076977,"fraction_oneway":0.2712765957446808}