{"garden":4.9500578310188166e-5,"water":2.922323297830386e-5,"grassland":1.0735065175703459e-5,"playground":8.945887646419548e-6,"tree_row":7.753102626896942e-6,"pitch":3.5783550585678193e-6,"scrub":2.981962548806516e-6,"wood":1.1927850195226064e-6,"swimming_pool":5.963925097613032e-7,"building_density":0.0028769974670885268,"road_density":0.37601607753032495,"fraction_oneway":0.2440828402366864}