{"grass":0.0007113337573412206,"forest":0.000195832775300417,"scrub":0.00015551426273856646,"water":0.00013535500645764118,"playground":3.455872505301477e-5,"pitch":2.879893754417897e-5,"construction":2.0159256280925282e-5,"shrubbery":2.0159256280925282e-5,"tree_row":1.7279362526507384e-5,"wetland":1.1519575017671588e-5,"residential":1.1519575017671588e-5,"industrial":1.1519575017671588e-5,"allotments":5.759787508835794e-6,"garden":5.759787508835794e-6,"sports_centre":2.879893754417897e-6,"retail":2.879893754417897e-6,"railway":2.879893754417897e-6,"park":2.879893754417897e-6,"building_density":0.025366104188912837,"road_density":2.5378319977094237,"edge_length":20.51696526181042,"fraction_oneway":0.3486238532110092}