{"grass":0.00010984861908233766,"water":6.574880850183714e-5,"forest":3.4478033726573134e-5,"tree_row":2.886533056178216e-5,"pitch":1.2027221067409233e-5,"playground":1.2027221067409233e-5,"meadow":8.018147378272821e-6,"garden":4.810888426963693e-6,"scrub":3.2072589513091285e-6,"park":3.2072589513091285e-6,"swimming_pool":2.4054442134818466e-6,"wood":1.6036294756545643e-6,"grassland":1.6036294756545643e-6,"residential":1.6036294756545643e-6,"allotments":8.018147378272821e-7,"retail":8.018147378272821e-7,"orchard":8.018147378272821e-7,"sports_centre":8.018147378272821e-7,"industrial":8.018147378272821e-7,"construction":8.018147378272821e-7,"commercial":8.018147378272821e-7,"railway":8.018147378272821e-7,"building_density":0.0060665303064012166,"road_density":0.7594503384077894,"edge_length":21.93728817587957,"fraction_oneway":0.30268199233716475}