{"grass":8.297634608413725e-5,"water":3.9928467288607394e-5,"forest":1.5597057534612264e-5,"farmland":4.991058411075924e-6,"garden":4.367176109691434e-6,"pitch":3.119411506922453e-6,"orchard":2.495529205537962e-6,"playground":1.247764602768981e-6,"construction":1.247764602768981e-6,"cemetery":1.247764602768981e-6,"sports_centre":6.238823013844905e-7,"residential":6.238823013844905e-7,"allotments":6.238823013844905e-7,"retail":6.238823013844905e-7,"building_density":0.0019390261927029967,"road_density":0.33132123861480645,"fraction_oneway":0.11413043478260869}