{"grass":0.00019786129061680563,"scrub":7.194956022429295e-5,"playground":2.3126644357808452e-5,"water":2.3126644357808452e-5,"commercial":1.2848135754338028e-5,"forest":7.708881452602817e-6,"pitch":5.139254301735211e-6,"residential":5.139254301735211e-6,"recreation_ground":2.5696271508676056e-6,"park":2.5696271508676056e-6,"garden":2.5696271508676056e-6,"shrubbery":2.5696271508676056e-6,"grassland":2.5696271508676056e-6,"building_density":0.004216758154573741,"road_density":0.6692926387167123,"edge_length":22.238980409775433,"fraction_oneway":0.36982968369829683}