{"grass":0.00012654618051827682,"forest":5.2727575215948676e-5,"pitch":4.218206017275894e-5,"greenery":4.218206017275894e-5,"park":1.0545515043189734e-5,"playground":1.0545515043189734e-5,"residential":1.0545515043189734e-5,"shrubbery":1.0545515043189734e-5,"water":1.0545515043189734e-5,"building_density":0.04219260568780213,"road_density":7.203469063835152,"edge_length":33.95216784572539,"fraction_oneway":0.6515151515151515}