{"grass":8.094450499572109e-5,"shrubbery":3.5193263041617866e-5,"playground":1.7596631520808933e-5,"residential":1.4077305216647147e-5,"park":7.0386526083235734e-6,"pitch":7.0386526083235734e-6,"commercial":5.2789894562426805e-6,"forest":5.2789894562426805e-6,"retail":3.5193263041617867e-6,"static_caravan":3.5193263041617867e-6,"tree_row":3.5193263041617867e-6,"industrial":3.5193263041617867e-6,"water":1.7596631520808934e-6,"construction":1.7596631520808934e-6,"recreation_ground":1.7596631520808934e-6,"religious":1.7596631520808934e-6,"sports_centre":1.7596631520808934e-6,"brownfield":1.7596631520808934e-6,"building_density":0.012190946317616429,"road_density":1.3053722844510431,"edge_length":22.2358005400267,"fraction_oneway":0.5772357723577236}