{"water":6.04108108055816e-5,"grassland":2.37328185307642e-5,"shrubbery":1.0787644786711001e-5,"playground":8.6301158293688e-6,"wood":8.6301158293688e-6,"pitch":4.3150579146844e-6,"scrub":2.1575289573422e-6,"tree_row":2.1575289573422e-6,"building_density":0.0010377714284815983,"road_density":0.20735660376471657,"fraction_oneway":0.3480825958702065}