{"grass":0.00013822315157561855,"water":9.014553363627297e-5,"forest":4.2926444588701413e-5,"pitch":2.489733786144682e-5,"playground":1.2877933376610424e-5,"wood":1.1160875593062368e-5,"residential":8.585288917740282e-6,"tree_row":7.726760025966255e-6,"sports_centre":4.292644458870141e-6,"garden":3.4341155670961134e-6,"scrub":2.575586675322085e-6,"grassland":2.575586675322085e-6,"meadow":2.575586675322085e-6,"park":2.575586675322085e-6,"education":1.7170577835480567e-6,"shrubbery":1.7170577835480567e-6,"plant_nursery":8.585288917740283e-7,"commercial":8.585288917740283e-7,"horse_riding":8.585288917740283e-7,"allotments":8.585288917740283e-7,"sand":8.585288917740283e-7,"static_caravan":8.585288917740283e-7,"building_density":0.004423999379311568,"road_density":0.6266513559477881,"edge_length":24.455152942510395,"fraction_oneway":0.16829268292682928}