{"grass":0.00013776366429963348,"forest":3.739299459561481e-5,"water":2.676551192107165e-5,"pitch":1.2595535021680776e-5,"tree_row":1.1808314082825728e-5,"playground":7.872209388550485e-6,"shrubbery":7.084988449695437e-6,"construction":5.5105465719853395e-6,"scrub":4.723325633130291e-6,"park":3.5424942248477184e-6,"flowerbed":3.148883755420194e-6,"grassland":2.7552732859926698e-6,"recreation_ground":2.7552732859926698e-6,"garden":2.3616628165651454e-6,"residential":1.968052347137621e-6,"industrial":1.574441877710097e-6,"wood":1.1808314082825727e-6,"outdoor_seating":1.1808314082825727e-6,"greenhouse_horticulture":7.872209388550485e-7,"meadow":7.872209388550485e-7,"cemetery":7.872209388550485e-7,"allotments":7.872209388550485e-7,"education":3.9361046942752426e-7,"sports_centre":3.9361046942752426e-7,"sand":3.9361046942752426e-7,"plant_nursery":3.9361046942752426e-7,"sports_hall":3.9361046942752426e-7,"building_density":0.003227212238836271,"road_density":0.3958578164600147,"fraction_oneway":0.3252885624344176}