{"grass":0.00010150095687502399,"forest":3.657692139640504e-5,"water":2.10317298029329e-5,"pitch":1.0058653384011386e-5,"scrub":4.57211517455063e-6,"playground":4.57211517455063e-6,"heath":3.657692139640504e-6,"residential":1.828846069820252e-6,"park":1.828846069820252e-6,"retail":9.14423034910126e-7,"industrial":9.14423034910126e-7,"sports_centre":9.14423034910126e-7,"swimming_pool":9.14423034910126e-7,"building_density":0.004044493083407487,"road_density":0.5943964825985226,"fraction_oneway":0.45931758530183725}