{"grass":0.00011524221942459879,"water":6.755578380062687e-5,"forest":1.1921608905992978e-5,"greenery":5.960804452996489e-6,"construction":5.960804452996489e-6,"pitch":3.973869635330993e-6,"dog_park":3.973869635330993e-6,"cemetery":3.973869635330993e-6,"swimming_pool":3.973869635330993e-6,"retail":1.9869348176654964e-6,"sports_centre":1.9869348176654964e-6,"allotments":1.9869348176654964e-6,"wood":1.9869348176654964e-6,"farmland":1.9869348176654964e-6,"fitness_station":1.9869348176654964e-6,"orchard":1.9869348176654964e-6,"park":1.9869348176654964e-6,"playground":1.9869348176654964e-6,"recreation_ground":1.9869348176654964e-6,"religious":1.9869348176654964e-6,"residential":1.9869348176654964e-6,"building_density":0.005138213438482973,"road_density":0.6713236282044915,"edge_length":22.248714208964742,"fraction_oneway":0.2}