{"grass":7.845821209147595e-5,"grassland":1.7716370472268763e-5,"scrub":1.5185460404801795e-5,"water":1.265455033733483e-5,"playground":1.265455033733483e-5,"tree_row":5.061820134933932e-6,"residential":2.530910067466966e-6,"pitch":2.530910067466966e-6,"park":2.530910067466966e-6,"building_density":0.003500248623306814,"road_density":0.5426674822875021,"fraction_oneway":0.2441860465116279}