{"shrubbery":2.5017738051081386e-5,"playground":1.1965005154865011e-5,"pitch":6.5263664481081874e-6,"park":6.5263664481081874e-6,"water":5.4386387067568234e-6,"tree_row":2.1754554827027293e-6,"scrub":1.0877277413513646e-6,"garden":1.0877277413513646e-6,"building_density":0.00980369013279985,"road_density":1.1658286483228146,"fraction_oneway":0.7556390977443609}