{"grass":0.000628183387492105,"shrubbery":0.00025127335499684197,"playground":8.375778499894733e-5,"construction":4.1878892499473667e-5,"pitch":4.1878892499473667e-5,"scrub":1.3959630833157888e-5,"water":6.979815416578944e-6,"garden":6.979815416578944e-6,"residential":6.979815416578944e-6,"fitness_station":6.979815416578944e-6,"park":6.979815416578944e-6,"building_density":0.0248621025138542,"road_density":2.7260847719143397,"edge_length":21.045742319875515,"fraction_oneway":0.631768953068592}