{"playground":2.2692403901982737e-5,"water":1.7353014748575033e-5,"pitch":8.009083730111554e-6,"scrub":7.341660085935591e-6,"tree_row":7.341660085935591e-6,"shrubbery":4.004541865055777e-6,"sports_centre":3.337118220879814e-6,"park":1.3348472883519258e-6,"garden":6.674236441759629e-7,"outdoor_seating":6.674236441759629e-7,"building_density":0.006852438554754611,"road_density":0.9981452088592633,"fraction_oneway":0.47578947368421054}