{"grass":9.335965557364727e-5,"playground":3.500987084011773e-5,"garden":3.500987084011773e-5,"pitch":3.111988519121576e-5,"water":1.166995694670591e-5,"scrub":1.166995694670591e-5,"meadow":7.77997129780394e-6,"construction":7.77997129780394e-6,"residential":3.88998564890197e-6,"commercial":3.88998564890197e-6,"sports_centre":3.88998564890197e-6,"park":3.88998564890197e-6,"building_density":0.02268639630439629,"road_density":2.4805154804500793,"edge_length":24.35795868557799,"fraction_oneway":0.7585227272727273}