{"grass":0.00038468825490011897,"playground":3.5431812951326747e-5,"pitch":3.5431812951326747e-5,"education":2.530843782237625e-5,"water":2.0246750257900998e-5,"scrub":2.0246750257900998e-5,"tree_row":2.0246750257900998e-5,"grassland":1.0123375128950499e-5,"forest":1.0123375128950499e-5,"residential":5.061687564475249e-6,"stadium":5.061687564475249e-6,"park":5.061687564475249e-6,"allotments":5.061687564475249e-6,"commercial":5.061687564475249e-6,"building_density":0.022509324599221434,"road_density":2.8148959185282814,"edge_length":24.790178301954242,"fraction_oneway":0.6160337552742616}