{"grass":0.0004161043375702069,"forest":0.00012121300268349506,"water":4.703788163837122e-5,"tree_row":1.8091492937835082e-5,"pitch":1.4473194350268067e-5,"playground":1.2664045056484559e-5,"scrub":1.2664045056484559e-5,"wood":3.6182985875670168e-6,"construction":3.6182985875670168e-6,"greenery":3.6182985875670168e-6,"industrial":3.6182985875670168e-6,"railway":1.8091492937835084e-6,"residential":1.8091492937835084e-6,"grassland":1.8091492937835084e-6,"sports_centre":1.8091492937835084e-6,"education":1.8091492937835084e-6,"commercial":1.8091492937835084e-6,"allotments":1.8091492937835084e-6,"building_density":0.012119491119055721,"road_density":1.6278052208933826,"edge_length":22.57081057216715,"fraction_oneway":0.34392523364485983}