{"water":1.8681294952781657e-5,"pitch":7.939550354932205e-6,"scrub":5.604388485834497e-6,"playground":3.7362589905563315e-6,"garden":1.4010971214586244e-6,"shrubbery":4.6703237381954143e-7,"sports_centre":4.6703237381954143e-7,"park":4.6703237381954143e-7,"building_density":0.001729420880253762,"road_density":0.25000333722295404,"fraction_oneway":0.41411764705882353}