{"grass":0.00022446201400301718,"water":0.00010801179621197819,"forest":4.2192107895303984e-5,"farmland":1.3501474526497274e-5,"garden":1.1813790210685115e-5,"pitch":8.438421579060796e-6,"orchard":6.750737263248637e-6,"playground":3.3753686316243185e-6,"construction":3.3753686316243185e-6,"cemetery":3.3753686316243185e-6,"sports_centre":1.6876843158121592e-6,"residential":1.6876843158121592e-6,"allotments":1.6876843158121592e-6,"retail":1.6876843158121592e-6,"building_density":0.005245322853544191,"road_density":0.8962678644109512,"edge_length":26.805153060252977,"fraction_oneway":0.11413043478260869}