{"shrubbery":2.5145698746413422e-5,"playground":1.2572849373206711e-5,"pitch":5.0291397492826845e-6,"park":5.0291397492826845e-6,"tree_row":2.5145698746413422e-6,"sports_centre":1.2572849373206711e-6,"water":1.2572849373206711e-6,"building_density":0.00871047004575761,"road_density":0.9326926627379434,"fraction_oneway":0.5772357723577236}